State,County,Good Days,Moderate Days,Unhealthy for Sensitive Groups Days,Unhealthy Days,Very Unhealthy Days,Hazardous Days,COVID Deaths (Normalized by Population),COVID Cases (Normalized by Population),Class
Alabama,Baldwin,0.876604492,0.120956434,0.002439073,0.0,0.0,0.0,4.031643925208526e-05,0.0030730085918811646,2.0
Alabama,Colbert,0.915972142,0.083436841,0.000591017,0.0,0.0,0.0,9.051248167122246e-05,0.0066617186510019724,2.0
Alabama,DeKalb,0.889765692,0.109296244,0.000938064,0.0,0.0,0.0,6.991735768321844e-05,0.0084180498650595,2.0
Alabama,Etowah,0.687626755,0.30489566,0.003709902,0.003767684,0.0,0.0,0.00012711698674072047,0.006111393593303868,3.0
Alabama,Houston,0.910648631,0.088758249,0.00059312,0.0,0.0,0.0,4.722237963015432e-05,0.0040989025518973965,2.0
Alabama,Jefferson,0.469168101,0.5089253189999999,0.020994585,0.000911994,0.0,0.0,0.0002156177067690294,0.006661372391519239,3.0
Alabama,Madison,0.8158949940000001,0.183147885,0.000957122,0.0,0.0,0.0,1.877133563416276e-05,0.0028344716807585765,2.0
Alabama,Mobile,0.7707699440000001,0.221599095,0.007630960999999999,0.0,0.0,0.0,0.0003242903124319353,0.008947024515379591,2.0
Alabama,Montgomery,0.631961256,0.36475451,0.002343402,0.000459137,0.000481696,0.0,0.000437113110744152,0.016950275072189894,4.0
Alabama,Morgan,0.840943915,0.158142843,0.000913242,0.0,0.0,0.0,2.5067054370440932e-05,0.008196926779134184,2.0
Alabama,Russell,0.721448285,0.27697574,0.001575974,0.0,0.0,0.0,0.0,0.008350442538948604,2.0
Alabama,Shelby,0.8690726559999999,0.120734418,0.010192926,0.0,0.0,0.0,0.00010564900643999596,0.004970096737742419,2.0
Alabama,Sumter,0.909249092,0.090220122,0.000530786,0.0,0.0,0.0,0.0009656393337088596,0.02220970467530377,2.0
Alabama,Tuscaloosa,0.7098979879999999,0.289104988,0.000997024,0.0,0.0,0.0,0.0001815098755702037,0.0097872035537723,2.0
Arizona,Apache,0.99539294,0.00460706,0.0,0.0,0.0,0.0,0.0012519648893402145,0.033121426683545015,1.0
Arizona,Cochise,0.723393717,0.272499189,0.004107094,0.0,0.0,0.0,9.5297088673941e-05,0.00521751560489827,2.0
Arizona,Coconino,0.734146044,0.259866721,0.005987235,0.0,0.0,0.0,0.0006551618389138253,0.013528394992890795,2.0
Arizona,Gila,0.267018489,0.41489882,0.266518202,0.051564488,0.0,0.0,0.00011107408641563924,0.005720315450405421,3.0
Arizona,La Paz,0.771647497,0.22234007100000006,0.006012432,0.0,0.0,0.0,0.00023687701345461435,0.01634451392836839,2.0
Arizona,Maricopa,0.162483469,0.7119919159999999,0.118219927,0.005022831,0.002281857,0.0,0.00018214595129903283,0.011652436096199816,4.0
Arizona,Mohave,0.969516927,0.030023937,0.000459137,0.0,0.0,0.0,0.00041002728802296153,0.00538219727496807,2.0
Arizona,Navajo,0.787495713,0.209759529,0.002744758,0.0,0.0,0.0,0.0011719736035483755,0.03338321733799718,2.0
Arizona,Pima,0.562762931,0.424456671,0.012780398,0.0,0.0,0.0,0.00026735950973904763,0.0080083721720764,2.0
Arizona,Pinal,0.234151758,0.611576465,0.11318462,0.018258602,0.005021583,0.017806972,0.00015341764821549342,0.008161386722674913,5.0
Arizona,Santa Cruz,0.764727374,0.227956606,0.004573778,0.002742242,0.0,0.0,0.00047313862961847824,0.03875435502602263,3.0
Arizona,Yavapai,0.770022815,0.223498155,0.00647903,0.0,0.0,0.0,4.253527237461665e-05,0.0033220047724575605,2.0
Arizona,Yuma,0.6636424879999999,0.30075854,0.030578636,0.002738478,0.001826484,0.000455373,0.00045840018336007336,0.030394738688507717,5.0
Arkansas,Clark,0.966994777,0.033005223,0.0,0.0,0.0,0.0,0.0,0.0025537634408602148,1.0
Arkansas,Crittenden,0.820156199,0.17573795399999995,0.003650473,0.000455373,0.0,0.0,0.0002710874778438119,0.015618809300385778,3.0
Arkansas,Newton,0.939710864,0.060289135999999986,0.0,0.0,0.0,0.0,0.0,0.000773893976525216,1.0
Arkansas,Polk,0.8697357240000001,0.129340915,0.000923361,0.0,0.0,0.0,5.009016229212583e-05,0.0037567621719094366,2.0
Arkansas,Pulaski,0.667259276,0.330000998,0.002739726,0.0,0.0,0.0,0.0001505443838014243,0.005307327428931569,2.0
Arkansas,Union,0.846536429,0.151638335,0.0013698629999999998,0.000455373,0.0,0.0,0.0003360736259759061,0.00643710252830774,3.0
Arkansas,Washington,0.816016668,0.183983332,0.0,0.0,0.0,0.0,0.00012542487677005856,0.01519313340607976,1.0
California,Alameda,0.603811413,0.361504105,0.026011178,0.007303441,0.0013698629999999998,0.0,8.137236893514084e-05,0.0036832963467994632,4.0
California,Amador,0.800557663,0.18333210000000005,0.016110237,0.0,0.0,0.0,0.0,0.0006037432078889113,2.0
California,Butte,0.474675001,0.474203408,0.040162687,0.007762557,0.0013698629999999998,0.001826484,9.124670371282837e-06,0.0008622813500862281,5.0
California,Calaveras,0.625160782,0.33671681,0.032607052000000004,0.004602114,0.000456621,0.000456621,0.0,0.0008713647750789674,5.0
California,Colusa,0.710619557,0.27020236,0.009589041,0.00913242,0.000456621,0.0,0.0,0.0027382002134867965,4.0
California,Contra Costa,0.6813770990000001,0.29442573,0.016434613,0.006849315,0.000913242,0.0,6.675185474796407e-05,0.002815714600277757,4.0
California,El Dorado,0.64673103,0.26781718,0.073137994,0.011857175,0.000456621,0.0,0.0,0.0010267419610771457,4.0
California,Fresno,0.251483394,0.467825686,0.221361379,0.05841629900000001,0.000913242,0.0,7.506748566961698e-05,0.00529375908942139,4.0
California,Glenn,0.7635453529999999,0.22545549,0.007785199,0.002754821,0.000459137,0.0,0.0,0.004050294086570635,4.0
California,Humboldt,0.8451700109999999,0.145687533,0.006855587,0.002286868,0.0,0.0,2.950766461588397e-05,0.0009811298484781422,3.0
California,Imperial,0.260142975,0.623931432,0.100407965,0.010041919,0.0031950990000000003,0.00228061,0.0005352757773914963,0.035995916452832274,5.0
California,Inyo,0.5996955860000001,0.339602515,0.036967587,0.012780398,0.002281857,0.008672056,5.543544542380398e-05,0.0017739342535617274,5.0
California,Kern,0.185300796,0.46689872,0.281607905,0.064366095,0.000913242,0.000913242,8.442549561098509e-05,0.005296588987804959,5.0
California,Kings,0.272496694,0.549056816,0.14557352099999998,0.031959728,0.0,0.000913242,0.00022230940238001832,0.016372433634104882,5.0
California,Lake,0.97082984,0.026389652000000003,0.001386395,0.000927259,0.000466853,0.0,0.0,0.0012269748081881154,4.0
California,Los Angeles,0.100416698,0.599256431,0.217250543,0.075318761,0.007757567,0.0,0.00033917359382662217,0.010525338558499277,4.0
California,Madera,0.369709559,0.5079783920000001,0.107247299,0.01506475,0.0,0.0,3.1780940334462616e-05,0.003438697744188855,3.0
California,Marin,0.8249820729999999,0.163597377,0.005484477,0.005479451999999999,0.000456621,0.0,7.340839019263908e-05,0.009249457164272524,4.0
California,Mariposa,0.571872895,0.358745665,0.046095017,0.018720214,0.004109589,0.000456621,5.8129396035575196e-05,0.00156949369296053,5.0
California,Mendocino,0.8353481140000001,0.149557049,0.01006197,0.004117116,0.000457875,0.000457875,0.0,0.000979838384304142,5.0
California,Merced,0.454986281,0.444485355,0.091392168,0.009136197,0.0,0.0,3.9613944108326126e-05,0.004073033707865169,3.0
California,Mono,0.830658482,0.108652095,0.014151508,0.01140804,0.004109589,0.031020286,6.923289947382996e-05,0.002907781777900859,5.0
California,Monterey,0.888179005,0.102245677,0.005019088,0.004556229,0.0,0.0,3.455735484183099e-05,0.0038957658025024133,3.0
California,Napa,0.722095233,0.264625111,0.006411525,0.005952381,0.000915751,0.0,2.9039377395748632e-05,0.0024175281681960733,4.0
California,Nevada,0.633940123,0.263698285,0.08590432199999999,0.016457269,0.0,0.0,1.0024560172422433e-05,0.001172873540173425,3.0
California,Orange,0.420360805,0.523493525,0.050668713,0.005476956999999999,0.0,0.0,0.00010863773942813094,0.004538538372109134,3.0
California,Placer,0.528511366,0.388427277,0.067999102,0.01277915,0.002283105,0.0,2.761536317968313e-05,0.0018175929947355073,4.0
California,Riverside,0.129625471,0.488800309,0.277974898,0.092647903,0.008670809,0.00228061,0.00018740796568855633,0.007302434360663594,5.0
California,Sacramento,0.479218754,0.434531028,0.07484342599999999,0.009123687,0.001826484,0.000456621,4.381279565583245e-05,0.002188706865336218,5.0
California,San Benito,0.8375190259999999,0.15244155,0.010039424,0.0,0.0,0.0,3.1843077314991716e-05,0.003805247739141511,2.0
California,San Bernardino,0.104987898,0.515732215,0.224103601,0.129620481,0.025555805,0.0,0.00011834400952256448,0.0058465610285837475,4.0
California,San Diego,0.22457145,0.664065424,0.105429548,0.005933578,0.0,0.0,0.00011083386004379436,0.004380333879514608,3.0
California,San Francisco,0.815525114,0.174429224,0.00456621,0.005022831,0.000456621,0.0,5.671834464108064e-05,0.004138170425013243,4.0
California,San Joaquin,0.456905457,0.463218305,0.070745066,0.007761309,0.000913242,0.000456621,7.085238037756447e-05,0.00513548549625532,5.0
California,San Luis Obispo,0.480601093,0.497492327,0.021451206,0.000455373,0.0,0.0,7.064366979735864e-06,0.002267661800495212,3.0
California,San Mateo,0.851036178,0.13846028400000002,0.004567464,0.005936073,0.0,0.0,0.00014088677790634422,0.0043192233485917185,3.0
California,Santa Barbara,0.689172094,0.292578037,0.010947676000000002,0.005933578,0.000913242,0.000455373,6.494975352688361e-05,0.006486016765994996,5.0
California,Santa Clara,0.6987474109999999,0.278879407,0.015523867,0.006849315,0.0,0.0,8.195649873538009e-05,0.0023715513431528967,3.0
California,Santa Cruz,0.89363101,0.094496844,0.009589041,0.002283105,0.0,0.0,1.0980443829539591e-05,0.0014603990293287654,3.0
California,Shasta,0.76805488,0.200912358,0.026923173,0.004109589,0.0,0.0,2.221235006663705e-05,0.0007163482896490449,3.0
California,Siskiyou,0.894171837,0.080013982,0.012283021000000002,0.013531161000000002,0.0,0.0,0.0,0.0007120053285560072,3.0
California,Solano,0.71883125,0.26518951,0.008216683,0.007305936,0.000456621,0.0,5.5848075363626816e-05,0.003131960066392192,4.0
California,Sonoma,0.89682611,0.094498091,0.002283105,0.005479451999999999,0.000913242,0.0,1.4160409114448472e-05,0.0023971549715173486,4.0
California,Stanislaus,0.424474137,0.446355765,0.111822242,0.016891233999999998,0.000456621,0.0,7.990411506192568e-05,0.0041949660407510974,4.0
California,Sutter,0.5089253189999999,0.445909125,0.038772862000000005,0.003652968,0.002283105,0.000456621,4.1249445710573264e-05,0.0020315352012457333,5.0
California,Tehama,0.667592748,0.279928164,0.041981788,0.0104973,0.0,0.0,1.5364759387867984e-05,0.0012599102698051749,3.0
California,Tulare,0.225014347,0.466921177,0.249187813,0.058420041,0.000456621,0.0,0.00027456321925374577,0.009272943725265178,4.0
California,Tuolumne,0.687752205,0.255541994,0.052931206,0.003774596,0.0,0.0,0.0,0.0005506810088476082,3.0
California,Ventura,0.486085535,0.4700900770000001,0.037431694,0.004109589,0.0013698629999999998,0.000913242,5.4373136833544925e-05,0.0036595485138403282,5.0
California,Yolo,0.742556828,0.24329291100000006,0.009584051,0.003652968,0.000913242,0.0,0.00018140589569161,0.002517006802721089,4.0
Colorado,Adams,0.6383667479999999,0.35478142100000004,0.006851831,0.0,0.0,0.0,0.0003014953007318992,0.008167430390339781,2.0
Colorado,Arapahoe,0.676205657,0.306895478,0.016442243999999998,0.000456621,0.0,0.0,0.0005239190362326566,0.007971489057098036,3.0
Colorado,Archuleta,0.94271974,0.056361987,0.000918274,0.0,0.0,0.0,0.0,0.0006415282628840259,2.0
Colorado,Boulder,0.713593173,0.260125423,0.025820999,0.000460405,0.0,0.0,0.0002207261891623441,0.00429496376411728,3.0
Colorado,Clear Creek,0.613547144,0.35121388,0.032984858,0.002254119,0.0,0.0,0.00010309278350515464,0.001958762886597938,3.0
Colorado,Denver,0.486095516,0.499754223,0.013237019,0.000913242,0.0,0.0,0.0005239194676648182,0.009830709381458752,3.0
Colorado,Douglas,0.646055595,0.312134786,0.03813396,0.003675659,0.0,0.0,0.00014808317718152151,0.002745234284672822,3.0
Colorado,El Paso,0.696475535,0.296221025,0.007303441,0.0,0.0,0.0,0.00016796154374704161,0.0033745001061905627,2.0
Colorado,Garfield,0.72980762,0.256494997,0.013240762,0.000456621,0.0,0.0,3.3299478863155794e-05,0.004994921829473369,3.0
Colorado,Gunnison,0.77676122,0.218661126,0.004121033,0.000456621,0.0,0.0,0.0003436032527774596,0.010766235253693735,3.0
Colorado,Jefferson,0.638050503,0.300787235,0.057969658,0.0031926040000000004,0.0,0.0,0.00036199498696989614,0.004651035116944968,3.0
Colorado,La Plata,0.720234798,0.263793448,0.011405543999999998,0.004109589,0.000456621,0.0,1.7786947937603388e-05,0.0020632859607619927,4.0
Colorado,Larimer,0.541316715,0.418053996,0.03789081,0.002738478,0.0,0.0,8.125548124259244e-05,0.0020930291202833295,3.0
Colorado,Mesa,0.688166015,0.306812401,0.005021583,0.0,0.0,0.0,0.0,0.0006225277219376174,2.0
Colorado,Montezuma,0.768286425,0.229399944,0.002313631,0.0,0.0,0.0,0.00011457816140243668,0.0027498758736584808,2.0
Colorado,Prowers,0.970935175,0.022519273,0.002337038,0.002793296,0.001415217,0.0,0.0,0.0017252711140322053,4.0
Colorado,Rio Blanco,0.809637697,0.189449061,0.000913242,0.0,0.0,0.0,0.0,0.0006325110689437065,2.0
Colorado,Routt,0.980493218,0.019038617,0.000468165,0.0,0.0,0.0,0.00023402761525860048,0.002925345190732507,2.0
Colorado,Weld,0.628003593,0.355105173,0.016434613,0.000456621,0.0,0.0,0.0004221983900989855,0.008699752228098073,3.0
Connecticut,Fairfield,0.655429548,0.287521521,0.043815655,0.013233276,0.0,0.0,0.0014586593055255204,0.017721226461097472,3.0
Connecticut,Hartford,0.7348254609999999,0.249201537,0.015517629,0.000455373,0.0,0.0,0.001539720988651146,0.013110617682680662,3.0
Connecticut,Litchfield,0.869292583,0.12020002,0.010052024,0.000455373,0.0,0.0,0.000759705655648162,0.008262492167268331,3.0
Connecticut,New Haven,0.7129226240000001,0.251478404,0.029210021,0.006388951,0.0,0.0,0.0012576673838295565,0.014469609491352512,3.0
Connecticut,New London,0.860248644,0.118831158,0.019031237,0.00188896,0.0,0.0,0.00038460668310671693,0.00485660203766129,3.0
Connecticut,Windham,0.931773324,0.059354981,0.008406146,0.000465549,0.0,0.0,0.00012844445205596752,0.0052405336438834755,3.0
Delaware,Kent,0.817347925,0.179903526,0.0027485490000000003,0.0,0.0,0.0,0.0004978261591052403,0.009397851603553373,2.0
Delaware,New Castle,0.643538688,0.332729496,0.02190658,0.001825236,0.0,0.0,0.0004366866934047781,0.009089884081159296,3.0
Delaware,Sussex,0.784569703,0.209954587,0.0054757090000000005,0.0,0.0,0.0,0.0007514142384459387,0.02002348169495144,2.0
Florida,Alachua,0.904031665,0.095505372,0.0004629630000000001,0.0,0.0,0.0,4.460253565415194e-05,0.004627513074118263,2.0
Florida,Baker,0.952716091,0.047283909000000006,0.0,0.0,0.0,0.0,0.00013693940431359124,0.0024649092776446425,1.0
Florida,Bay,0.8518502659999999,0.147635331,0.0005144030000000001,0.0,0.0,0.0,2.8619673163332478e-05,0.00233536533012793,2.0
Florida,Brevard,0.905081337,0.094462042,0.000456621,0.0,0.0,0.0,2.8241923640483635e-05,0.003259450246036993,2.0
Florida,Broward,0.825244258,0.171051612,0.00370413,0.0,0.0,0.0,0.00019715502735077924,0.00827282978403075,2.0
Florida,Citrus,0.879896969,0.108230986,0.011872046,0.0,0.0,0.0,8.68652986495787e-05,0.0021582685741395324,2.0
Florida,Collier,0.897647786,0.102352214,0.0,0.0,0.0,0.0,0.0002104431777439452,0.011369127726018571,1.0
Florida,Columbia,0.852259193,0.147276554,0.000464253,0.0,0.0,0.0,4.1849175571241246e-05,0.004129118656362471,2.0
Florida,Duval,0.7566269179999999,0.237888571,0.005027891,0.000456621,0.0,0.0,6.995525995687832e-05,0.006765822157023456,3.0
Florida,Escambia,0.8238091670000001,0.172537865,0.003652968,0.0,0.0,0.0,0.00014136895412106208,0.006427575114037623,2.0
Florida,Flagler,0.961944006,0.038055994,0.0,0.0,0.0,0.0,4.344765860567774e-05,0.002806718745926782,1.0
Florida,Hamilton,0.871240127,0.128759873,0.0,0.0,0.0,0.0,0.00013861935126143607,0.02391183809259773,1.0
Florida,Highlands,0.955981146,0.043544021,0.000474834,0.0,0.0,0.0,0.00010355767691887669,0.0035115466809764553,2.0
Florida,Hillsborough,0.70133597,0.28403427600000003,0.014174381000000003,0.000455373,0.0,0.0,9.511076327746256e-05,0.007788892149829344,3.0
Florida,Holmes,0.8405333209999999,0.159466679,0.0,0.0,0.0,0.0,0.0,0.009226691135239842,1.0
Florida,Indian River,0.930053636,0.068448768,0.001497596,0.0,0.0,0.0,0.00010004814817130743,0.004620973843662263,2.0
Florida,Lake,0.917441014,0.07926174400000001,0.003297242,0.0,0.0,0.0,5.9926236251014664e-05,0.003840726959724122,2.0
Florida,Lee,0.881691958,0.116939427,0.001368615,0.0,0.0,0.0,0.00020633888631506,0.007616370589830737,2.0
Florida,Leon,0.760521426,0.23855899100000005,0.0004629630000000001,0.000456621,0.0,0.0,2.7249627020730154e-05,0.003913727680852368,3.0
Florida,Liberty,0.974000148,0.025999852,0.0,0.0,0.0,0.0,0.00011970313622216902,0.026574096241321524,1.0
Florida,Manatee,0.919206777,0.077140255,0.003652968,0.0,0.0,0.0,0.0003223782588102258,0.007476695771637161,2.0
Florida,Marion,0.868109743,0.130960049,0.000930207,0.0,0.0,0.0,2.735386879443294e-05,0.001988626261355275,2.0
Florida,Martin,0.90043618,0.098174577,0.001389243,0.0,0.0,0.0,0.0001552795031055901,0.01311801242236025,2.0
Florida,Miami-Dade,0.791290536,0.20223087,0.006478594,0.0,0.0,0.0,0.00036806112759207047,0.013971968464522588,2.0
Florida,Nassau,0.884421523,0.114172605,0.001405872,0.0,0.0,0.0,1.1283497884344149e-05,0.0022115655853314525,2.0
Florida,Okaloosa,0.937840918,0.061701207,0.000457875,0.0,0.0,0.0,3.3216600707988115e-05,0.003340640985489091,2.0
Florida,Orange,0.8361388009999999,0.161117689,0.002286889,0.000456621,0.0,0.0,4.1623249311781104e-05,0.007803641603729444,3.0
Florida,Osceola,0.931992167,0.064344816,0.003663017,0.0,0.0,0.0,6.653342239940812e-05,0.005759133042892767,2.0
Florida,Palm Beach,0.81507968,0.181675353,0.002780714,0.000464253,0.0,0.0,0.0003420699239028041,0.009652117559812129,3.0
Florida,Pasco,0.907920185,0.08929672400000001,0.002783091,0.0,0.0,0.0,3.7909763930484334e-05,0.003850548879224908,2.0
Florida,Pinellas,0.829743993,0.169342765,0.000913242,0.0,0.0,0.0,0.00017641098014761086,0.007036951946469523,2.0
Florida,Polk,0.84571949,0.15108416300000002,0.003196347,0.0,0.0,0.0,0.00014073294268443948,0.005585166195947167,2.0
Florida,Putnam,0.99619163,0.00380837,0.0,0.0,0.0,0.0,8.051421746890139e-05,0.0051126528092752385,1.0
Florida,Santa Rosa,0.839029138,0.159600999,0.0013698629999999998,0.0,0.0,0.0,0.0001462090728821768,0.005519392501302175,2.0
Florida,Sarasota,0.820598577,0.177562255,0.001839168,0.0,0.0,0.0,4.88299794371531e-05,0.0033475663680803854,2.0
Florida,Seminole,0.90858431,0.08910686,0.00230883,0.0,0.0,0.0,0.0002236352486040088,0.0036911343609795687,2.0
Florida,St. Lucie,0.95481118,0.044234215,0.000954605,0.0,0.0,0.0,3.6030231483640164e-05,0.005684298872889582,2.0
Florida,Volusia,0.8902557609999999,0.109287618,0.000456621,0.0,0.0,0.0,0.00010482862327484621,0.0040105985352910985,2.0
Florida,Wakulla,0.867430083,0.131072792,0.000487329,0.001009795,0.0,0.0,5.9278579685230736e-05,0.0019265538397699989,3.0
Georgia,Bibb,0.739392919,0.255590488,0.005016593,0.0,0.0,0.0,0.0002611665001730228,0.006019887828988176,2.0
Georgia,Chatham,0.795511141,0.20175287600000005,0.002279362,0.000456621,0.0,0.0,0.00012783747365511521,0.0047645371937947,3.0
Georgia,Chattooga,0.926109614,0.073890386,0.0,0.0,0.0,0.0,8.068094719432004e-05,0.0025011093630239213,1.0
Georgia,Clarke,0.777075431,0.219158122,0.0028456370000000003,0.00092081,0.0,0.0,0.00011688524206933633,0.004472808596519937,3.0
Georgia,Cobb,0.7662531159999999,0.229706503,0.003565547,0.000474834,0.0,0.0,0.0003223086243210141,0.006684286204796216,3.0
Georgia,Columbia,0.920484799,0.078834929,0.000680272,0.0,0.0,0.0,5.7429457483058314e-05,0.0032224306698827162,2.0
Georgia,Dawson,0.910472659,0.083325719,0.006201622,0.0,0.0,0.0,0.00011490730810479546,0.0055155507890301825,2.0
Georgia,DeKalb,0.601152781,0.389269406,0.008665818,0.000911994,0.0,0.0,0.00022784233310549102,0.007848048918934225,3.0
Georgia,Dougherty,0.700670131,0.296537648,0.002324057,0.000468165,0.0,0.0,0.0017622447587430077,0.02176088044022011,3.0
Georgia,Douglas,0.851812073,0.13719035,0.010317305,0.000680272,0.0,0.0,0.0002459974170271212,0.006635096998148186,3.0
Georgia,Floyd,0.637084862,0.362003144,0.000911994,0.0,0.0,0.0,0.00015228735608844852,0.005472192328778249,2.0
Georgia,Fulton,0.580425634,0.398120616,0.019628513,0.001825236,0.0,0.0,0.00029513025677272244,0.00683969069597166,3.0
Georgia,Glynn,0.913311228,0.085716955,0.000971817,0.0,0.0,0.0,7.034657412184027e-05,0.00983679594803733,2.0
Georgia,Gwinnett,0.7229816729999999,0.269230045,0.007331661,0.000456621,0.0,0.0,0.00018477970627503334,0.008931375166889185,3.0
Georgia,Henry,0.791837815,0.193762657,0.013468073,0.000931455,0.0,0.0,0.00014068834972565773,0.005299261172999775,3.0
Georgia,Houston,0.757785135,0.237854298,0.003889758,0.00047081,0.0,0.0,0.00015203055814218654,0.004130163496196069,3.0
Georgia,Lowndes,0.788549073,0.210947402,0.0,0.000503525,0.0,0.0,0.000102209427116161,0.010536088445224264,3.0
Georgia,Murray,0.8727949309999999,0.125377204,0.001232627,0.0,0.000595238,0.0,4.9880287310454904e-05,0.005536711891460495,4.0
Georgia,Muscogee,0.777208675,0.219542334,0.003248991,0.0,0.0,0.0,0.00025029499052454685,0.008893134255168082,2.0
Georgia,Pike,0.8947601620000001,0.098938578,0.005831776,0.000469484,0.0,0.0,0.00021094821221390148,0.004746334774812785,3.0
Georgia,Richmond,0.6984021359999999,0.294280638,0.005947363000000001,0.000913242,0.0,0.000456621,0.0002419538016373853,0.004997086678714979,5.0
Georgia,Rockdale,0.823450685,0.160196303,0.016353012,0.0,0.0,0.0,0.00012101742650941735,0.005181746171448689,2.0
Georgia,Sumter,0.9228436,0.075795856,0.001360544,0.0,0.0,0.0,0.0016935374610486385,0.01886600731608183,2.0
Georgia,Walker,0.747966074,0.250597145,0.0,0.0014367820000000002,0.0,0.0,0.00015768122589985807,0.004658763492495807,3.0
Hawaii,Hawaii,0.233812541,0.147516553,0.282206457,0.330529616,0.005479459,0.000455373,0.0,0.0004317339327983802,5.0
Hawaii,Honolulu,0.947848868,0.051684279000000014,0.0,0.000466853,0.0,0.0,1.2313211152075341e-05,0.0006762005124348041,3.0
Hawaii,Kauai,0.993843161,0.006156839,0.0,0.0,0.0,0.0,0.0,0.0005256387202080422,1.0
Hawaii,Maui,0.964941732,0.032272515,0.002325347,0.000460405,0.0,0.0,3.583865437799029e-05,0.0007466386328747978,3.0
Idaho,Ada,0.778185742,0.200818425,0.017799486,0.003196347,0.0,0.0,4.7758764252357314e-05,0.0047509588091040654,3.0
Idaho,Bannock,0.857595379,0.133728822,0.00456621,0.004109589,0.0,0.0,1.1388483965014575e-05,0.0011844023323615161,3.0
Idaho,Benewah,0.634034544,0.321097812,0.035723844,0.008230558,0.000456621,0.000456621,0.0,0.002258550225855023,5.0
Idaho,Bonner,0.881223979,0.099968897,0.012839551,0.00320641,0.002761163,0.0,0.0,0.0007214849472004198,4.0
Idaho,Butte,0.91820186,0.078056439,0.003278738,0.0004629630000000001,0.0,0.0,0.0,0.0,3.0
Idaho,Canyon,0.8101189209999999,0.172978548,0.013703675,0.003198856,0.0,0.0,3.045477683174606e-05,0.003915614164081636,3.0
Idaho,Caribou,0.99464856,0.003386229,0.001965211,0.0,0.0,0.0,0.0,0.0015373864430468205,2.0
Idaho,Franklin,0.8757530809999999,0.108229159,0.013237142,0.002780617,0.0,0.0,0.0,0.0018016719515710578,3.0
Idaho,Lemhi,0.670057518,0.27911247100000003,0.041497194,0.008863333000000001,0.000469484,0.0,0.0,0.00024915908807773764,4.0
Idaho,Shoshone,0.629877867,0.330793553,0.032920791,0.005037926,0.0013698629999999998,0.0,0.0,0.0,4.0
Illinois,Adams,0.899969626,0.099347314,0.00068306,0.0,0.0,0.0,1.528234125468022e-05,0.0014212577366852599,2.0
Illinois,Champaign,0.790034184,0.20722609,0.002739726,0.0,0.0,0.0,5.7227608505930214e-05,0.0041966912904348825,2.0
Illinois,Clark,0.896665811,0.101357355,0.001976834,0.0,0.0,0.0,0.0,0.0009714396735962695,2.0
Illinois,Cook,0.434936497,0.528556279,0.03240013,0.004107094,0.0,0.0,0.0008894743208705314,0.017651822742776883,3.0
Illinois,DuPage,0.7679664390000001,0.219402504,0.012157572,0.000473485,0.0,0.0,0.0005114197206478127,0.00984157907339848,3.0
Illinois,Effingham,0.8777152,0.119555347,0.0027294520000000003,0.0,0.0,0.0,2.940484591860739e-05,0.0003528581510232886,2.0
Illinois,Hamilton,0.7995775279999999,0.197918191,0.002504281,0.0,0.0,0.0,0.0,0.0006160670280926563,2.0
Illinois,Jersey,0.800069322,0.191712835,0.008217843,0.0,0.0,0.0,4.592844348505029e-05,0.0016074955219767602,2.0
Illinois,Jo Daviess,0.941599377,0.056483297,0.001917326,0.0,0.0,0.0,4.709206498704968e-05,0.002072050859430186,2.0
Illinois,Kane,0.8413206679999999,0.148927725,0.009751607,0.0,0.0,0.0,0.0005090129093938238,0.01452471154369904,2.0
Illinois,Lake,0.882989778,0.101020756,0.015042497,0.00094697,0.0,0.0,0.0006001134185647526,0.01400073219579777,3.0
Illinois,Macon,0.660821668,0.326850812,0.01232752,0.0,0.0,0.0,0.00031516632334115287,0.006696472086660992,2.0
Illinois,Macoupin,0.937093019,0.061533355,0.001373626,0.0,0.0,0.0,7.579423613985786e-05,0.0015217150486540696,2.0
Illinois,Madison,0.601982434,0.377024228,0.019166854,0.001826484,0.0,0.0,0.0002115201569094982,0.0022305762001365264,3.0
Illinois,McHenry,0.7526452220000001,0.236238777,0.011116002,0.0,0.0,0.0,6.677647687308018e-05,0.001157458932466723,2.0
Illinois,McLean,0.7959697179999999,0.203118288,0.000911994,0.0,0.0,0.0,0.0002623913357620377,0.0036012260140094155,2.0
Illinois,Peoria,0.7333465090000001,0.262087268,0.004566224,0.0,0.0,0.0,0.00015626831269289367,0.0027849245726340693,2.0
Illinois,Randolph,0.803023527,0.193488217,0.003488257,0.0,0.0,0.0,0.00022025045623308794,0.009030268705556605,2.0
Illinois,Rock Island,0.845171798,0.152505691,0.002322512,0.0,0.0,0.0,0.0002043995235376624,0.006674701682419526,2.0
Illinois,Sangamon,0.832454386,0.165712851,0.001832763,0.0,0.0,0.0,0.00016437905810799704,0.002213980438892085,2.0
Illinois,Wabash,0.979362732,0.019721517,0.000915751,0.0,0.0,0.0,0.0,0.0019097222222222226,2.0
Illinois,Will,0.720867969,0.276848926,0.002283105,0.0,0.0,0.0,0.00046326926222922275,0.009763399701480869,2.0
Illinois,Winnebago,0.853121492,0.142161041,0.004257062,0.000460405,0.0,0.0,0.0003361975001061676,0.010779553529719859,3.0
Indiana,Allen,0.685199494,0.30603166800000003,0.008301985,0.000466853,0.0,0.0,0.0003005544438556389,0.007057756545627592,3.0
Indiana,Bartholomew,0.773926894,0.220599892,0.0054732140000000006,0.0,0.0,0.0,0.0005251912770503348,0.006899103593979398,2.0
Indiana,Clark,0.730499063,0.260696153,0.008346908,0.000457875,0.0,0.0,0.0003719294686480364,0.005257730215888151,3.0
Indiana,Daviess,0.9670341999999998,0.021168372,0.010799423999999998,0.000998004,0.0,0.0,0.0004797457347605769,0.0041677910707325115,3.0
Indiana,Delaware,0.864604782,0.130827961,0.004567257,0.0,0.0,0.0,0.00042055460638717307,0.003732422131686161,2.0
Indiana,Elkhart,0.711566108,0.27684527600000003,0.011588616,0.0,0.0,0.0,0.00020839290301006587,0.014950979204326819,2.0
Indiana,Floyd,0.731679712,0.258243954,0.010076334,0.0,0.0,0.0,0.0005603525126716079,0.004622908229540766,2.0
Indiana,Gibson,0.95427792,0.041109674,0.004612406,0.0,0.0,0.0,5.941947176089604e-05,0.001307228378739713,2.0
Indiana,Greene,0.808473522,0.186129498,0.005396981,0.0,0.0,0.0,0.0009711170979261953,0.0057953762295595524,2.0
Indiana,Hamilton,0.7668514670000001,0.226258466,0.006890065999999999,0.0,0.0,0.0,0.0002958483599646165,0.0043903896618749105,2.0
Indiana,Hendricks,0.92178404,0.07730271799999999,0.000913242,0.0,0.0,0.0,0.0005812895232838747,0.008020621099048211,2.0
Indiana,Howard,0.7208879640000001,0.275885555,0.003226481,0.0,0.0,0.0,0.0006784260515603799,0.006578309749951541,2.0
Indiana,Knox,0.894276948,0.101998628,0.003724424,0.0,0.0,0.0,0.0,0.001694266819697218,2.0
Indiana,LaPorte,0.8117799059999999,0.172662051,0.015098906,0.000459137,0.0,0.0,0.000494342863851796,0.010035160136191459,3.0
Indiana,Lake,0.589175837,0.394849914,0.013692392,0.001826484,0.000455373,0.0,0.0002275043680838672,0.004904994175888178,4.0
Indiana,Madison,0.731721637,0.263173749,0.005104614,0.0,0.0,0.0,0.00048622741550833915,0.004962606796378764,2.0
Indiana,Marion,0.493350301,0.480179405,0.025100432,0.0013698629999999998,0.0,0.0,0.000703931858566716,0.011805113510308092,3.0
Indiana,Monroe,0.855851765,0.143666539,0.0,0.000481696,0.0,0.0,0.00018863983938665105,0.0017247071029636667,3.0
Indiana,Morgan,0.90141908,0.092094931,0.00648599,0.0,0.0,0.0,0.0004397849309821391,0.004539715416589822,2.0
Indiana,Pike,0.9726605,0.018363182,0.008029348,0.00094697,0.0,0.0,0.0,0.0006457341189765113,3.0
Indiana,Porter,0.707874841,0.274782294,0.016429623,0.000913242,0.0,0.0,0.00021715016814465726,0.004020212572407843,3.0
Indiana,Posey,0.858331587,0.137470505,0.004197908,0.0,0.0,0.0,0.0,0.0013764895583434932,2.0
Indiana,Shelby,0.8848023279999999,0.111292651,0.00390502,0.0,0.0,0.0,0.00023912355698130425,0.0068021454901297145,2.0
Indiana,St. Joseph,0.687940642,0.300626229,0.011433128999999998,0.0,0.0,0.0,0.000558921505063829,0.009300453844262112,2.0
Indiana,Tippecanoe,0.792945225,0.206527349,0.000527426,0.0,0.0,0.0,4.087221302597429e-05,0.0032697770420779433,2.0
Indiana,Vanderburgh,0.687097948,0.304221235,0.008680817,0.0,0.0,0.0,3.306677835889579e-05,0.002369785782387532,2.0
Indiana,Vigo,0.596965841,0.378386606,0.023278938,0.001368615,0.0,0.0,7.473981202937274e-05,0.0020927147368224367,3.0
Indiana,Wabash,0.900945956,0.091925311,0.007128733000000002,0.0,0.0,0.0,6.45244547683572e-05,0.0034520583301071105,2.0
Indiana,Warrick,0.825123734,0.165002616,0.009187778,0.000685871,0.0,0.0,0.0004603320740340963,0.003190577478650116,3.0
Indiana,Whitley,0.7906071729999999,0.208469466,0.000923361,0.0,0.0,0.0,0.0001177717583323519,0.0023848781062301263,2.0
Iowa,Black Hawk,0.655144572,0.343018867,0.001836561,0.0,0.0,0.0,0.00044197884597799245,0.016231292102295243,2.0
Iowa,Bremer,0.926099409,0.072540047,0.001360544,0.0,0.0,0.0,0.00023940627244433804,0.0035112919958502913,2.0
Iowa,Clinton,0.554911137,0.442350385,0.002738478,0.0,0.0,0.0,2.1538262723728704e-05,0.0021322880096491413,2.0
Iowa,Harrison,0.8825974240000001,0.115263216,0.00213936,0.0,0.0,0.0,0.0,0.0036301516122143923,2.0
Iowa,Johnson,0.780747182,0.218338322,0.000914496,0.0,0.0,0.0,5.954743946010321e-05,0.007813947333597991,2.0
Iowa,Linn,0.71883624,0.272947077,0.008216683,0.0,0.0,0.0,0.000361701939957478,0.0053593641103455575,2.0
Iowa,Montgomery,0.8011687120000001,0.197918039,0.000913249,0.0,0.0,0.0,0.00020167389331451045,0.001008369466572552,2.0
Iowa,Muscatine,0.6804775809999999,0.286645707,0.029680365,0.003196347,0.0,0.0,0.0010313144571535721,0.014532158259891244,3.0
Iowa,Palo Alto,0.7862573209999999,0.211005449,0.002281857,0.000455373,0.0,0.0,0.0,0.0034886338059869453,3.0
Iowa,Polk,0.812852758,0.185322005,0.001825236,0.0,0.0,0.0,0.00036314598672681017,0.012485693476225159,2.0
Iowa,Scott,0.426777204,0.566375976,0.006390199,0.000456621,0.0,0.0,5.7822519558467236e-05,0.003839415298682225,3.0
Iowa,Van Buren,0.759457261,0.23917537100000005,0.000455373,0.000911994,0.0,0.0,0.0,0.0026973310618966496,3.0
Kansas,Ford,0.975737871,0.022875568,0.000928685,0.000457875,0.0,0.0,0.00023796067699812602,0.05791367976441893,3.0
Kansas,Johnson,0.8937855379999999,0.106214462,0.0,0.0,0.0,0.0,0.00014442207101249833,0.002984722800924965,1.0
Kansas,Leavenworth,0.930100335,0.068522254,0.00137741,0.0,0.0,0.0,8.561853274297317e-05,0.014322757406003082,2.0
Kansas,Neosho,0.859338285,0.139243694,0.001418021,0.0,0.0,0.0,0.0,0.0019991253826450927,2.0
Kansas,Sedgwick,0.7877410979999999,0.209977044,0.001826484,0.000455373,0.0,0.0,5.4259149449075846e-05,0.002476542606997105,3.0
Kansas,Shawnee,0.838994392,0.159635745,0.000913242,0.000456621,0.0,0.0,6.784452296819788e-05,0.0037879858657243813,3.0
Kansas,Sumner,0.8679248829999999,0.131159366,0.000915751,0.0,0.0,0.0,4.379050621825189e-05,0.0005692765808372745,2.0
Kansas,Trego,0.88427049,0.114349464,0.00092217,0.000457875,0.0,0.0,0.0,0.00035676061362825543,3.0
Kansas,Wyandotte,0.693206186,0.301767199,0.004569994,0.000456621,0.0,0.0,0.0005017258159089399,0.014114816628281618,3.0
Kentucky,Bell,0.8976368840000001,0.101085977,0.00063857,0.00063857,0.0,0.0,0.0,0.00030731407498463427,3.0
Kentucky,Boone,0.914497993,0.083447205,0.001368931,0.000685871,0.0,0.0,0.00017218017532433504,0.004506628936749987,3.0
Kentucky,Boyd,0.79191182,0.204894328,0.003193852,0.0,0.0,0.0,6.421507770024402e-05,0.001327111605805043,2.0
Kentucky,Bullitt,0.872133307,0.123601701,0.004264991,0.0,0.0,0.0,6.121749351094569e-05,0.0018487683040305603,2.0
Kentucky,Campbell,0.7332828440000001,0.258449683,0.008267472,0.0,0.0,0.0,0.00013891263463839974,0.0027996238673277485,2.0
Kentucky,Carter,0.923202817,0.076214433,0.000582751,0.0,0.0,0.0,0.0,0.0009329402545061016,2.0
Kentucky,Christian,0.860669331,0.139330669,0.0,0.0,0.0,0.0,5.6768992776145664e-05,0.002767488397837101,1.0
Kentucky,Daviess,0.714259309,0.282535352,0.002749965,0.000455373,0.0,0.0,7.880919309237423e-05,0.004285249874397849,3.0
Kentucky,Edmonson,0.849470726,0.150529274,0.0,0.0,0.0,0.0,0.0009053497942386832,0.006172839506172839,1.0
Kentucky,Fayette,0.8037883309999999,0.193928564,0.002283105,0.0,0.0,0.0,8.355201267514978e-05,0.004539659355349805,2.0
Kentucky,Greenup,0.955033323,0.044503715,0.0004629630000000001,0.0,0.0,0.0,0.0,0.0007977662544874351,2.0
Kentucky,Hardin,0.736861999,0.262223505,0.000914496,0.0,0.0,0.0,5.407451468123074e-05,0.001478036734620307,2.0
Kentucky,Henderson,0.714628246,0.26891323,0.016458524,0.0,0.0,0.0,6.635700066356999e-05,0.003539040035390401,2.0
Kentucky,Jefferson,0.550414203,0.418097662,0.027836415,0.00365172,0.0,0.0,0.000255622054966567,0.005141133370807179,3.0
Kentucky,Jessamine,0.91522641,0.083861595,0.000911994,0.0,0.0,0.0,0.0,0.001958791462625889,2.0
Kentucky,Livingston,0.880193789,0.118524159,0.001282051,0.0,0.0,0.0,0.0,0.0010876658690450293,2.0
Kentucky,McCracken,0.720939428,0.276778715,0.002281857,0.0,0.0,0.0,4.585893790699807e-05,0.002568100522791892,2.0
Kentucky,Morgan,0.930205374,0.068881384,0.000913242,0.0,0.0,0.0,0.0,0.0006010970020287024,2.0
Kentucky,Oldham,0.856497501,0.135179325,0.008323173,0.0,0.0,0.0,0.00010479198790401053,0.0019461369182173388,2.0
Kentucky,Perry,0.822108556,0.176944474,0.000473485,0.000473485,0.0,0.0,3.882288997592981e-05,0.002212904728627999,3.0
Kentucky,Pike,0.822899508,0.175277751,0.001822741,0.0,0.0,0.0,3.455663833022323e-05,0.001485935448199599,2.0
Kentucky,Pulaski,0.8829425259999999,0.117057474,0.0,0.0,0.0,0.0,3.0779174810323326e-05,0.0014466212160851968,1.0
Kentucky,Simpson,0.8916382359999999,0.106874611,0.001487153,0.0,0.0,0.0,0.00021537798836958864,0.004199870773206978,2.0
Kentucky,Trigg,0.919899452,0.079620241,0.000480307,0.0,0.0,0.0,0.0,0.0017746228926353148,2.0
Kentucky,Warren,0.8169594640000001,0.183040536,0.0,0.0,0.0,0.0,9.78208523958584e-05,0.011640681435107152,1.0
Kentucky,Washington,0.905837839,0.092778388,0.0013837729999999998,0.0,0.0,0.0,0.0,0.0019842910293509713,2.0
Louisiana,Ascension,0.903180341,0.08902816,0.007333624,0.000457875,0.0,0.0,0.0004581213863700989,0.009581055890809136,3.0
Louisiana,Bossier,0.803661014,0.19542449,0.000914496,0.0,0.0,0.0,0.000244019553050638,0.007131668227867032,2.0
Louisiana,Caddo,0.8374239259999999,0.161652713,0.000923361,0.0,0.0,0.0,0.0009783350818470967,0.014229571530865431,2.0
Louisiana,Calcasieu,0.660432418,0.331806273,0.007304688,0.000456621,0.0,0.0,0.00029001749936097835,0.008498987396527656,3.0
Louisiana,East Baton Rouge,0.62713776,0.353233775,0.018715223,0.000913242,0.0,0.0,0.0006158265141719632,0.012157460704132856,3.0
Louisiana,Iberville,0.838878908,0.149708062,0.010956409,0.000456621,0.0,0.0,0.0013226292639414352,0.022115591645904462,3.0
Louisiana,Jefferson,0.802344237,0.19354742100000005,0.004108341,0.0,0.0,0.0,0.0011214054331515194,0.022282441565528232,2.0
Louisiana,Lafayette,0.7204546079999999,0.279088771,0.000456621,0.0,0.0,0.0,0.0001841319202913376,0.00965260444371701,2.0
Louisiana,Lafourche,0.8668009879999999,0.131813949,0.001385063,0.0,0.0,0.0,0.0009117544614502018,0.012057696641875141,2.0
Louisiana,Livingston,0.7270027090000001,0.267038429,0.005958863000000001,0.0,0.0,0.0,0.0002699074501559071,0.006982079565875175,2.0
Louisiana,Orleans,0.846104559,0.152521814,0.001373626,0.0,0.0,0.0,0.0013687253937007876,0.020297633694225718,2.0
Louisiana,Ouachita,0.89396742,0.10603258,0.0,0.0,0.0,0.0,0.0004893038185269998,0.0161405019604773,1.0
Louisiana,Pointe Coupee,0.928285273,0.065907781,0.005806946,0.0,0.0,0.0,0.0012425218591808561,0.011780947998159229,2.0
Louisiana,St. Bernard,0.679379845,0.307834705,0.01278545,0.0,0.0,0.0,0.00048683430700194736,0.013144526289052579,2.0
Louisiana,St. James,0.948541225,0.050008095,0.000966184,0.000484496,0.0,0.0,0.0013746681835419036,0.017775881683731513,3.0
Louisiana,St. John the Baptist,0.930693171,0.06699922900000001,0.0023076,0.0,0.0,0.0,0.00203095454863786,0.02278404183299484,2.0
Louisiana,St. Tammany,0.844001837,0.150514941,0.005483221999999999,0.0,0.0,0.0,0.0006719939789339487,0.00910455842315653,2.0
Louisiana,West Baton Rouge,0.775431045,0.219091998,0.005476956999999999,0.0,0.0,0.0,0.0011713583978839976,0.009975439259399206,2.0
Maine,Androscoggin,0.8868542340000001,0.113145766,0.0,0.0,0.0,0.0,3.6942286912271305e-05,0.0044700167163848285,1.0
Maine,Aroostook,0.839778427,0.157483095,0.000913242,0.001825236,0.0,0.0,1.4913131011855938e-05,0.00035791514428454253,3.0
Maine,Cumberland,0.8594006540000001,0.138316241,0.002283105,0.0,0.0,0.0,0.00020338776215835094,0.00587451653034037,2.0
Maine,Hancock,0.928797066,0.064812735,0.005933578,0.000456621,0.0,0.0,1.81861167184971e-05,0.0002909778674959536,3.0
Maine,Kennebec,0.965024616,0.034975384,0.0,0.0,0.0,0.0,8.176481169563867e-05,0.0012019427319258885,1.0
Maine,Oxford,0.898095282,0.101904718,0.0,0.0,0.0,0.0,0.0,0.0006382061233290211,1.0
Maine,Penobscot,0.913235773,0.086764227,0.0,0.0,0.0,0.0,1.3145095564844756e-05,0.0007098351605016168,1.0
Maine,Washington,0.977447287,0.02114026,0.001412452,0.0,0.0,0.0,0.0,0.00015934223525287613,2.0
Maine,York,0.922115323,0.071127728,0.006012902,0.000744048,0.0,0.0,5.297605000939121e-05,0.0025476664049970863,3.0
Maryland,Anne Arundel,0.76037409,0.220080357,0.019545553,0.0,0.0,0.0,0.00036082136062454904,0.008863429978212605,2.0
Maryland,Baltimore,0.729385932,0.241417771,0.026462809,0.002278115,0.000455373,0.0,0.0005728996700387976,0.0097175387069872,4.0
Maryland,Calvert,0.8031614440000001,0.190774374,0.006064182,0.0,0.0,0.0,0.00029181302350716023,0.004485274250202648,2.0
Maryland,Carroll,0.801696451,0.192222114,0.006081434,0.0,0.0,0.0,0.0006648975642190126,0.006743961008507127,2.0
Maryland,Cecil,0.742668496,0.239612104,0.016326635,0.001392765,0.0,0.0,0.00029167274318214965,0.0046667638909143935,3.0
Maryland,Charles,0.814437669,0.17697976699999998,0.008582564,0.0,0.0,0.0,0.0005267767997696883,0.008569310963695278,2.0
Maryland,Dorchester,0.8014484620000001,0.194445692,0.003649225,0.000456621,0.0,0.0,0.00015659745059350434,0.005888064142315764,3.0
Maryland,Frederick,0.788777719,0.20599755100000006,0.00522473,0.0,0.0,0.0,0.00045463827360747765,0.009605196746639335,2.0
Maryland,Garrett,0.877294438,0.122705562,0.0,0.0,0.0,0.0,3.446611980423244e-05,0.0003791273178465568,1.0
Maryland,Harford,0.7184350840000001,0.258776319,0.020927697,0.001860901,0.0,0.0,0.0002427174964081725,0.004411977716967911,3.0
Maryland,Howard,0.7780821920000001,0.221917808,0.0,0.0,0.0,0.0,0.0002732659891307685,0.007884798427952961,1.0
Maryland,Kent,0.790167473,0.200883475,0.008949051999999999,0.0,0.0,0.0,0.001235712079085573,0.010297600659046443,2.0
Maryland,Montgomery,0.78133033,0.214845399,0.003824271,0.0,0.0,0.0,0.0007033486629713102,0.014088863677894862,2.0
Maryland,Prince George's,0.685074981,0.296671408,0.01734037,0.000913242,0.0,0.0,0.0007544040812600968,0.020504175065735427,3.0
Maryland,Washington,0.7676693809999999,0.229481339,0.00284928,0.0,0.0,0.0,0.0001853703102966587,0.0046210170209667065,2.0
Massachusetts,Barnstable,0.943491449,0.049765498,0.006743053000000001,0.0,0.0,0.0,0.0006807831353584675,0.007239776515329358,2.0
Massachusetts,Berkshire,0.812202669,0.18734071,0.000456621,0.0,0.0,0.0,0.0003521577666794725,0.004778140606991933,2.0
Massachusetts,Bristol,0.8547842590000001,0.13380520699999998,0.010953914,0.000456621,0.0,0.0,0.0010173083965981206,0.014571394703273257,3.0
Massachusetts,Dukes,0.941762073,0.050874418,0.006435004,0.000928505,0.0,0.0,0.0,0.002423263327948304,3.0
Massachusetts,Essex,0.8621126929999999,0.131040481,0.006846827,0.0,0.0,0.0,0.001401713994580715,0.02043257958465668,2.0
Massachusetts,Franklin,0.8588726740000001,0.139761206,0.00136612,0.0,0.0,0.0,0.0007836990595611285,0.005272157309774865,2.0
Massachusetts,Hampden,0.8009215909999999,0.192236579,0.006386456,0.000455373,0.0,0.0,0.001423756143164684,0.014561337301553269,3.0
Massachusetts,Hampshire,0.8783143390000001,0.115693792,0.005527616,0.000464253,0.0,0.0,0.0006963874898961638,0.00600012435490891,3.0
Massachusetts,Middlesex,0.939637408,0.059434022,0.00092857,0.0,0.0,0.0,0.0011553025720063114,0.014889877080025487,2.0
Massachusetts,Norfolk,0.919314631,0.075185377,0.005043371,0.000456621,0.0,0.0,0.0013158360157051394,0.012994234374447314,3.0
Massachusetts,Plymouth,0.874017665,0.121867715,0.004114621,0.0,0.0,0.0,0.0012778155110686454,0.016684510036415825,2.0
Massachusetts,Suffolk,0.669544876,0.328172019,0.002283105,0.0,0.0,0.0,0.0012526324562418287,0.024695642655182752,2.0
Massachusetts,Worcester,0.847100581,0.147424957,0.005474461999999999,0.0,0.0,0.0,0.0011124193676546011,0.014899677591010109,2.0
Michigan,Allegan,0.780359525,0.196335937,0.022610094,0.0006944439999999999,0.0,0.0,5.9281340774553064e-05,0.0026845978607904744,3.0
Michigan,Bay,0.88104503,0.11895497,0.0,0.0,0.0,0.0,0.00029090626999980605,0.0038011752613308,1.0
Michigan,Berrien,0.789997217,0.187705778,0.022297005,0.0,0.0,0.0,0.0003911317396887895,0.0058604572330036965,2.0
Michigan,Clinton,0.8712002659999999,0.11870607,0.010093664,0.0,0.0,0.0,0.00015076323889691564,0.0028393743325585783,2.0
Michigan,Genesee,0.790527269,0.2011038,0.00836893,0.0,0.0,0.0,0.0007096864812117898,0.006759270895708122,2.0
Michigan,Ingham,0.820233487,0.174617257,0.005149255,0.0,0.0,0.0,9.917717146706977e-05,0.0035635383678857477,2.0
Michigan,Kalamazoo,0.778590562,0.214024537,0.007384901,0.0,0.0,0.0,0.0002565398806335026,0.004108410735439476,2.0
Michigan,Kent,0.767547944,0.224239095,0.00775634,0.000456621,0.0,0.0,0.0002039713526801684,0.007527151783607705,3.0
Michigan,Lenawee,0.7862777759999999,0.208953727,0.004768496,0.0,0.0,0.0,6.0944022914952614e-05,0.0022447715107007547,2.0
Michigan,Macomb,0.788024101,0.191704648,0.019579688,0.0006915630000000001,0.0,0.0,0.001048088497114324,0.008499128118520959,3.0
Michigan,Manistee,0.8902530000000001,0.10375959,0.00598741,0.0,0.0,0.0,4.0719928332926144e-05,0.0007736786383255966,2.0
Michigan,Missaukee,0.900118309,0.096222409,0.003659282,0.0,0.0,0.0,6.614631565021827e-05,0.0019182431538563305,2.0
Michigan,Monroe,0.957286025,0.042204291,0.000509684,0.0,0.0,0.0,0.00014617940199335546,0.004106312292358804,2.0
Michigan,Oakland,0.79032373,0.19293185,0.016144899,0.00059952,0.0,0.0,0.000867536482652451,0.009582660084733902,3.0
Michigan,Schoolcraft,0.925643703,0.065908113,0.008448184000000001,0.0,0.0,0.0,0.00031421245789553065,0.003525463777587854,2.0
Michigan,St. Clair,0.725006272,0.253984144,0.020552963,0.000456621,0.0,0.0,0.0,0.000494193229552755,3.0
Michigan,Tuscola,0.938691069,0.058988914,0.002320017,0.0,0.0,0.0,0.0004976552780170351,0.0047468657287778725,2.0
Michigan,Washtenaw,0.762648152,0.228683534,0.008668313,0.0,0.0,0.0,0.00028563578445107605,0.004657223456954687,2.0
Michigan,Wayne,0.428568755,0.538580732,0.032393892,0.000456621,0.0,0.0,0.0015560127430698267,0.013064904938596949,3.0
Michigan,Wexford,0.937846766,0.057933157,0.004220077,0.0,0.0,0.0,0.0001189378846897208,0.0008325651928280456,2.0
Minnesota,Anoka,0.8346050890000001,0.1631118,0.002283112,0.0,0.0,0.0,0.0002997862272043393,0.005950896697028194,2.0
Minnesota,Becker,0.917958791,0.080647147,0.0013940620000000002,0.0,0.0,0.0,0.0,0.0015977689335618624,2.0
Minnesota,Carlton,0.951017661,0.047918403,0.001063936,0.0,0.0,0.0,0.0,0.0023138468400657913,2.0
Minnesota,Cook,0.980472813,0.019527187,0.0,0.0,0.0,0.0,0.0,0.00018304960644334616,1.0
Minnesota,Crow Wing,0.916067519,0.082076059,0.001856422,0.0,0.0,0.0,0.00018445930366612864,0.0015679040811620935,2.0
Minnesota,Dakota,0.875841505,0.122791127,0.001367368,0.0,0.0,0.0,0.00020744905261047827,0.005169910097640908,2.0
Minnesota,Goodhue,0.929788299,0.069490201,0.000721501,0.0,0.0,0.0,0.00017263703064307294,0.0026758739749676306,2.0
Minnesota,Hennepin,0.634864137,0.361942012,0.003193852,0.0,0.0,0.0,0.0006130302099075477,0.009394529969356387,2.0
Minnesota,Lake,0.919578982,0.079964397,0.000456621,0.0,0.0,0.0,0.0,0.0006578329104407482,2.0
Minnesota,Lyon,0.912626891,0.085990447,0.001382661,0.0,0.0,0.0,7.851142341210646e-05,0.011776713511815971,2.0
Minnesota,Olmsted,0.853057735,0.145573649,0.001368615,0.0,0.0,0.0,9.476098121837353e-05,0.006683807875269279,2.0
Minnesota,Ramsey,0.8078224420000001,0.189440327,0.002281857,0.000455373,0.0,0.0,0.00039613243906738065,0.008584080927313331,3.0
Minnesota,Scott,0.906800916,0.092265377,0.000933707,0.0,0.0,0.0,2.6843295551394844e-05,0.004502962828746486,2.0
Minnesota,Stearns,0.898453519,0.100620377,0.000456621,0.000469484,0.0,0.0,0.00011795747322675772,0.014198354803662891,3.0
Minnesota,Washington,0.768893846,0.229274638,0.001372379,0.000459137,0.0,0.0,0.00015241579027587258,0.0039056546258192343,3.0
Minnesota,Wright,0.8812467429999999,0.11598789,0.002765368,0.0,0.0,0.0,3.613317242027215e-05,0.003237532248856385,2.0
Mississippi,Bolivar,0.86784976,0.131081864,0.001068376,0.0,0.0,0.0,0.00042444821731748726,0.009044012015149537,2.0
Mississippi,DeSoto,0.787986352,0.209216468,0.002340559,0.000456621,0.0,0.0,8.65122063316121e-05,0.007423828705831462,3.0
Mississippi,Forrest,0.8104000929999999,0.189135655,0.000464253,0.0,0.0,0.0,0.0005607701243040441,0.010868259075797427,2.0
Mississippi,Hancock,0.878226664,0.119942457,0.001830879,0.0,0.0,0.0,0.0002729257641921397,0.0025193147463889822,2.0
Mississippi,Harrison,0.81033254,0.184605476,0.005061983,0.0,0.0,0.0,3.844675124951942e-05,0.0035755478662053046,2.0
Mississippi,Hinds,0.645348953,0.353737805,0.000456621,0.000456621,0.0,0.0,0.00016821946169772256,0.009282263630089715,3.0
Mississippi,Jackson,0.851784103,0.14271245,0.005503448,0.0,0.0,0.0,0.00011140742391221096,0.0037112598090755272,2.0
Mississippi,Lauderdale,0.943738845,0.056261155,0.0,0.0,0.0,0.0,0.0010522765598650926,0.011898819561551434,1.0
Mississippi,Lee,0.946992449,0.053007550999999986,0.0,0.0,0.0,0.0,0.0001872746851444356,0.0057704012360129215,1.0
Mississippi,Yalobusha,0.979870717,0.020129283,0.0,0.0,0.0,0.0,0.0005781301618764452,0.013296993723158242,1.0
Missouri,Andrew,0.8536583729999999,0.14497548400000002,0.0013661429999999998,0.0,0.0,0.0,0.0,0.002935862691960253,2.0
Missouri,Boone,0.908668701,0.090651027,0.000680272,0.0,0.0,0.0,1.1082604190332644e-05,0.002011492660545375,2.0
Missouri,Buchanan,0.7668242409999999,0.231341728,0.001834031,0.0,0.0,0.0,3.433908703813928e-05,0.009992674328098531,2.0
Missouri,Callaway,0.909940687,0.08928049699999999,0.0007788160000000001,0.0,0.0,0.0,2.234986478331806e-05,0.0010280937800326306,2.0
Missouri,Cass,0.795784205,0.202302499,0.001913295,0.0,0.0,0.0,7.562866326337683e-05,0.0013235016071090945,2.0
Missouri,Cedar,0.827521933,0.17202019100000002,0.000457875,0.0,0.0,0.0,0.0,0.0006272214091574326,2.0
Missouri,Clay,0.777627222,0.210437625,0.011935153,0.0,0.0,0.0,4.4009153904012044e-05,0.001840382799622321,2.0
Missouri,Clinton,0.817148465,0.17759691,0.005254625,0.0,0.0,0.0,0.0,0.0012262716436945112,2.0
Missouri,Greene,0.8219839309999999,0.17801606899999994,0.0,0.0,0.0,0.0,3.4119678183195376e-05,0.000996294602949305,1.0
Missouri,Iron,0.945833503,0.052321982,0.001844515,0.0,0.0,0.0,0.0,0.0002962962962962963,2.0
Missouri,Jackson,0.696897223,0.26292137600000004,0.040181401,0.0,0.0,0.0,5.263075542203465e-05,0.0017439271931733644,2.0
Missouri,Jefferson,0.732982758,0.257430696,0.009586546,0.0,0.0,0.0,8.885690040474319e-05,0.0021325656097138357,2.0
Missouri,Lincoln,0.864890267,0.13160704,0.003502693,0.0,0.0,0.0,1.694541880602579e-05,0.002050395675529121,2.0
Missouri,Monroe,0.953897497,0.045189261,0.000913242,0.0,0.0,0.0,0.0,0.0005784359093012494,2.0
Missouri,Perry,0.8417286540000001,0.156033441,0.002237905,0.0,0.0,0.0,0.0,0.007629598662207358,2.0
Missouri,St. Louis City,0.571395065,0.413540185,0.013239514,0.001825236,0.0,0.0,0.00015690928933167708,0.0025075311429735322,3.0
Montana,Cascade,0.8994430040000001,0.091504122,0.005203016,0.003849858,0.0,0.0,2.458029152225745e-05,0.000405574810117248,3.0
Montana,Fergus,0.927866357,0.06163136,0.007305936,0.003196347,0.0,0.0,0.0,0.00018099547511312217,3.0
Montana,Flathead,0.790460863,0.190361055,0.010045662,0.007762557,0.0013698629999999998,0.0,1.9266709053426584e-05,0.0005683679170760843,4.0
Montana,Gallatin,0.8712940090000001,0.11776081,0.007753824,0.002735983,0.0,0.000455373,8.738661586591397e-06,0.0023681772899662693,5.0
Montana,Lewis and Clark,0.780427677,0.18944407,0.020995833,0.00913242,0.0,0.0,0.0,0.0004032722663901371,3.0
Montana,Lincoln,0.625607963,0.34833068,0.011431874,0.013713725,0.000915758,0.0,5.0050050050050046e-05,0.00040040040040040036,4.0
Montana,Missoula,0.50481573,0.428092173,0.038781595,0.012328767,0.007762557,0.008219178,8.361204013377926e-06,0.0007441471571906353,5.0
Montana,Phillips,0.940153904,0.052481947,0.005069685,0.002294465,0.0,0.0,0.0,0.0,3.0
Montana,Powder River,0.8358458759999999,0.154387275,0.006973553,0.002793296,0.0,0.0,0.0,0.0,3.0
Montana,Ravalli,0.80762571,0.15771947,0.020587868,0.013117284,0.000949668,0.0,0.0,0.0007076656165822034,4.0
Montana,Richland,0.891211051,0.103730552,0.0032192220000000003,0.001839176,0.0,0.0,0.0,0.0011108025548458762,3.0
Montana,Rosebud,0.875228019,0.110152485,0.009596665,0.005022831,0.0,0.0,0.00011189437171310283,0.0011189437171310282,3.0
Montana,Sanders,0.903606105,0.082567844,0.010567206,0.000931099,0.001862197,0.000465549,0.0,0.0,5.0
Montana,Silver Bow,0.797290684,0.185924129,0.012162222,0.004622965,0.0,0.0,0.0,0.00042961477874838895,3.0
Montana,Yellowstone,0.895315657,0.09554186,0.007767581999999999,0.001374902,0.0,0.0,2.4798512089274646e-05,0.001171729696218227,3.0
Nebraska,Cass,0.92970872,0.06981913599999999,0.000472144,0.0,0.0,0.0,3.809814081072843e-05,0.002552575434318805,2.0
Nebraska,Douglas,0.734811737,0.257887317,0.007300946,0.0,0.0,0.0,0.00016452924507331178,0.012507723247807296,2.0
Nebraska,Knox,0.927054376,0.072469434,0.00047619,0.0,0.0,0.0,0.0,0.0025204032645223234,2.0
Nebraska,Lancaster,0.909022754,0.08937932300000001,0.0015979229999999998,0.0,0.0,0.0,3.760694474913034e-05,0.005471810460998465,2.0
Nebraska,Sarpy,0.8263131640000001,0.17217841600000006,0.001508419,0.0,0.0,0.0,4.273595589649352e-05,0.006292869505758671,2.0
Nevada,Carson City,0.779530653,0.213620031,0.00456621,0.002283105,0.0,0.0,4.014613192018949e-05,0.0004817535830422738,3.0
Nevada,Churchill,0.8049452509999999,0.189364164,0.005690585,0.0,0.0,0.0,0.00018529016660674143,0.006883970856503796,2.0
Nevada,Clark,0.36331437,0.569138159,0.064808993,0.002283105,0.000455373,0.0,0.0,0.0014108986811164502,4.0
Nevada,Douglas,0.866821587,0.120558942,0.009223182,0.002935883,0.000460405,0.0,1.8947288642995187e-05,0.0023684110803743985,4.0
Nevada,Elko,0.925249367,0.071412225,0.002876727,0.000461681,0.0,0.0,3.4776560598156845e-05,0.0020865936358894104,3.0
Nevada,Lyon,0.816446331,0.174022963,0.009530706,0.0,0.0,0.0,6.448423360488361e-05,0.0024074113879156553,2.0
Nevada,Nye,0.955272351,0.040163934,0.0031950990000000003,0.000913242,0.0,0.000455373,0.00015906039841448596,0.005866147493526242,5.0
Nevada,Washoe,0.580073359,0.393907977,0.022365696,0.0013698629999999998,0.0,0.002283105,0.0,0.0004175365344467641,5.0
Nevada,White Pine,0.8145414059999999,0.180769881,0.004688713,0.0,0.0,0.0,8.941984405179198e-05,0.002772015165605551,2.0
New Hampshire,Belknap,0.95592346,0.04407654,0.0,0.0,0.0,0.0,1.631241537934522e-05,0.0013213056457269626,1.0
New Hampshire,Cheshire,0.8566307040000001,0.14200068,0.000911994,0.000456621,0.0,0.0,2.6286390221462838e-05,0.0009463100479726623,3.0
New Hampshire,Coos,0.8531554809999999,0.138472853,0.007903501,0.000468165,0.0,0.0,0.0,0.0002217786648924373,3.0
New Hampshire,Grafton,0.921028271,0.078515108,0.000456621,0.0,0.0,0.0,1.1125203034955388e-05,0.0009567674610061633,2.0
New Hampshire,Hillsborough,0.919675874,0.07713152200000001,0.0031926040000000004,0.0,0.0,0.0,0.0005946885678316647,0.007884419399316587,2.0
New Hampshire,Merrimack,0.967140754,0.031946004,0.000913242,0.0,0.0,0.0,0.000118897424549676,0.002721429939692584,2.0
New Hampshire,Rockingham,0.851198942,0.142410859,0.006390199,0.0,0.0,0.0,0.0002873108671300227,0.004764840897572062,2.0
New Jersey,Atlantic,0.88084541,0.116414857,0.002281857,0.000457875,0.0,0.0,0.0008192058254636478,0.010915159100390641,3.0
New Jersey,Bergen,0.664400675,0.310549339,0.023681371,0.001368615,0.0,0.0,0.0021411668286487264,0.020859212917371986,3.0
New Jersey,Camden,0.638993687,0.337275744,0.023273948,0.000456621,0.0,0.0,0.0009734022283605576,0.014547723364220262,3.0
New Jersey,Cumberland,0.8606864009999999,0.136094498,0.003219101,0.0,0.0,0.0,0.0009697245313555412,0.019929511058203536,2.0
New Jersey,Essex,0.765302445,0.226477102,0.007762578000000002,0.000457875,0.0,0.0,0.002533245721080134,0.023493851497230826,3.0
New Jersey,Gloucester,0.79824643,0.184059768,0.017693801999999998,0.0,0.0,0.0,0.0006240656160419152,0.008901507358487978,2.0
New Jersey,Hudson,0.701502108,0.28160541,0.015522619,0.0013698629999999998,0.0,0.0,0.0021668939649697873,0.028752615665587438,3.0
New Jersey,Hunterdon,0.796889683,0.19240978,0.009284084,0.0014164529999999998,0.0,0.0,0.0009970169894911193,0.008691736819676613,3.0
New Jersey,Mercer,0.7289043590000001,0.251933777,0.018249869,0.000911994,0.0,0.0,0.0015758103584356206,0.020891054078327843,3.0
New Jersey,Middlesex,0.789122512,0.192008525,0.017953185,0.000915779,0.0,0.0,0.0016047278871163624,0.020392406873665253,3.0
New Jersey,Monmouth,0.886031007,0.106295023,0.006967755,0.000706215,0.0,0.0,0.0013057636212315874,0.01480781195711019,3.0
New Jersey,Morris,0.8733224009999999,0.119810631,0.006409092,0.000457875,0.0,0.0,0.00162449552196322,0.013738067887240898,3.0
New Jersey,Ocean,0.8279203209999999,0.156103705,0.015047404,0.00092857,0.0,0.0,0.001579417180238016,0.015855108648750137,3.0
New Jersey,Passaic,0.835704333,0.154063494,0.010232173,0.0,0.0,0.0,0.0023653616990749783,0.033665055218342614,2.0
New Jersey,Union,0.6627105320000001,0.3336365,0.003652968,0.0,0.0,0.0,0.002388822682491493,0.02945315912363101,2.0
New Jersey,Warren,0.836661865,0.157847169,0.005490966,0.0,0.0,0.0,0.00151044486876229,0.011789069698955988,2.0
New Mexico,Bernalillo,0.494279761,0.489742246,0.015521371,0.000456621,0.0,0.0,0.00012663428166703722,0.003207086807800083,3.0
New Mexico,Dona Ana,0.440447139,0.4970144970000001,0.049300097,0.008216683,0.001826484,0.0031950990000000003,4.124750796306056e-05,0.00438598501340544,5.0
New Mexico,Eddy,0.689752802,0.28603622100000003,0.021927871,0.002283105,0.0,0.0,1.7105713308244953e-05,0.001402668491276086,3.0
New Mexico,Lea,0.732354631,0.259402105,0.007781583000000002,0.000461681,0.0,0.0,0.0,0.0018854650344730546,3.0
New Mexico,Luna,0.939586855,0.052554018,0.005555769,0.001383801,0.000457875,0.000461681,0.00012653422750854106,0.0033742460668944284,5.0
New Mexico,Rio Arriba,0.7942252040000001,0.203004691,0.002770104,0.0,0.0,0.0,2.5693070578864882e-05,0.002595000128465353,2.0
New Mexico,San Juan,0.6667826929999999,0.32134765600000004,0.011869651,0.0,0.0,0.0,0.00019761768473846323,0.004981328535993676,2.0
New Mexico,Sandoval,0.773219071,0.22067333600000005,0.006107593000000001,0.0,0.0,0.0,0.0013149615192242533,0.01984543151712677,2.0
New Mexico,Santa Fe,0.802487815,0.195681917,0.001830268,0.0,0.0,0.0,1.9952380318972053e-05,0.0015961904255177642,2.0
New Mexico,Taos,0.973587724,0.026412276,0.0,0.0,0.0,0.0,3.055954527396632e-05,0.001314060446780552,1.0
New Mexico,Valencia,0.7595237309999999,0.237693326,0.002782943,0.0,0.0,0.0,2.607969956186105e-05,0.001616941372835385,2.0
New York,Albany,0.842075255,0.155644135,0.00228061,0.0,0.0,0.0,0.0003960642344176546,0.006913121182562699,2.0
New York,Bronx,0.7288731690000001,0.258346433,0.012780398,0.0,0.0,0.0,0.0,0.0,2.0
New York,Chautauqua,0.8810151690000001,0.111176374,0.007808456999999999,0.0,0.0,0.0,5.516024049864857e-05,0.001000764363332624,2.0
New York,Dutchess,0.942285646,0.052667577,0.004588900999999999,0.000457875,0.0,0.0,0.0005132248876683277,0.01431931424997791,3.0
New York,Erie,0.746681388,0.246933403,0.006385208000000001,0.0,0.0,0.0,0.0006901040816282102,0.007986267581870944,2.0
New York,Essex,0.902780897,0.094938493,0.00228061,0.0,0.0,0.0,0.0,0.0011386742578283855,2.0
New York,Franklin,0.986172881,0.011970109,0.00185701,0.0,0.0,0.0,0.0,0.0006197273199792093,2.0
New York,Hamilton,0.966002656,0.033025526,0.000971817,0.0,0.0,0.0,0.0,0.001358695652173913,2.0
New York,Herkimer,0.977789348,0.020322078,0.001888574,0.0,0.0,0.0,4.892447691580098e-05,0.002641921753453253,2.0
New York,Jefferson,0.948172514,0.048328667,0.003498819,0.0,0.0,0.0,0.0,0.0008012090973651148,2.0
New York,Kings,0.874902484,0.125097516,0.0,0.0,0.0,0.0,0.0,0.0,1.0
New York,Monroe,0.849324741,0.146568165,0.004107094,0.0,0.0,0.0,0.0003586017229060221,0.005095919220243472,2.0
New York,Nassau,0.906313333,0.093686667,0.0,0.0,0.0,0.0,0.0016087857536604849,0.030844026636716575,1.0
New York,Niagara,0.923308507,0.072477837,0.004213655,0.0,0.0,0.0,0.0004204872874269523,0.00591071334712659,2.0
New York,Oneida,0.930720446,0.06927955400000001,0.0,0.0,0.0,0.0,0.0003935785473453127,0.007180621941566705,1.0
New York,Onondaga,0.902113848,0.096062164,0.001823989,0.0,0.0,0.0,0.00039954139596289474,0.006216777264357433,2.0
New York,Orange,0.894110088,0.103151433,0.002738478,0.0,0.0,0.0,0.0012417519613446251,0.027874473943991267,2.0
New York,Oswego,0.957577907,0.040774224,0.001647869,0.0,0.0,0.0,2.5613879307400706e-05,0.0017161299135958472,2.0
New York,Putnam,0.934015346,0.059969275,0.005080213,0.000935165,0.0,0.0,0.0006407648494711147,0.013517087062652564,3.0
New York,Queens,0.76448337,0.221825486,0.013234524,0.000456621,0.0,0.0,0.0,0.0,3.0
New York,Richmond,0.77251881,0.209670352,0.016898844,0.000911994,0.0,0.0,0.0,0.0,3.0
New York,Rockland,0.8692554440000001,0.122971936,0.007315999,0.0,0.000456621,0.0,0.002050406858426773,0.04175094923401343,4.0
New York,Saratoga,0.960645925,0.03699957,0.002354504,0.0,0.0,0.0,6.090584391572371e-05,0.002392729582403432,2.0
New York,Steuben,0.933102427,0.065979299,0.000918274,0.0,0.0,0.0,0.0004298640161880498,0.0028098428375218864,2.0
New York,Suffolk,0.81058712,0.165678569,0.022364448,0.0013698629999999998,0.0,0.0,0.0013415946487913798,0.02805564942729959,3.0
New York,Tompkins,0.942543587,0.055617301,0.001839112,0.0,0.0,0.0,0.0,0.0017322372284204347,2.0
New York,Wayne,0.929679262,0.06555391599999999,0.004766822,0.0,0.0,0.0,3.3363731399719746e-05,0.0019350964211837453,2.0
New York,Westchester,0.8506767040000001,0.132423226,0.015986828999999998,0.000913242,0.0,0.0,0.0014728590830444465,0.036036985817142216,3.0
North Carolina,Avery,0.907053118,0.091084685,0.001862197,0.0,0.0,0.0,0.0,0.0006834880674374893,2.0
North Carolina,Beaufort,0.998572234,0.001427766,0.0,0.0,0.0,0.0,0.0,0.0017661829169681234,1.0
North Carolina,Buncombe,0.863354119,0.133002894,0.001821494,0.001821494,0.0,0.0,0.00015314463362060715,0.0023086553518306525,3.0
North Carolina,Caldwell,0.8812033979999999,0.118796602,0.0,0.0,0.0,0.0,4.867482781279661e-05,0.0052812188176884324,1.0
North Carolina,Carteret,0.934912947,0.06508705299999999,0.0,0.0,0.0,0.0,0.00012954673038446593,0.0013530436284599774,1.0
North Carolina,Caswell,0.8538495740000001,0.146150426,0.0,0.0,0.0,0.0,4.423995752964077e-05,0.005972394266501504,1.0
North Carolina,Catawba,0.801953148,0.196650204,0.000465549,0.000931099,0.0,0.0,8.77462378800509e-05,0.005170760446503,3.0
North Carolina,Cumberland,0.77433201,0.22566799,0.0,0.0,0.0,0.0,0.00012220238503289033,0.0036303049992697663,1.0
North Carolina,Davidson,0.74099462,0.25900538,0.0,0.0,0.0,0.0,8.949400091880508e-05,0.005900637793913215,1.0
North Carolina,Durham,0.765286499,0.234258127,0.000455373,0.0,0.0,0.0,0.00019596376847658392,0.01167073110038322,2.0
North Carolina,Edgecombe,0.8800132959999999,0.119986704,0.0,0.0,0.0,0.0,0.00017485234690705628,0.0061586882188374254,1.0
North Carolina,Forsyth,0.7019475009999999,0.294403274,0.003649225,0.0,0.0,0.0,9.155233523849383e-05,0.008048758157967016,2.0
North Carolina,Graham,0.8142571759999999,0.184177879,0.001564945,0.0,0.0,0.0,0.0,0.0011846937566639024,2.0
North Carolina,Granville,0.819419045,0.180580955,0.0,0.0,0.0,0.0,0.00034743477325744915,0.01345068907896696,1.0
North Carolina,Guilford,0.7724051040000001,0.224389423,0.0032054740000000003,0.0,0.0,0.0,0.00021408333240253622,0.0053818688171802815,2.0
North Carolina,Haywood,0.728960948,0.23281054,0.033180383,0.005048129,0.0,0.0,0.0,0.0014442287016383972,3.0
North Carolina,Johnston,0.823790083,0.17566167100000002,0.000548246,0.0,0.0,0.0,0.00015286210405132344,0.007361265698221545,2.0
North Carolina,Lenoir,0.8794510240000001,0.119949456,0.00059952,0.0,0.0,0.0,0.00019660762480115817,0.006631038981929972,2.0
North Carolina,Lincoln,0.8088883579999999,0.187158254,0.003163499,0.0007898889999999999,0.0,0.0,2.3225836420434093e-05,0.0029961328982359976,3.0
North Carolina,Macon,0.94979035,0.049726558,0.000483092,0.0,0.0,0.0,8.366333872497072e-05,0.007864353840147248,2.0
North Carolina,Martin,0.8884614609999999,0.111538539,0.0,0.0,0.0,0.0,0.00017825311942958999,0.006016042780748663,1.0
North Carolina,Mecklenburg,0.65602486,0.327513807,0.016005959,0.000455373,0.0,0.0,0.0001350918083929839,0.010387659453364506,3.0
North Carolina,Montgomery,0.85906328,0.14093672,0.0,0.0,0.0,0.0,0.00025760865565082984,0.011665991977330438,1.0
North Carolina,New Hanover,0.908897299,0.091102701,0.0,0.0,0.0,0.0,2.1324416883820312e-05,0.0043416512775458155,1.0
North Carolina,Person,0.8965236190000001,0.102235884,0.001240497,0.0,0.0,0.0,2.532286654849329e-05,0.002709546720688782,2.0
North Carolina,Pitt,0.865857137,0.134142863,0.0,0.0,0.0,0.0,3.8729238361863865e-05,0.003922718571223068,1.0
North Carolina,Rockingham,0.851790585,0.14623792900000002,0.001971486,0.0,0.0,0.0,2.197560707614548e-05,0.0025711460279090213,2.0
North Carolina,Rowan,0.818640716,0.180893735,0.000465549,0.0,0.0,0.0,0.0002955914644445696,0.008635493496987782,2.0
North Carolina,Swain,0.831145637,0.16337491099999998,0.003652968,0.001826484,0.0,0.0,7.007217433956976e-05,0.0040641861116950465,3.0
North Carolina,Union,0.77715557,0.212617628,0.010226802,0.0,0.0,0.0,0.00010005878453591484,0.005257255304157859,2.0
North Carolina,Wake,0.654372369,0.342891648,0.002735983,0.0,0.0,0.0,4.227527319270958e-05,0.00476541271010586,2.0
North Carolina,Yancey,0.759695998,0.236198507,0.004105495,0.0,0.0,0.0,0.0,0.002435109856660579,2.0
North Dakota,Billings,0.931268021,0.065989744,0.001827738,0.000914496,0.0,0.0,0.0,0.0010775862068965515,3.0
North Dakota,Burke,0.923352101,0.071148327,0.00366807,0.001831502,0.0,0.0,0.0,0.0023640661938534283,3.0
North Dakota,Burleigh,0.901762132,0.091336788,0.00506831,0.00183277,0.0,0.0,0.0,0.0027921276640244285,3.0
North Dakota,Cass,0.871154027,0.125638253,0.002748584,0.000459137,0.0,0.0,0.0003627908510743556,0.01242283823375824,3.0
North Dakota,Dunn,0.924840691,0.068665972,0.005531666,0.000961672,0.0,0.0,0.0,0.0031645569620253164,3.0
North Dakota,McKenzie,0.926678086,0.068748136,0.00274351,0.0013736470000000002,0.000456621,0.0,0.0,0.0017971246006389773,4.0
North Dakota,Mercer,0.914624348,0.078070963,0.005934825,0.0013698629999999998,0.0,0.0,0.0,0.0008550140466593379,3.0
North Dakota,Oliver,0.906356586,0.08814115199999999,0.004585236,0.000917026,0.0,0.0,0.0,0.0010209290454313426,3.0
North Dakota,Williams,0.847056915,0.13787708699999998,0.012782893,0.002283105,0.0,0.0,0.0,0.0009843305222272474,3.0
Ohio,Adams,0.9613098,0.0386902,0.0,0.0,0.0,0.0,3.610368979709727e-05,0.0007581774857390425,1.0
Ohio,Allen,0.848387685,0.146593227,0.005019088,0.0,0.0,0.0,0.0003908120096530567,0.002901779171673945,2.0
Ohio,Ashtabula,0.899916141,0.092299394,0.007784465,0.0,0.0,0.0,0.0004524840345121914,0.004329449512037104,2.0
Ohio,Belmont,0.963496519,0.036503481,0.0,0.0,0.0,0.0,0.00031340476972211437,0.007969435572933767,1.0
Ohio,Butler,0.714745365,0.26335055,0.021904085,0.0,0.0,0.0,0.00011484232670553907,0.0037793565697641033,2.0
Ohio,Clark,0.669526162,0.32043566100000004,0.010038177,0.0,0.0,0.0,6.712260316371202e-05,0.0055115115264425755,2.0
Ohio,Clermont,0.703185038,0.28942576600000003,0.007389196,0.0,0.0,0.0,2.906582440366617e-05,0.0017245722479508597,2.0
Ohio,Clinton,0.807744395,0.182466183,0.009789422,0.0,0.0,0.0,2.3827678231033168e-05,0.0014773160503240563,2.0
Ohio,Columbiana,0.998536703,0.001463297,0.0,0.0,0.0,0.0,0.0005889108094579076,0.01186655281057684,1.0
Ohio,Cuyahoga,0.560928962,0.414883849,0.021453702,0.002733488,0.0,0.0,0.0002963389988599855,0.005678211472691471,3.0
Ohio,Delaware,0.880684597,0.116192791,0.0031226120000000003,0.0,0.0,0.0,7.170960478446483e-05,0.002476371685223519,2.0
Ohio,Fayette,0.909830783,0.08673777699999999,0.00343144,0.0,0.0,0.0,0.0,0.00161262050832603,2.0
Ohio,Franklin,0.693722085,0.294416997,0.011860918,0.0,0.0,0.0,0.0003090929526806789,0.007091670742339506,2.0
Ohio,Geauga,0.7864161190000001,0.189272377,0.024311504,0.0,0.0,0.0,0.00044848316586402424,0.004164486540165939,2.0
Ohio,Greene,0.7553719170000001,0.240508403,0.00411968,0.0,0.0,0.0,5.3274297519193545e-05,0.001314099338806774,2.0
Ohio,Hamilton,0.469614742,0.506199316,0.0232727,0.000913242,0.0,0.0,0.000242209834453248,0.006390425127190746,3.0
Ohio,Jefferson,0.535831025,0.455041545,0.00912743,0.0,0.0,0.0,3.061615001913509e-05,0.0012246460007654036,2.0
Ohio,Knox,0.8591072470000001,0.137037878,0.003854875,0.0,0.0,0.0,1.6045698148326432e-05,0.0006257822277847308,2.0
Ohio,Lake,0.759930883,0.213601317,0.025554557,0.000913242,0.0,0.0,7.386519168017241e-05,0.0019248399949597867,3.0
Ohio,Lawrence,0.815622427,0.179358485,0.004562467,0.000456621,0.0,0.0,1.681718043152885e-05,0.0010931167280493752,3.0
Ohio,Licking,0.866884708,0.129213898,0.003901394,0.0,0.0,0.0,6.219538397168414e-05,0.002352116339292782,2.0
Ohio,Lorain,0.859427044,0.13874647199999998,0.001826484,0.0,0.0,0.0,0.00021624552581552,0.003104898445291495,2.0
Ohio,Lucas,0.7515411879999999,0.237042005,0.010960186,0.000456621,0.0,0.0,0.0007050342245090442,0.006135198483476052,3.0
Ohio,Madison,0.826394968,0.16745612599999998,0.006148906,0.0,0.0,0.0,0.00017884688471082695,0.0042029017907044336,2.0
Ohio,Mahoning,0.7894295990000001,0.209655904,0.000914496,0.0,0.0,0.0,0.0009970133328668944,0.007661260347292978,2.0
Ohio,Medina,0.7793698029999999,0.219531222,0.001098975,0.0,0.0,0.0,0.00017802899647280048,0.002731632414629533,2.0
Ohio,Miami,0.847755585,0.146192691,0.006051723,0.0,0.0,0.0,0.00028975483002607796,0.004131343060371821,2.0
Ohio,Montgomery,0.6957309859999999,0.2969605,0.007308514,0.0,0.0,0.0,4.890095112349935e-05,0.0033553575693970323,2.0
Ohio,Morgan,0.963354328,0.025230147,0.010502283,0.000913242,0.0,0.0,0.0,0.0006203473945409428,3.0
Ohio,Noble,0.893382565,0.104727134,0.001890301,0.0,0.0,0.0,0.0,0.0007626178591236827,2.0
Ohio,Portage,0.8830911229999999,0.116908877,0.0,0.0,0.0,0.0,0.00035699777184149297,0.0025728460108576565,1.0
Ohio,Preble,0.7546798790000001,0.241667147,0.003652975,0.0,0.0,0.0,4.892128565138692e-05,0.0016144024264957686,2.0
Ohio,Scioto,0.959374454,0.040170172,0.000455373,0.0,0.0,0.0,0.0,0.0004779987784475662,2.0
Ohio,Stark,0.6996668909999999,0.291208174,0.009124935,0.0,0.0,0.0,0.0003022077354387138,0.0028385940864422057,2.0
Ohio,Summit,0.706524939,0.29027996100000003,0.0031950990000000003,0.0,0.0,0.0,0.0003807671904371984,0.003639468922188561,2.0
Ohio,Trumbull,0.772182965,0.220053853,0.007763183000000002,0.0,0.0,0.0,0.00031317243678462834,0.0043591582733086155,2.0
Ohio,Warren,0.673779103,0.313497414,0.012723483,0.0,0.0,0.0,8.951330338189786e-05,0.0032267414600046034,2.0
Ohio,Washington,0.8738932859999999,0.121620415,0.004486299,0.0,0.0,0.0,0.0003338285122932349,0.0021198110530620423,2.0
Ohio,Wood,0.872820473,0.122703718,0.004475809,0.0,0.0,0.0,0.0003898575873166332,0.002935398304501709,2.0
Oklahoma,Adair,0.827700565,0.170472951,0.0013698629999999998,0.000456621,0.0,0.0,0.00018022889069117782,0.0051815806073713605,3.0
Oklahoma,Canadian,0.860529255,0.135763079,0.003707667,0.0,0.0,0.0,2.0228446590158185e-05,0.0019486736881852388,2.0
Oklahoma,Cleveland,0.728351449,0.266618152,0.0050303990000000005,0.0,0.0,0.0,0.0001408381276979304,0.0032075883583203646,2.0
Oklahoma,Comanche,0.795408386,0.201851888,0.002739726,0.0,0.0,0.0,4.1408210419962074e-05,0.003378909970268905,2.0
Oklahoma,Creek,0.905577749,0.093469591,0.000952661,0.0,0.0,0.0,9.787198344565308e-05,0.002055311652358715,2.0
Oklahoma,Dewey,0.788578797,0.206805588,0.004615615,0.0,0.0,0.0,0.0,0.0010222858311183807,2.0
Oklahoma,Kay,0.683010157,0.312408454,0.004581389,0.0,0.0,0.0,0.00016077908953098446,0.002250907253433782,2.0
Oklahoma,Mayes,0.923615914,0.07534061,0.001043475,0.0,0.0,0.0,0.00012165450121654502,0.0019951338199513387,2.0
Oklahoma,Muskogee,0.932115881,0.064890879,0.001953868,0.001039372,0.0,0.0,0.00016177184287542097,0.0018089033339706165,3.0
Oklahoma,Oklahoma,0.680935449,0.308106894,0.010957657,0.0,0.0,0.0,8.778155935162032e-05,0.003798433475372257,2.0
Oklahoma,Ottawa,0.743493414,0.255132953,0.001373633,0.0,0.0,0.0,6.425289941208598e-05,0.002345230828541138,2.0
Oklahoma,Pittsburg,0.7948943159999999,0.203734566,0.001371117,0.0,0.0,0.0,6.87222247674898e-05,0.0013286296788381365,2.0
Oklahoma,Sequoyah,0.885146247,0.114853753,0.0,0.0,0.0,0.0,7.216916452163872e-05,0.0009622555269551828,1.0
Oklahoma,Tulsa,0.618423285,0.373817901,0.00684682,0.000911994,0.0,0.0,0.00010590098718137615,0.005439320269141987,3.0
Oregon,Baker,0.887357465,0.104039582,0.005671339,0.002931613,0.0,0.0,0.0,0.00024807740014884643,3.0
Oregon,Benton,0.931189729,0.06526629,0.003087361,0.000456621,0.0,0.0,5.373281893114677e-05,0.0009027113580432657,3.0
Oregon,Clackamas,0.900952306,0.07817263099999999,0.015511548,0.00459191,0.000771605,0.0,5.739059320351899e-05,0.001795847312326782,4.0
Oregon,Columbia,0.957518921,0.037630019,0.003887668,0.000963391,0.0,0.0,0.0,0.00057302211865378,3.0
Oregon,Crook,0.793825675,0.186208413,0.011466796,0.008499116,0.0,0.0,0.0,0.00040976889034584487,3.0
Oregon,Deschutes,0.8811732940000001,0.09195178,0.011014507,0.010837588,0.003652968,0.0013698629999999998,0.0,0.0009256823746029175,5.0
Oregon,Douglas,0.897967022,0.096971576,0.003668645,0.0013927579999999998,0.0,0.0,0.0,0.0003784465669489998,3.0
Oregon,Grant,0.766955299,0.220061082,0.008053427,0.004930193,0.0,0.0,0.0,0.00013890818169190166,3.0
Oregon,Harney,0.74364958,0.242909874,0.010487935,0.00295261,0.0,0.0,0.0,0.00013526308670363854,3.0
Oregon,Jackson,0.7150981390000001,0.230292701,0.023858824,0.02626701,0.003570083,0.000913242,0.0,0.0005295459482945905,5.0
Oregon,Josephine,0.772236445,0.193349552,0.013059361,0.018614916,0.002283105,0.000456621,1.1430269640060807e-05,0.0003771988981220067,5.0
Oregon,Klamath,0.706354695,0.248842784,0.023203212,0.019465387,0.002133921,0.0,0.0,0.0018025147278642399,4.0
Oregon,Lake,0.823268989,0.14783808199999998,0.021032241,0.007860688000000001,0.0,0.0,0.0,0.0024145380607446944,3.0
Oregon,Lane,0.7101292509999999,0.253798937,0.028309255,0.006392694,0.000913242,0.000456621,7.85202595356312e-06,0.00043186142744597154,5.0
Oregon,Linn,0.8483928190000001,0.1403355,0.007618713,0.003652968,0.0,0.0,6.936469645238114e-05,0.0011637854627010616,3.0
Oregon,Marion,0.861818117,0.129751728,0.007060291999999998,0.0013698629999999998,0.0,0.0,0.00013512814172929522,0.004424727874923092,3.0
Oregon,Multnomah,0.889520174,0.102718517,0.004108341,0.003652968,0.0,0.0,8.488598827589177e-05,0.0027544888079669805,3.0
Oregon,Umatilla,0.8141822059999999,0.17006741399999994,0.011042149,0.003595441,0.001112789,0.0,5.131494547787043e-05,0.006837716484926234,4.0
Oregon,Union,0.86528348,0.118552152,0.011938768999999998,0.004225599,0.0,0.0,3.726476616359232e-05,0.012744550027948573,3.0
Oregon,Wallowa,0.888831831,0.099706372,0.007755989,0.003705808,0.0,0.0,0.0,0.0013873473917869034,3.0
Oregon,Wasco,0.8753609659999999,0.112804209,0.006158628,0.005218322,0.000457875,0.0,7.495689978262499e-05,0.002735926842065812,4.0
Oregon,Washington,0.836584575,0.152913142,0.00913242,0.0013698629999999998,0.0,0.0,3.3245122940464643e-05,0.0022922512267450363,3.0
Pennsylvania,Adams,0.7634559590000001,0.231524939,0.005019102,0.0,0.0,0.0,0.00012620256482443279,0.003310390354240892,2.0
Pennsylvania,Allegheny,0.436308855,0.502073508,0.05705267400000001,0.0045649620000000005,0.0,0.0,0.00015377720396860314,0.0023601100288229465,3.0
Pennsylvania,Armstrong,0.697235562,0.297728993,0.005035445,0.0,0.0,0.0,9.26855642233722e-05,0.0011740171468293814,2.0
Pennsylvania,Beaver,0.62847768,0.3610250270000001,0.010497293,0.0,0.0,0.0,0.0005063167590847257,0.004135936899511374,2.0
Pennsylvania,Berks,0.654974175,0.328139581,0.016429623,0.000456621,0.0,0.0,0.0008334045644926918,0.010824761850490543,3.0
Pennsylvania,Blair,0.742839083,0.25396328100000004,0.003197636,0.0,0.0,0.0,8.208226284382208e-06,0.000590992292475519,2.0
Pennsylvania,Bradford,0.913338663,0.08666133699999999,0.0,0.0,0.0,0.0,8.288712431410905e-05,0.0009614906420436648,1.0
Pennsylvania,Bucks,0.767765545,0.20318794,0.026627988,0.002418528,0.0,0.0,0.0008992948891400196,0.009195091282410427,3.0
Pennsylvania,Cambria,0.68320116,0.315885598,0.000913242,0.0,0.0,0.0,2.3042890500184345e-05,0.0006375199705051001,2.0
Pennsylvania,Centre,0.7370811190000001,0.26018165,0.002737231,0.0,0.0,0.0,4.31074298734489e-05,0.0012624318748652892,2.0
Pennsylvania,Chester,0.6406577760000001,0.348813465,0.010072138,0.000456621,0.0,0.0,0.00061906058984093,0.007106815571373877,3.0
Pennsylvania,Clearfield,0.927590562,0.071430433,0.000979005,0.0,0.0,0.0,0.0,0.0009084600340672511,2.0
Pennsylvania,Cumberland,0.70253919,0.292881944,0.004578866,0.0,0.0,0.0,0.00025259501914196627,0.0033784583810237997,2.0
Pennsylvania,Dauphin,0.675487187,0.313561394,0.010494798,0.000456621,0.0,0.0,0.0004850897775414213,0.007398517421909529,3.0
Pennsylvania,Delaware,0.572812371,0.412105136,0.015082493,0.0,0.0,0.0,0.00115571851284612,0.0127570150349274,2.0
Pennsylvania,Elk,0.941549965,0.056066765,0.00238327,0.0,0.0,0.0,3.3433634236041456e-05,0.0005015045135406219,2.0
Pennsylvania,Erie,0.775104131,0.22214971,0.002746159,0.0,0.0,0.0,4.4489263257800454e-05,0.0022986119349863565,2.0
Pennsylvania,Franklin,0.957493399,0.042506601,0.0,0.0,0.0,0.0,0.0002838215278628884,0.006063459913434434,1.0
Pennsylvania,Greene,0.888532036,0.108248705,0.0032192590000000004,0.0,0.0,0.0,2.759914994618166e-05,0.001131565147793448,2.0
Pennsylvania,Indiana,0.867542642,0.124227843,0.008229516,0.0,0.0,0.0,7.136655049778169e-05,0.0013202811842089614,2.0
Pennsylvania,Lackawanna,0.7849259820000001,0.211882662,0.003191357,0.0,0.0,0.0,0.0009729389433119986,0.008141209687419517,2.0
Pennsylvania,Lancaster,0.541319211,0.435857225,0.021910323,0.000913242,0.0,0.0,0.0006670038334396143,0.0081799591002045,3.0
Pennsylvania,Lawrence,0.924256006,0.073913726,0.001830268,0.0,0.0,0.0,0.00010524838619141171,0.0012045093086350453,2.0
Pennsylvania,Lebanon,0.606550099,0.3779081520000001,0.015541749,0.0,0.0,0.0,0.0003032589761130663,0.009520921343084635,2.0
Pennsylvania,Lehigh,0.79746041,0.195222114,0.007317476,0.0,0.0,0.0,0.0008123080922132147,0.011529359522146228,2.0
Pennsylvania,Luzerne,0.93925118,0.059380205,0.001368615,0.0,0.0,0.0,0.0005576260880797184,0.009183503088996492,2.0
Pennsylvania,Lycoming,0.937727909,0.061816718,0.000455373,0.0,0.0,0.0,0.00016769786141095682,0.0016505000044131017,2.0
Pennsylvania,Mercer,0.6686204060000001,0.324534022,0.006388951,0.000456621,0.0,0.0,5.483257786226057e-05,0.0012794268167860801,3.0
Pennsylvania,Monroe,0.846614705,0.150622332,0.002762963,0.0,0.0,0.0,0.0006401559866330732,0.008357265770448286,2.0
Pennsylvania,Montgomery,0.7682598140000001,0.216763184,0.014977003,0.0,0.0,0.0,0.00096760799841139,0.010209227177268434,2.0
Pennsylvania,Northampton,0.609592444,0.375800613,0.012781707,0.0013698629999999998,0.000455373,0.0,0.0008713169661136315,0.011219024845636043,4.0
Pennsylvania,Philadelphia,0.5257878579999999,0.445912868,0.025559548,0.002739726,0.0,0.0,0.001017004363460062,0.0165757191628621,3.0
Pennsylvania,Somerset,0.93744884,0.06208430700000001,0.000466853,0.0,0.0,0.0,1.3615259983389385e-05,0.0008305308589867524,2.0
Pennsylvania,Tioga,0.8512311509999999,0.147858102,0.000910747,0.0,0.0,0.0,4.927200610972876e-05,0.0006159000763716095,2.0
Pennsylvania,Warren,0.918615551,0.064839251,0.016088577,0.000456621,0.0,0.0,2.551606236125641e-05,0.00017861243652879489,3.0
Pennsylvania,Washington,0.564122814,0.429032862,0.006844325,0.0,0.0,0.0,2.900442317453412e-05,0.0011118362216904745,2.0
Pennsylvania,Westmoreland,0.7077384879999999,0.28724241,0.005019102,0.0,0.0,0.0,0.00010891404102619956,0.001934657307702229,2.0
Pennsylvania,York,0.685093695,0.307606607,0.007299698,0.0,0.0,0.0,0.0001113441916189,0.0034093591473707183,2.0
Rhode Island,Kent,0.910425518,0.08060724,0.008500389,0.000466853,0.0,0.0,0.0,0.0072979816424415065,3.0
Rhode Island,Providence,0.764032987,0.225469721,0.009584051,0.000913242,0.0,0.0,4.695342689586198e-06,0.020247882791725555,3.0
Rhode Island,Washington,0.903724531,0.085180448,0.010172935,0.000922086,0.0,0.0,0.0,0.004236444571856311,3.0
South Carolina,Aiken,0.911507915,0.088492085,0.0,0.0,0.0,0.0,5.852333910763613e-05,0.002376047567770027,1.0
South Carolina,Anderson,0.917291462,0.081967797,0.0007407410000000001,0.0,0.0,0.0,5.43054335054651e-05,0.003134904570542758,2.0
South Carolina,Berkeley,0.942939678,0.057060322,0.0,0.0,0.0,0.0,0.00010091835704914725,0.005133672945543577,1.0
South Carolina,Charleston,0.8624223540000001,0.133875046,0.002776674,0.000925926,0.0,0.0,8.021273389303996e-05,0.010425224717189345,3.0
South Carolina,Chesterfield,0.818992554,0.179589236,0.00141821,0.0,0.0,0.0,0.00030668127053669217,0.008170865279299014,2.0
South Carolina,Darlington,0.899428729,0.100571271,0.0,0.0,0.0,0.0,0.00021015341199075326,0.006784953015701462,1.0
South Carolina,Edgefield,0.874021759,0.123003966,0.00201366,0.000960615,0.0,0.0,0.00011005135730007337,0.003044754218635363,3.0
South Carolina,Greenville,0.717476358,0.278421539,0.003191357,0.000910747,0.0,0.0,0.00015853551386517224,0.009775719999541584,3.0
South Carolina,Lexington,0.814917744,0.182787819,0.001373626,0.00092081,0.0,0.0,0.00016736401673640169,0.00723347280334728,3.0
South Carolina,Oconee,0.8938234009999999,0.104799167,0.001377431,0.0,0.0,0.0,1.2571342367938049e-05,0.003406833781711211,2.0
South Carolina,Pickens,0.856059171,0.143297328,0.000643501,0.0,0.0,0.0,3.9406071687525614e-05,0.00673843825856688,2.0
South Carolina,Richland,0.7804800759999999,0.214959952,0.003649225,0.000910747,0.0,0.0,0.00020204012420657158,0.008735830132360334,3.0
South Carolina,Spartanburg,0.730310128,0.266873788,0.0028160840000000004,0.0,0.0,0.0,0.0001501008490079272,0.005200368997920478,2.0
South Carolina,York,0.884087706,0.109822402,0.006089892,0.0,0.0,0.0,4.270781802198741e-05,0.004473643937803181,2.0
South Dakota,Brookings,0.877664358,0.117752964,0.004582678,0.0,0.0,0.0,0.0,0.0018530661116971238,2.0
South Dakota,Codington,0.904841871,0.094233343,0.000924786,0.0,0.0,0.0,0.0,0.002499196686779249,2.0
South Dakota,Custer,0.92452767,0.073181678,0.001831516,0.000459137,0.0,0.0,0.0,0.0010031208203299152,3.0
South Dakota,Jackson,0.923564099,0.074150287,0.002285614,0.0,0.0,0.0,0.00029904306220095687,0.0017942583732057414,2.0
South Dakota,Meade,0.979453206,0.020546794,0.0,0.0,0.0,0.0,3.529577862487647e-05,0.0017294931526189467,1.0
South Dakota,Minnehaha,0.839985128,0.154986968,0.005027904000000001,0.0,0.0,0.0,0.00030030962958360515,0.01877970735344372,2.0
South Dakota,Pennington,0.782299575,0.210832119,0.006411685,0.000456621,0.0,0.0,0.00014062843331136014,0.004596791913865085,3.0
South Dakota,Union,0.8429283590000001,0.153877789,0.003193852,0.0,0.0,0.0,6.276675872457945e-05,0.007783078081847855,2.0
Tennessee,Anderson,0.904783368,0.09430339,0.000913242,0.0,0.0,0.0,2.5981449245238897e-05,0.0013510353607524227,2.0
Tennessee,Blount,0.8057808740000001,0.18965788600000005,0.003650493,0.000910747,0.0,0.0,2.2541476316422214e-05,0.0014125991824957922,3.0
Tennessee,Claiborne,0.935593898,0.06392160599999999,0.000484496,0.0,0.0,0.0,0.0,0.0008761225319941175,2.0
Tennessee,Davidson,0.6544863639999999,0.3377573170000001,0.007299698,0.000456621,0.0,0.0,0.00016423105292273649,0.014073448736861515,3.0
Tennessee,Hamilton,0.725633854,0.268845937,0.004941505,0.000578704,0.0,0.0,8.156518145534035e-05,0.006884101314830725,3.0
Tennessee,Jefferson,0.771359192,0.225693236,0.002947573,0.0,0.0,0.0,1.835030736764841e-05,0.00196348288833838,2.0
Tennessee,Knox,0.7064205170000001,0.289477373,0.00273599,0.00136612,0.0,0.0,1.0631217933588907e-05,0.0020879712021568612,3.0
Tennessee,Loudon,0.80995614,0.18303105600000005,0.005822328000000001,0.001190476,0.0,0.0,1.849522823111637e-05,0.004901235481245839,3.0
Tennessee,Montgomery,0.8706989390000001,0.129301061,0.0,0.0,0.0,0.0,3.3493944773269925e-05,0.0023589306818888674,1.0
Tennessee,Sevier,0.81717212,0.179141854,0.003686025,0.0,0.0,0.0,3.053435114503817e-05,0.00668702290076336,2.0
Tennessee,Shelby,0.718833745,0.267931731,0.012777903,0.000456621,0.0,0.0,0.00020594003623691,0.011037532304842472,3.0
Tennessee,Sullivan,0.621171744,0.314475884,0.063440377,0.000911994,0.0,0.0,1.2630408972642535e-05,0.0005746836082552352,3.0
Tennessee,Sumner,0.808545359,0.188724362,0.0027302790000000004,0.0,0.0,0.0,0.00027184851764140044,0.007679720623369563,2.0
Tennessee,Williamson,0.8965707159999999,0.101353701,0.002075583,0.0,0.0,0.0,5.8721876415616664e-05,0.004571917520930155,2.0
Tennessee,Wilson,0.87149671,0.126758089,0.001745201,0.0,0.0,0.0,0.00011751937341435259,0.005730797680029311,2.0
Texas,Bell,0.8460447090000001,0.145276983,0.008678308000000001,0.0,0.0,0.0,3.582017171639241e-05,0.0036233481390043096,2.0
Texas,Bexar,0.638556635,0.33905371700000003,0.01873036,0.003659289,0.0,0.0,5.5401551443085646e-05,0.006240909903102187,3.0
Texas,Brazoria,0.875343357,0.105867298,0.015126145,0.0036632,0.0,0.0,5.61101254729282e-05,0.00624158348117906,3.0
Texas,Brewster,0.865662797,0.13433720300000002,0.0,0.0,0.0,0.0,0.00010866021949364336,0.0147777898511355,1.0
Texas,Cameron,0.71563615,0.282539861,0.001823989,0.0,0.0,0.0,0.0001299735562891841,0.0056692102097773206,2.0
Texas,Collin,0.846251874,0.131182695,0.02210881,0.000456621,0.0,0.0,4.0590298918558474e-05,0.0028964077585457077,3.0
Texas,Dallas,0.651725429,0.325903885,0.021000823,0.0013698629999999998,0.0,0.0,0.0001441842887692581,0.00830273843907607,3.0
Texas,Denton,0.744842428,0.218641615,0.033776231000000004,0.002739726,0.0,0.0,4.170390900883334e-05,0.003206692462976509,3.0
Texas,Ector,0.899519981,0.100023398,0.000456621,0.0,0.0,0.0,4.211210241663308e-05,0.0033569361640687512,2.0
Texas,El Paso,0.468246126,0.497514784,0.031042743,0.003196347,0.0,0.0,0.00010279938969625486,0.004663845995693246,3.0
Texas,Ellis,0.772225965,0.221381341,0.006392694,0.0,0.0,0.0,0.0001560939804918271,0.00729709569871717,2.0
Texas,Galveston,0.8052381120000001,0.17095581899999998,0.021979585,0.0013698629999999998,0.000456621,0.0,0.00011691154764583984,0.009624743159943766,4.0
Texas,Gregg,0.900256105,0.096084634,0.003659261,0.0,0.0,0.0,0.00010488523135261607,0.0030255355197870023,2.0
Texas,Harris,0.4947288970000001,0.442278614,0.049751728,0.011870899,0.0013698629999999998,0.0,8.147114828703728e-05,0.00697151161865562,4.0
Texas,Harrison,0.8331344270000001,0.16549445599999998,0.001371117,0.0,0.0,0.0,0.0004958454164350216,0.004718044265472631,2.0
Texas,Hidalgo,0.7162199440000001,0.280118272,0.003661784,0.0,0.0,0.0,5.295226123422512e-05,0.004583824005101835,2.0
Texas,Hood,0.888143754,0.102110436,0.008372183,0.001373626,0.0,0.0,6.488976850575085e-05,0.0010869036224713268,3.0
Texas,Hunt,0.935063877,0.06310963900000001,0.0013698629999999998,0.000456621,0.0,0.0,6.085563016005031e-05,0.004584457472057124,3.0
Texas,Jefferson,0.669529905,0.306740774,0.021904085,0.001825236,0.0,0.0,0.00013515393635839644,0.007453342078588039,3.0
Texas,Johnson,0.8384778490000001,0.144273818,0.016315842,0.00093249,0.0,0.0,2.275092852227032e-05,0.0025481039944942755,3.0
Texas,Kaufman,0.85321728,0.145409072,0.0013736470000000002,0.0,0.0,0.0,2.937849787740353e-05,0.004605079542283003,2.0
Texas,Maverick,0.839879486,0.159628872,0.0004916419999999999,0.0,0.0,0.0,3.507090167288201e-05,0.003729205877883121,2.0
Texas,McLennan,0.860549665,0.136755796,0.00269454,0.0,0.0,0.0,5.108817819556554e-05,0.007390756445625149,2.0
Texas,Montgomery,0.7597133159999999,0.223835707,0.015994355,0.000456621,0.0,0.0,5.926989369286012e-05,0.0037158930573551467,3.0
Texas,Navarro,0.7528308690000001,0.233011371,0.011418034,0.002739726,0.0,0.0,0.0001197294115299423,0.00480913136311935,3.0
Texas,Nueces,0.75817959,0.239993926,0.001826484,0.0,0.0,0.0,2.484170314716777e-05,0.007607081541510486,2.0
Texas,Orange,0.7976950009999999,0.192652893,0.009652106,0.0,0.0,0.0,3.597294834284618e-05,0.0032615473164180537,2.0
Texas,Parker,0.874830861,0.110405814,0.013842451,0.000920874,0.0,0.0,6.998978149190218e-06,0.002036702641414353,3.0
Texas,Polk,0.964406083,0.034583816,0.001010101,0.0,0.0,0.0,0.0,0.0023562401417638696,2.0
Texas,Potter,0.906386394,0.073977648,0.019179337,0.000456621,0.0,0.0,0.00033215517608482727,0.02457096623089043,3.0
Texas,Randall,0.8077959509999999,0.186174124,0.006029925,0.0,0.0,0.0,5.083035007588245e-05,0.00626665601649808,2.0
Texas,Rockwall,0.905252069,0.08676724599999999,0.007980685,0.0,0.0,0.0,0.00015250440833055332,0.003574322070247343,2.0
Texas,Smith,0.904004064,0.093710315,0.0022856210000000003,0.0,0.0,0.0,1.7185747859300284e-05,0.0026551980442618933,2.0
Texas,Tarrant,0.669065798,0.288021808,0.039717294,0.0031950990000000003,0.0,0.0,0.00010986841948808928,0.006159290183423186,3.0
Texas,Travis,0.692801357,0.295327744,0.011870899,0.0,0.0,0.0,9.7334754630073e-05,0.0074782919948443985,2.0
Texas,Victoria,0.938803564,0.05953483900000001,0.001661597,0.0,0.0,0.0,8.687719907910169e-05,0.007569175969766734,2.0
Utah,Box Elder,0.7228681290000001,0.260239376,0.015522633,0.0013698629999999998,0.0,0.0,0.0,0.0,3.0
Utah,Cache,0.749416124,0.221826734,0.026474037,0.002283105,0.0,0.0,0.0,0.00028841132131359663,3.0
Utah,Carbon,0.71167656,0.284439785,0.003883655,0.0,0.0,0.0,0.0,9.773737966085128e-05,2.0
Utah,Davis,0.6852442559999999,0.278628525,0.035670599,0.000456621,0.0,0.0,1.4065449348910349e-05,0.003426343461394561,3.0
Utah,Duchesne,0.7147254040000001,0.265193253,0.015518876,0.004562467,0.0,0.0,0.0,0.0001504664459825459,3.0
Utah,Salt Lake,0.482412606,0.436799162,0.075770392,0.005017841,0.0,0.0,9.30683871679376e-05,0.009855769852219464,3.0
Utah,San Juan,0.7800706000000001,0.216191841,0.003737559,0.0,0.0,0.0,0.0005879278808466162,0.026260778677815518,2.0
Utah,Tooele,0.7558163040000001,0.225470968,0.018257355,0.000455373,0.0,0.0,0.0,0.003418259317178483,3.0
Utah,Uintah,0.617497567,0.355118896,0.016889987,0.00821294,0.00228061,0.0,0.0,0.00016790731516203058,4.0
Utah,Utah,0.611137311,0.34733388200000004,0.03605185,0.005476956999999999,0.0,0.0,3.4578418351709666e-05,0.006529034083318271,3.0
Vermont,Bennington,0.915841585,0.082788545,0.00136987,0.0,0.0,0.0,2.8192839018889203e-05,0.0020298844093600225,2.0
Vermont,Chittenden,0.906870524,0.093129476,0.0,0.0,0.0,0.0,0.00023813303698999838,0.003712432986921001,1.0
Vermont,Rutland,0.826428507,0.17082800399999998,0.0027434890000000004,0.0,0.0,0.0,1.7184788025639707e-05,0.0012544895258716985,2.0
Virginia,Albemarle,0.896317623,0.103227004,0.000455373,0.0,0.0,0.0,8.231958291411324e-05,0.003722674471782676,2.0
Virginia,Arlington,0.8322009770000001,0.15636836199999998,0.010971524,0.000459137,0.0,0.0,0.0005573335810371471,0.010488004661335405,3.0
Virginia,Caroline,0.911556354,0.087527895,0.000915751,0.0,0.0,0.0,0.00013018714401952808,0.0041659886086248986,2.0
Virginia,Chesterfield,0.8867022920000001,0.112668777,0.000628931,0.0,0.0,0.0,0.00015022590574883363,0.008259590365133984,2.0
Virginia,Fairfax,0.7657679159999999,0.227389,0.006843084,0.0,0.0,0.0,0.00042526047203912405,0.01208158029580003,2.0
Virginia,Fauquier,0.957351431,0.042648569,0.0,0.0,0.0,0.0,9.828423801634327e-05,0.005897054280980596,1.0
Virginia,Frederick,0.847660372,0.152339628,0.0,0.0,0.0,0.0,6.717946995398205e-05,0.005654272054460157,1.0
Virginia,Giles,0.838287714,0.124682494,0.024701024,0.012328767,0.0,0.0,0.0,0.0008971291866028707,3.0
Virginia,Hanover,0.878193129,0.120196565,0.0016103060000000002,0.0,0.0,0.0,0.00025054284282612327,0.003980847391570625,2.0
Virginia,Henrico,0.83637013,0.159973139,0.00320011,0.000456621,0.0,0.0,0.0004413302782799001,0.007868374755908082,3.0
Virginia,Loudoun,0.868414459,0.128319402,0.0032661390000000004,0.0,0.0,0.0,0.0002103796990844856,0.009786283243619692,2.0
Virginia,Madison,0.8935871940000001,0.105951126,0.000461681,0.0,0.0,0.0,7.540909433677702e-05,0.0032425910564814115,2.0
Virginia,Prince Edward,0.96255872,0.036958188,0.000483092,0.0,0.0,0.0,0.00017542320849048328,0.008376458205420578,2.0
Virginia,Prince William,0.914630253,0.08354449,0.001825257,0.0,0.0,0.0,0.0003061647549087353,0.015586762626638459,2.0
Virginia,Richmond City,0.86571593,0.13428407,0.0,0.0,0.0,0.0,0.0007757951900698216,0.028150282611104957,1.0
Virginia,Roanoke,0.860273973,0.13926940599999998,0.000456621,0.0,0.0,0.0,0.0,0.0003291359650054148,2.0
Virginia,Rockbridge,0.945910935,0.054089065,0.0,0.0,0.0,0.0,0.00048730784565631513,0.031896513533867896,1.0
Virginia,Rockingham,0.920410785,0.079133841,0.000455373,0.0,0.0,0.0,6.101430175233074e-05,0.012080831746961488,2.0
Virginia,Stafford,0.899264429,0.098461883,0.002273687,0.0,0.0,0.0,6.540992399366833e-06,0.00034667259716644207,2.0
Virginia,Wythe,0.921372503,0.078627497,0.0,0.0,0.0,0.0,0.0010807418770046018,0.07715102496165109,1.0
Washington,Adams,0.946237824,0.042476441,0.005175359,0.006110376999999999,0.0,0.0,0.0,0.007106040134113997,3.0
Washington,Asotin,0.826065094,0.15851551,0.010551296000000002,0.003427178,0.001440922,0.0,8.85661146045523e-05,0.0009299442033477993,4.0
Washington,Benton,0.832440805,0.148780081,0.014661956,0.003656752,0.0,0.000460405,0.0004011937961739811,0.008796907872205098,5.0
Washington,Chelan,0.8072020059999999,0.16627235,0.012362824,0.010509851,0.003196347,0.000456621,7.7720207253886e-05,0.004494818652849741,5.0
Washington,Clallam,0.866141727,0.126095716,0.003652968,0.003652968,0.000456621,0.0,0.0,0.0004655312875819528,4.0
Washington,Clark,0.8322129629999999,0.156230882,0.008732804,0.002823351,0.0,0.0,6.144506503960134e-05,0.0015340784571553805,3.0
Washington,Columbia,0.936095944,0.05513893,0.006720736999999999,0.00204439,0.0,0.0,0.0,0.0020075282308657464,3.0
Washington,Cowlitz,0.935898326,0.060901543,0.001830268,0.0013698629999999998,0.0,0.0,0.0,0.0016908845948658596,3.0
Washington,Franklin,0.924457291,0.066881013,0.005721670999999999,0.002940025,0.0,0.0,0.00034655856839805926,0.0178215118355002,3.0
Washington,Grant,0.902436735,0.085665751,0.005498478,0.005942415,0.000456621,0.0,6.139175099505797e-05,0.005228530793079104,4.0
Washington,Grays Harbor,0.957988004,0.038815649,0.0013698629999999998,0.001826484,0.0,0.0,0.0,0.000359707437950467,3.0
Washington,Jefferson,0.968802226,0.027955638,0.001849379,0.0013927579999999998,0.0,0.0,0.0,0.0011793550789857546,3.0
Washington,King,0.730294916,0.249591118,0.013721273,0.005936073,0.000456621,0.0,0.0002716641024297957,0.004573900182085972,4.0
Washington,Kitsap,0.974705357,0.020592054,0.003269925,0.001432665,0.0,0.0,7.367215155835017e-06,0.0008288117050314396,3.0
Washington,Kittitas,0.83893726,0.14287962699999998,0.01114258,0.006101566,0.000938967,0.0,2.0861583394179613e-05,0.00273286742463753,4.0
Washington,Lewis,0.927751236,0.067677494,0.001826484,0.002744786,0.0,0.0,3.717149689618001e-05,0.0008425539296467469,3.0
Washington,Mason,0.931702127,0.064179468,0.002746026,0.001372379,0.0,0.0,1.4977234603402828e-05,0.0007638389647735442,3.0
Washington,Okanogan,0.648194777,0.316044617,0.011965552,0.019211233,0.001831516,0.002752305,4.734512226877826e-05,0.0020121676964230764,5.0
Washington,Pierce,0.790933703,0.192629189,0.009589041,0.006848066999999999,0.0,0.0,0.00011491966673296647,0.002861941700369069,3.0
Washington,Skagit,0.954809492,0.041080919,0.002739726,0.0013698629999999998,0.0,0.0,0.0001160945783831895,0.004078789520529392,3.0
Washington,Snohomish,0.7909558390000001,0.188453294,0.016473709,0.004117157,0.0,0.0,0.00020800819381984543,0.004300052427796221,3.0
Washington,Spokane,0.767389335,0.212027498,0.013267167,0.005489515,0.001826484,0.0,7.842417147732012e-05,0.002656857906877991,4.0
Washington,Stevens,0.723014178,0.252741994,0.014647218,0.009596609,0.0,0.0,2.187083087286486e-05,0.0003936749557115675,3.0
Washington,Thurston,0.8858657870000001,0.109382214,0.001404182,0.0033478170000000003,0.0,0.0,2.4093399785224553e-05,0.0008983396205633727,3.0
Washington,Walla Walla,0.89493278,0.094349459,0.007462990999999999,0.002798149,0.000456621,0.0,4.9374588545095457e-05,0.0027978933508887426,4.0
Washington,Whatcom,0.8185772720000001,0.16087478300000002,0.017808219,0.002739726,0.0,0.0,0.00017448428987075075,0.002769938101698169,3.0
Washington,Whitman,0.930873684,0.057680518,0.007789046,0.003656752,0.0,0.0,0.0,0.0007584224812390227,3.0
Washington,Yakima,0.667853009,0.288276029,0.031537122,0.010050735,0.002283105,0.0,0.000633786816437002,0.028412782563289,4.0
West Virginia,Berkeley,0.838076193,0.16007117199999998,0.001852636,0.0,0.0,0.0,8.391303253308271e-05,0.003859999496521805,2.0
West Virginia,Brooke,0.8658058240000001,0.12826184599999998,0.00593233,0.0,0.0,0.0,0.0,0.0005013902183326496,2.0
West Virginia,Cabell,0.87760382,0.119806906,0.002589274,0.0,0.0,0.0,0.0,0.0014138887378324,2.0
West Virginia,Gilmer,0.976328589,0.023189715,0.000481696,0.0,0.0,0.0,0.0,0.0016617665857088073,2.0
West Virginia,Greenbrier,0.929294702,0.070705298,0.0,0.0,0.0,0.0,2.885003750504876e-05,0.0017021522127978767,1.0
West Virginia,Hancock,0.864902563,0.132357711,0.002739726,0.0,0.0,0.0,3.4710170079833394e-05,0.000798333911836168,2.0
West Virginia,Kanawha,0.8340031940000001,0.163201424,0.00233113,0.000464253,0.0,0.0,0.0001122813321057241,0.0018414138465338754,3.0
West Virginia,Marshall,0.74064761,0.25935239,0.0,0.0,0.0,0.0,0.0,0.001408404572401821,1.0
West Virginia,Monongalia,0.90801256,0.091064079,0.000923361,0.0,0.0,0.0,4.7343104950195064e-05,0.0017043517782070216,2.0
West Virginia,Ohio,0.8026035859999999,0.192917761,0.004478653,0.0,0.0,0.0,2.4148173190698128e-05,0.00231822462630702,2.0
West Virginia,Tucker,0.942383387,0.05667896400000001,0.000937648,0.0,0.0,0.0,0.0,0.000877321245796169,2.0
West Virginia,Wood,0.886193795,0.111515567,0.002290639,0.0,0.0,0.0,2.394693359515314e-05,0.0010416916113891617,2.0
Wisconsin,Ashland,0.960666117,0.039333883,0.0,0.0,0.0,0.0,0.0,0.00019277727798483485,1.0
Wisconsin,Brown,0.8164530459999999,0.178071244,0.0054757090000000005,0.0,0.0,0.0,0.00015876495981734468,0.011022824353032791,2.0
Wisconsin,Columbia,0.8965593270000001,0.098608568,0.004832106,0.0,0.0,0.0,1.7381631092261693e-05,0.0015295835361190293,2.0
Wisconsin,Dane,0.779079023,0.218637872,0.002283105,0.0,0.0,0.0,5.853355161470289e-05,0.003572375821984836,2.0
Wisconsin,Dodge,0.8110275220000001,0.182583527,0.006388951,0.0,0.0,0.0,5.6922323796946695e-05,0.005248238254078485,2.0
Wisconsin,Door,0.885063336,0.096031363,0.018905301,0.0,0.0,0.0,0.00010842850946942315,0.0015902848055515395,2.0
Wisconsin,Eau Claire,0.8602300740000001,0.138847756,0.00092217,0.0,0.0,0.0,9.556026986220207e-06,0.0022934464766928503,2.0
Wisconsin,Fond du Lac,0.887933065,0.107020159,0.005046775999999999,0.0,0.0,0.0,5.802539578155374e-05,0.0030269914799377195,2.0
Wisconsin,Forest,0.928360256,0.070709855,0.000929889,0.0,0.0,0.0,0.00033318525099955583,0.004331408262994225,2.0
Wisconsin,Grant,0.857380715,0.141239303,0.001379982,0.0,0.0,0.0,0.0002527265304535469,0.003129920877155466,2.0
Wisconsin,Jefferson,0.873222945,0.11866976,0.008107295,0.0,0.0,0.0,4.718706130778941e-05,0.002854817209121259,2.0
Wisconsin,Kenosha,0.733916495,0.239880411,0.023450741,0.0027523540000000003,0.0,0.0,0.0002535960509787038,0.008976120688129936,3.0
Wisconsin,Kewaunee,0.8755505570000001,0.111801075,0.011953924,0.0006944439999999999,0.0,0.0,4.893804443574435e-05,0.002887344621708917,3.0
Wisconsin,La Crosse,0.860634566,0.139365434,0.0,0.0,0.0,0.0,0.0,0.0038554094360086773,1.0
Wisconsin,Manitowoc,0.876895036,0.104012711,0.017697553,0.0013947,0.0,0.0,1.266127296438384e-05,0.001253466023474,3.0
Wisconsin,Marathon,0.926861678,0.072279215,0.000859107,0.0,0.0,0.0,7.369631223653567e-06,0.001282315832915721,2.0
Wisconsin,Milwaukee,0.7129026620000001,0.27432193,0.011863413,0.000911994,0.0,0.0,0.00041238159889862386,0.012170544111085028,3.0
Wisconsin,Oneida,0.8997863429999999,0.055062729000000005,0.044227566,0.000923361,0.0,0.0,0.0,0.0005618766680713583,3.0
Wisconsin,Outagamie,0.796445163,0.192097444,0.011457393,0.0,0.0,0.0,4.790164196183836e-05,0.002613300689251404,2.0
Wisconsin,Ozaukee,0.819865283,0.16241017800000002,0.016336782,0.001387757,0.0,0.0,0.00016812185472030126,0.0026675334282287803,3.0
Wisconsin,Rock,0.8668961409999999,0.12369652,0.009407339,0.0,0.0,0.0,0.00014692018560916786,0.005344221751533479,2.0
Wisconsin,Sauk,0.8570020979999999,0.140259424,0.002738478,0.0,0.0,0.0,6.207131994661866e-05,0.001675925638558704,2.0
Wisconsin,Sheboygan,0.805368225,0.15324185099999998,0.037511437,0.003878487,0.0,0.0,3.468007629616785e-05,0.0018033639674007282,3.0
Wisconsin,Taylor,0.894735493,0.104807886,0.000456621,0.0,0.0,0.0,0.0,0.0006390404561765718,2.0
Wisconsin,Vilas,0.929148502,0.070050216,0.000801282,0.0,0.0,0.0,0.0,0.0004956071187204325,2.0
Wisconsin,Walworth,0.8683324990000001,0.120723646,0.010943854,0.0,0.0,0.0,0.0001732968768051758,0.005892093811375977,2.0
Wisconsin,Waukesha,0.764077085,0.232225083,0.003697832,0.0,0.0,0.0,9.648736510324148e-05,0.002993582353203133,2.0
Wyoming,Albany,0.694645308,0.30261496600000004,0.002283105,0.000456621,0.0,0.0,0.0,0.0008744855967078188,3.0
Wyoming,Big Horn,0.93630923,0.06369077,0.0,0.0,0.0,0.0,0.0,0.001696352841391009,1.0
Wyoming,Campbell,0.726157147,0.26608154300000003,0.005021583,0.002739726,0.0,0.0,0.0,0.0012084331369629489,3.0
Wyoming,Carbon,0.8671619629999999,0.127815206,0.003196347,0.001826484,0.0,0.0,0.0,0.0016216216216216215,3.0
Wyoming,Converse,0.83614043,0.158837987,0.003652968,0.001368615,0.0,0.0,0.0,0.0018810591810157718,3.0
Wyoming,Fremont,0.764916286,0.231430746,0.003652968,0.0,0.0,0.0,0.0,0.009118463615292527,2.0
Wyoming,Laramie,0.819606756,0.17811013899999995,0.000913242,0.0013698629999999998,0.0,0.0,0.0,0.00271356783919598,3.0
Wyoming,Lincoln,0.972606483,0.026936896,0.0,0.0,0.000456621,0.0,0.0,0.001210287443267776,4.0
Wyoming,Natrona,0.8694011490000001,0.129685609,0.000913242,0.0,0.0,0.0,0.0,0.001577800596058003,2.0
Wyoming,Sheridan,0.842506924,0.152928113,0.004108341,0.000456621,0.0,0.0,0.0,0.000885681482696408,3.0
Wyoming,Sublette,0.733419418,0.256992789,0.00821793,0.0013698629999999998,0.0,0.0,0.0,0.0006103143118706134,3.0
Wyoming,Sweetwater,0.6996219779999999,0.286224019,0.011414278,0.002283105,0.000456621,0.0,0.0,0.0021254989018255678,4.0
Wyoming,Teton,0.8612308809999999,0.137399256,0.0013698629999999998,0.0,0.0,0.0,0.0,0.005583020797817934,2.0
Wyoming,Uinta,0.867154478,0.130105796,0.002283105,0.0,0.0,0.000456621,0.0,0.008751112429546128,5.0
Wyoming,Weston,0.900507773,0.099035606,0.000456621,0.0,0.0,0.0,0.0,0.00028872527789807997,2.0
