State,County,CS,GoodDays,ModerateDays,UnhealthyForSensitiveGroupsDays,UnhealthyDays,VeryUnhealthyDays,HazardousDays,AQI_Class_KMR,AQI_Class_KMN
Alabama,Baldwin,BaldwinAlabama,0.876604492444868,0.120956434282725,0.00243907327240661,0,0,0,1,1
Alabama,Colbert,ColbertAlabama,0.91597214235451,0.0834368410970266,0.000591016548463357,0,0,0,1,1
Alabama,DeKalb,DeKalbAlabama,0.889765691679667,0.109296244294495,0.00093806402583832,0,0,0,1,1
Alabama,Etowah,EtowahAlabama,0.687626755123413,0.304895659535608,0.00370990152668235,0.00376768381429721,0,0,2,3
Alabama,Houston,HoustonAlabama,0.910648631096963,0.0887582490928356,0.000593119810201661,0,0,0,1,1
Alabama,Jefferson,JeffersonAlabama,0.469168101404796,0.508925318761384,0.0209945854230606,0.000911994410759288,0,0,3,2
Alabama,Madison,MadisonAlabama,0.815894993967969,0.183147884526964,0.000957121505066711,0,0,0,2,1
Alabama,Mobile,MobileAlabama,0.770769944467371,0.221599094849213,0.00763096068341605,0,0,0,2,2
Alabama,Montgomery,MontgomeryAlabama,0.631961256185303,0.364754509905993,0.00234340151752998,0.000459136822773186,0.000481695568400771,0,2,1
Alabama,Morgan,MorganAlabama,0.840943915387257,0.15814284260361,0.00091324200913242,0,0,0,1,1
Alabama,Russell,RussellAlabama,0.721448285470284,0.276975740386141,0.0015759741435756,0,0,0,2,1
Alabama,Shelby,ShelbyAlabama,0.869072655868392,0.120734417649884,0.0101929264817242,0,0,0,1,2
Alabama,Sumter,SumterAlabama,0.909249092306207,0.0902201221311605,0.000530785562632696,0,0,0,1,1
Alabama,Tuscaloosa,TuscaloosaAlabama,0.709897988097273,0.289104988093203,0.00099702380952381,0,0,0,2,1
Arizona,Apache,ApacheArizona,0.995392940227603,0.00460705977239748,0,0,0,0,1,1
Arizona,Cochise,CochiseArizona,0.723393717094593,0.272499189061058,0.00410709384434963,0,0,0,2,1
Arizona,Coconino,CoconinoArizona,0.734146044075239,0.259866720848082,0.00598723507667907,0,0,0,2,2
Arizona,Gila,GilaArizona,0.26701848940789,0.414898819771939,0.266518202460264,0.0515644883599072,0,0,3,3
Arizona,La Paz,La PazArizona,0.771647496891432,0.222340070752101,0.00601243235646695,0,0,0,2,2
Arizona,Maricopa,MaricopaArizona,0.162483469321556,0.711991915562542,0.118219926641216,0.00502283105022831,0.00228185742445792,0,3,3
Arizona,Mohave,MohaveArizona,0.969516926501892,0.0300239366753351,0.000459136822773186,0,0,0,1,1
Arizona,Navajo,NavajoArizona,0.787495713313854,0.209759529022334,0.00274475766381121,0,0,0,2,1
Arizona,Pima,PimaArizona,0.562762931357138,0.424456670908501,0.0127803977343614,0,0,0,3,2
Arizona,Pinal,PinalArizona,0.234151757866108,0.611576465304289,0.113184619607256,0.0182586021907827,0.00502158345185518,0.0178069715797091,3,3
Arizona,Santa Cruz,Santa CruzArizona,0.764727373915983,0.227956605888808,0.00457377834960519,0.00274224184560424,0,0,2,3
Arizona,Yavapai,YavapaiArizona,0.770022814884515,0.223498155147333,0.00647902996815164,0,0,0,2,2
Arizona,Yuma,YumaArizona,0.663642488210195,0.300758539810864,0.0305786361254585,0.00273847842902413,0.00182648401826484,0.000455373406193078,2,3
Arkansas,Clark,ClarkArkansas,0.966994777346687,0.0330052226533132,0,0,0,0,1,1
Arkansas,Crittenden,CrittendenArkansas,0.820156199316316,0.175737954437707,0.00365047283978342,0.000455373406193078,0,0,1,1
Arkansas,Newton,NewtonArkansas,0.939710864278571,0.0602891357214286,0,0,0,0,1,1
Arkansas,Polk,PolkArkansas,0.86973572426938,0.129340914696456,0.000923361034164358,0,0,0,1,1
Arkansas,Pulaski,PulaskiArkansas,0.667259275893904,0.330000998078698,0.00273972602739726,0,0,0,2,1
Arkansas,Union,UnionArkansas,0.846536428785376,0.151638334794732,0.00136986301369863,0.000455373406193078,0,0,1,1
Arkansas,Washington,WashingtonArkansas,0.816016667914265,0.183983332085735,0,0,0,0,2,1
California,Alameda,AlamedaCalifornia,0.603811413029917,0.361504104598648,0.0260111784814233,0.0073034408763131,0.00136986301369863,0,2,3
California,Amador,AmadorCalifornia,0.800557662990523,0.183332100272063,0.0161102367374135,0,0,0,2,2
California,Butte,ButteCalifornia,0.474675000623799,0.474203408438755,0.0401626868278564,0.00776255707762557,0.00136986301369863,0.00182648401826484,3,3
California,Calaveras,CalaverasCalifornia,0.625160781547288,0.336716810127395,0.0326070519741119,0.00460211434207255,0.00045662100456621,0.00045662100456621,2,3
California,Colusa,ColusaCalifornia,0.710619557352097,0.270202360456122,0.00958904109589041,0.0091324200913242,0.00045662100456621,0,2,3
California,Contra Costa,Contra CostaCalifornia,0.681377099084263,0.294425730468848,0.0164346133692642,0.00684931506849315,0.00091324200913242,0,2,3
California,El Dorado,El DoradoCalifornia,0.646731030335665,0.267817179829381,0.0731379938921444,0.0118571749382439,0.00045662100456621,0,2,3
California,Fresno,FresnoCalifornia,0.251483394465654,0.467825685555306,0.221361379344761,0.0584162986251466,0.00091324200913242,0,3,3
California,Glenn,GlennCalifornia,0.76354535287026,0.225455489928839,0.00778519944148836,0.00275482093663912,0.000459136822773186,0,2,3
California,Humboldt,HumboldtCalifornia,0.845170011446066,0.145687532836135,0.00685558733503939,0.00228686838275879,0,0,1,3
California,Imperial,ImperialCalifornia,0.260142974773561,0.623931431993413,0.100407964668014,0.0100419193053372,0.00319509943359034,0.00228060982608479,3,3
California,Inyo,InyoCalifornia,0.599695585996956,0.33960251515832,0.036967587394266,0.0127803977343614,0.00228185742445792,0.00867205629163859,2,3
California,Kern,KernCalifornia,0.185300795967762,0.466898719964069,0.281607904783292,0.0643660952666118,0.00091324200913242,0.00091324200913242,3,3
California,Kings,KingsCalifornia,0.272496693864311,0.549056815629912,0.145573520972129,0.0319597275245153,0,0.00091324200913242,3,3
California,Lake,LakeCalifornia,0.970829840159349,0.0263896524807125,0.00138639538734082,0.000927258564567632,0.000466853408029879,0,1,1
California,Los Angeles,Los AngelesCalifornia,0.100416697856626,0.599256431369613,0.217250542705292,0.0753187613843351,0.00775756668413304,0,3,3
California,Madera,MaderaCalifornia,0.369709559098735,0.507978391596177,0.107247298949522,0.0150647503555655,0,0,3,3
California,Marin,MarinCalifornia,0.824982072869095,0.163597377291924,0.00548447677961999,0.00547945205479452,0.00045662100456621,0,1,3
California,Mariposa,MariposaCalifornia,0.571872894677745,0.358745664595653,0.0460950170920977,0.0187202135888415,0.00410958904109589,0.00045662100456621,3,3
California,Mendocino,MendocinoCalifornia,0.835348113920762,0.149557049409059,0.0100619699934768,0.00411711576095138,0.000457875457875458,0.000457875457875458,1,3
California,Merced,MercedCalifornia,0.454986280530857,0.444485354703186,0.0913921676048332,0.00913619716112418,0,0,3,3
California,Mono,MonoCalifornia,0.830658482421339,0.108652094717668,0.0141515083464331,0.0114080395239165,0.00410958904109589,0.0310202859495471,1,3
California,Monterey,MontereyCalifornia,0.888179005414577,0.102245677071637,0.00501908825510891,0.00455622925867705,0,0,1,3
California,Napa,NapaCalifornia,0.722095232661143,0.264625110783982,0.00641152468674262,0.00595238095238095,0.000915750915750916,0,2,3
California,Nevada,NevadaCalifornia,0.633940123447624,0.263698284931374,0.0859043221780028,0.0164572694429992,0,0,2,3
California,Orange,OrangeCalifornia,0.42036080544951,0.523493524964443,0.0506687127279986,0.00547695685804826,0,0,3,3
California,Placer,PlacerCalifornia,0.528511365621179,0.38842727749083,0.0679991017291714,0.0127791501359882,0.00228310502283105,0,3,3
California,Riverside,RiversideCalifornia,0.129625470968386,0.488800309404397,0.277974898320733,0.0926479027871348,0.00867080869326546,0.00228060982608479,3,3
California,Sacramento,SacramentoCalifornia,0.479218753898745,0.43453102777154,0.074843426404172,0.00912368690271228,0.00182648401826484,0.00045662100456621,3,3
California,San Benito,San BenitoCalifornia,0.83751902587519,0.152441550016219,0.010039424108591,0,0,0,1,2
California,San Bernardino,San BernardinoCalifornia,0.104987898295781,0.515732215485191,0.224103600568905,0.129620480574893,0.0255558050752302,0,3,3
California,San Diego,San DiegoCalifornia,0.224571449958829,0.664065424058687,0.105429548119869,0.00593357786261447,0,0,3,3
California,San Francisco,San FranciscoCalifornia,0.815525114155251,0.174429223744292,0.0045662100456621,0.00502283105022831,0.00045662100456621,0,1,3
California,San Joaquin,San JoaquinCalifornia,0.456905456995284,0.463218304763331,0.0707450657484343,0.00776130947925244,0.00091324200913242,0.00045662100456621,3,3
California,San Luis Obispo,San Luis ObispoCalifornia,0.480601092896175,0.497492327270005,0.0214512064276268,0.000455373406193078,0,0,3,2
California,San Mateo,San MateoCalifornia,0.851036178433439,0.138460284008229,0.00456746449897135,0.00593607305936073,0,0,1,3
California,Santa Barbara,Santa BarbaraCalifornia,0.68917209371959,0.292578037278239,0.0109476757242309,0.00593357786261447,0.00091324200913242,0.000455373406193078,2,3
California,Santa Clara,Santa ClaraCalifornia,0.698747411233376,0.278879407141253,0.015523866556878,0.00684931506849315,0,0,2,3
California,Santa Cruz,Santa CruzCalifornia,0.893631010305163,0.094496843576116,0.00958904109589041,0.00228310502283105,0,0,1,3
California,Shasta,ShastaCalifornia,0.768054880344348,0.200912357722373,0.0269231728921825,0.00410958904109589,0,0,2,3
California,Siskiyou,SiskiyouCalifornia,0.894171836545669,0.0800139820187569,0.012283020930565,0.0135311605050086,0,0,1,3
California,Solano,SolanoCalifornia,0.71883124984405,0.265189510192879,0.00821668288544552,0.00730593607305936,0.00045662100456621,0,2,3
California,Sonoma,SonomaCalifornia,0.896826109738753,0.0944980911744891,0.00228310502283105,0.00547945205479452,0.00091324200913242,0,1,3
California,Stanislaus,StanislausCalifornia,0.424474137285725,0.446355765152082,0.111822242183796,0.0168912343738304,0.00045662100456621,0,3,3
California,Sutter,SutterCalifornia,0.508925318761384,0.445909124934501,0.0387728622401876,0.00365296803652968,0.00228310502283105,0.00045662100456621,3,3
California,Tehama,TehamaCalifornia,0.667592747971145,0.279928164382465,0.0419817880799242,0.0104972995664664,0,0,2,3
California,Tulare,TulareCalifornia,0.225014347381291,0.466921176734786,0.249187813459091,0.058420041420266,0.00045662100456621,0,3,3
California,Tuolumne,TuolumneCalifornia,0.687752204634777,0.255541993840226,0.0529312057720264,0.00377459575297097,0,0,2,3
California,Ventura,VenturaCalifornia,0.486085535344462,0.47009007660254,0.037431693989071,0.00410958904109589,0.00136986301369863,0.00091324200913242,3,3
California,Yolo,YoloCalifornia,0.742556828105896,0.243292911146044,0.00958405070239788,0.00365296803652968,0.00091324200913242,0,2,3
Colorado,Adams,AdamsColorado,0.638366748404925,0.354781420765027,0.00685183083004776,0,0,0,2,2
Colorado,Arapahoe,ArapahoeColorado,0.676205657177572,0.306895477765376,0.016442244052486,0.00045662100456621,0,0,2,2
Colorado,Archuleta,ArchuletaColorado,0.942719739788596,0.0563619865658577,0.000918273645546373,0,0,0,1,1
Colorado,Boulder,BoulderColorado,0.713593172958782,0.260125423143685,0.0258209987409951,0.000460405156537753,0,0,2,2
Colorado,Clear Creek,Clear CreekColorado,0.613547144045871,0.351213879695181,0.0329848575199283,0.00225411873901946,0,0,2,3
Colorado,Denver,DenverColorado,0.486095516131447,0.499754223120493,0.0132370187389276,0.00091324200913242,0,0,3,2
Colorado,Douglas,DouglasColorado,0.646055594617579,0.312134785713257,0.0381339604860685,0.003675659183095,0,0,2,3
Colorado,El Paso,El PasoColorado,0.696475534595903,0.296221024527784,0.0073034408763131,0,0,0,2,2
Colorado,Garfield,GarfieldColorado,0.729807620330863,0.256494997130524,0.013240761534047,0.00045662100456621,0,0,2,2
Colorado,Gunnison,GunnisonColorado,0.776761219543187,0.218661126249279,0.00412103320296757,0.00045662100456621,0,0,2,1
Colorado,Jefferson,JeffersonColorado,0.638050502782144,0.300787234573446,0.0579696584075654,0.00319260423684408,0,0,2,3
Colorado,La Plata,La PlataColorado,0.720234798013823,0.263793447613344,0.0114055443271702,0.00410958904109589,0.00045662100456621,0,2,3
Colorado,Larimer,LarimerColorado,0.541316715323003,0.418053996057589,0.0378908101903835,0.00273847842902413,0,0,3,3
Colorado,Mesa,MesaColorado,0.688166015310637,0.306812401237508,0.00502158345185518,0,0,0,2,2
Colorado,Montezuma,MontezumaColorado,0.768286424677065,0.229399944104813,0.00231363121812239,0,0,0,2,1
Colorado,Prowers,ProwersColorado,0.970935175479981,0.0225192730000201,0.00233703846604789,0.00279329608938547,0.0014152169645652,0,1,1
Colorado,Rio Blanco,Rio BlancoColorado,0.809637697432443,0.189449060558425,0.00091324200913242,0,0,0,2,1
Colorado,Routt,RouttColorado,0.980493218475321,0.0190386167306719,0.000468164794007491,0,0,0,1,1
Colorado,Weld,WeldColorado,0.628003593083315,0.355105172542855,0.0164346133692642,0.00045662100456621,0,0,2,2
Connecticut,Fairfield,FairfieldConnecticut,0.655429548119869,0.287521521071937,0.0438156548643861,0.0132332759438082,0,0,2,3
Connecticut,Hartford,HartfordConnecticut,0.734825460987599,0.249201537041196,0.0155176285650123,0.000455373406193078,0,0,2,2
Connecticut,Litchfield,LitchfieldConnecticut,0.869292582852389,0.120200019920331,0.0100520238210866,0.000455373406193078,0,0,1,2
Connecticut,New Haven,New HavenConnecticut,0.712922623948898,0.251478404072161,0.029210020710133,0.00638895126880755,0,0,2,3
Connecticut,New London,New LondonConnecticut,0.860248644357442,0.118831158349263,0.0190312369257457,0.00188896036754919,0,0,1,2
Connecticut,Windham,WindhamConnecticut,0.931773323772616,0.0593549813349452,0.00840614554420781,0.000465549348230912,0,0,1,2
Delaware,Kent,KentDelaware,0.817347925162026,0.179903525938133,0.00274854889984097,0,0,0,1,1
Delaware,New Castle,New CastleDelaware,0.643538688025551,0.332729495720738,0.0219065798338199,0.00182523641989171,0,0,2,2
Delaware,Sussex,SussexDelaware,0.784569703321107,0.209954587419218,0.00547570925967513,0,0,0,2,2
Florida,Alachua,AlachuaFlorida,0.904031665283605,0.0955053717534324,0.000462962962962963,0,0,0,1,1
Florida,Baker,BakerFlorida,0.952716090904246,0.0472839090957536,0,0,0,0,1,1
Florida,Bay,BayFlorida,0.851850265852613,0.147635330855206,0.00051440329218107,0,0,0,1,1
Florida,Brevard,BrevardFlorida,0.905081337125044,0.0944620418703902,0.00045662100456621,0,0,0,1,1
Florida,Broward,BrowardFlorida,0.825244258058279,0.171051611887873,0.00370413005384802,0,0,0,1,1
Florida,Citrus,CitrusFlorida,0.879896968882765,0.108230985503675,0.0118720456135602,0,0,0,1,2
Florida,Collier,CollierFlorida,0.89764778572461,0.10235221427539,0,0,0,0,1,1
Florida,Columbia,ColumbiaFlorida,0.852259193432069,0.147276554014542,0.000464252553389044,0,0,0,1,1
Florida,Duval,DuvalFlorida,0.756626917698665,0.237888570734024,0.00502789056274428,0.00045662100456621,0,0,2,2
Florida,Escambia,EscambiaFlorida,0.823809167352846,0.172537864610625,0.00365296803652968,0,0,0,1,1
Florida,Flagler,FlaglerFlorida,0.961944006086364,0.0380559939136364,0,0,0,0,1,1
Florida,Hamilton,HamiltonFlorida,0.871240127494541,0.128759872505459,0,0,0,0,1,1
Florida,Highlands,HighlandsFlorida,0.955981145654362,0.0435440205374703,0.000474833808167142,0,0,0,1,1
Florida,Hillsborough,HillsboroughFlorida,0.701335969924562,0.284034275685971,0.0141743809832739,0.000455373406193078,0,0,2,2
Florida,Holmes,HolmesFlorida,0.84053332080355,0.15946667919645,0,0,0,0,1,1
Florida,Indian River,Indian RiverFlorida,0.930053636309909,0.0684487675975771,0.0014975960925141,0,0,0,1,1
Florida,Lake,LakeFlorida,0.917441014390974,0.0792617439629859,0.0032972416460396,0,0,0,1,1
Florida,Lee,LeeFlorida,0.881691957857158,0.116939426727516,0.0013686154153255,0,0,0,1,1
Florida,Leon,LeonFlorida,0.760521425520166,0.238558990512305,0.000462962962962963,0.00045662100456621,0,0,2,1
Florida,Liberty,LibertyFlorida,0.974000148083574,0.0259998519164259,0,0,0,0,1,1
Florida,Manatee,ManateeFlorida,0.919206776954363,0.0771402550091075,0.00365296803652968,0,0,0,1,1
Florida,Marion,MarionFlorida,0.868109743444723,0.130960049340916,0.00093020721436022,0,0,0,1,1
Florida,Martin,MartinFlorida,0.900436179981634,0.0981745773425412,0.00138924267582424,0,0,0,1,1
Florida,Miami-Dade,Miami-DadeFlorida,0.791290536336673,0.202230869546068,0.00647859411725906,0,0,0,2,2
Florida,Nassau,NassauFlorida,0.884421522567052,0.114172605293872,0.00140587213907643,0,0,0,1,1
Florida,Okaloosa,OkaloosaFlorida,0.937840917990683,0.0617012065514419,0.000457875457875458,0,0,0,1,1
Florida,Orange,OrangeFlorida,0.836138801246826,0.161117688573805,0.00228688917480259,0.00045662100456621,0,0,1,1
Florida,Osceola,OsceolaFlorida,0.931992166982427,0.0643448155313927,0.00366301748618063,0,0,0,1,1
Florida,Palm Beach,Palm BeachFlorida,0.815079679736109,0.181675353458441,0.00278071425206074,0.000464252553389044,0,0,2,1
Florida,Pasco,PascoFlorida,0.907920184678976,0.0892967244950023,0.00278309082602198,0,0,0,1,1
Florida,Pinellas,PinellasFlorida,0.829743992813833,0.169342765177034,0.00091324200913242,0,0,0,1,1
Florida,Polk,PolkFlorida,0.845719489981785,0.151084162986251,0.00319634703196347,0,0,0,1,1
Florida,Putnam,PutnamFlorida,0.996191629564006,0.00380837043599412,0,0,0,0,1,1
Florida,Santa Rosa,Santa RosaFlorida,0.839029137765944,0.159600999220357,0.00136986301369863,0,0,0,1,1
Florida,Sarasota,SarasotaFlorida,0.820598576906122,0.177562255158819,0.00183916793505835,0,0,0,1,1
Florida,Seminole,SeminoleFlorida,0.908584310183481,0.0891068596666698,0.00230883014984886,0,0,0,1,1
Florida,St. Lucie,St. LucieFlorida,0.954811179575113,0.0442342153773617,0.000954605047525402,0,0,0,1,1
Florida,Volusia,VolusiaFlorida,0.89025576087748,0.109287618117954,0.00045662100456621,0,0,0,1,1
Florida,Wakulla,WakullaFlorida,0.86743008346596,0.131072791624938,0.000487329434697856,0.00100979547440527,0,0,1,1
Georgia,Bibb,BibbGeorgia,0.739392918631634,0.255590488310003,0.00501659305836265,0,0,0,2,2
Georgia,Chatham,ChathamGeorgia,0.795511141053472,0.20175287571425,0.00227936222771166,0.00045662100456621,0,0,2,1
Georgia,Chattooga,ChattoogaGeorgia,0.926109613642064,0.0738903863579355,0,0,0,0,1,1
Georgia,Clarke,ClarkeGeorgia,0.777075431018926,0.219158121977591,0.00284563669040804,0.000920810313075506,0,0,2,1
Georgia,Cobb,CobbGeorgia,0.766253116117538,0.229706503217865,0.00356554685642983,0.000474833808167142,0,0,2,1
Georgia,Columbia,ColumbiaGeorgia,0.920484798857815,0.0788349290333417,0.000680272108843537,0,0,0,1,1
Georgia,Dawson,DawsonGeorgia,0.910472659347304,0.0833257191393747,0.00620162151332108,0,0,0,1,2
Georgia,DeKalb,DeKalbGeorgia,0.601152780896774,0.389269406392694,0.00866581829977294,0.000911994410759288,0,0,2,2
Georgia,Dougherty,DoughertyGeorgia,0.700670130880169,0.296537647771823,0.00232405655400011,0.000468164794007491,0,0,2,1
Georgia,Douglas,DouglasGeorgia,0.851812073278842,0.137190349757195,0.01031730485512,0.000680272108843537,0,0,1,2
Georgia,Floyd,FloydGeorgia,0.63708486164134,0.3620031439479,0.000911994410759288,0,0,0,2,1
Georgia,Fulton,FultonGeorgia,0.580425633951347,0.398120616439727,0.0196285131890342,0.00182523641989171,0,0,3,2
Georgia,Glynn,GlynnGeorgia,0.913311227782354,0.0857169549192983,0.000971817298347911,0,0,0,1,1
Georgia,Gwinnett,GwinnettGeorgia,0.722981673087486,0.269230044707871,0.00733166120007718,0.00045662100456621,0,0,2,2
Georgia,Henry,HenryGeorgia,0.791837815105891,0.193762657302239,0.0134680727791369,0.000931454812733352,0,0,2,2
Georgia,Houston,HoustonGeorgia,0.757785134595864,0.237854297824913,0.00388975778637939,0.000470809792843691,0,0,2,1
Georgia,Lowndes,LowndesGeorgia,0.788549073088495,0.210947402238796,0,0.000503524672708963,0,0,2,1
Georgia,Murray,MurrayGeorgia,0.872794931073579,0.125377203809082,0.00123262702210071,0,0.000595238095238095,0,1,1
Georgia,Muscogee,MuscogeeGeorgia,0.777208674925243,0.21954233433656,0.00324899073819669,0,0,0,2,1
Georgia,Pike,PikeGeorgia,0.894760162218005,0.098938578479496,0.00583177573442346,0.000469483568075117,0,0,1,2
Georgia,Richmond,RichmondGeorgia,0.698402135753671,0.294280638093487,0.00594736313914396,0.00091324200913242,0,0.00045662100456621,2,2
Georgia,Rockdale,RockdaleGeorgia,0.8234506854204,0.160196302616703,0.0163530119628971,0,0,0,1,2
Georgia,Sumter,SumterGeorgia,0.922843599721366,0.0757958560609469,0.00136054421768707,0,0,0,1,1
Georgia,Walker,WalkerGeorgia,0.747966073589623,0.250597144801181,0,0.0014367816091954,0,0,2,1
Hawaii,Hawaii,HawaiiHawaii,0.233812541352402,0.14751655261424,0.282206457240142,0.330529616477292,0.00547945890973064,0.000455373406193078,3,3
Hawaii,Honolulu,HonoluluHawaii,0.947848867820202,0.0516842787717677,0,0.000466853408029879,0,0,1,1
Hawaii,Kauai,KauaiHawaii,0.993843160838909,0.00615683916109103,0,0,0,0,1,1
Hawaii,Maui,MauiHawaii,0.964941732075888,0.0322725153384933,0.00232534742908102,0.000460405156537753,0,0,1,1
Idaho,Ada,AdaIdaho,0.778185742445792,0.200818424532774,0.0177994859894703,0.00319634703196347,0,0,2,3
Idaho,Bannock,BannockIdaho,0.857595378895626,0.133728822017616,0.0045662100456621,0.00410958904109589,0,0,1,3
Idaho,Benewah,BenewahIdaho,0.634034543840205,0.321097811874552,0.0357238438606414,0.00823055841546908,0.00045662100456621,0.00045662100456621,2,3
Idaho,Bonner,BonnerIdaho,0.881223979180886,0.0999688967169291,0.0128395511919314,0.00320641030479138,0.00276116260546195,0,1,3
Idaho,Canyon,CanyonIdaho,0.810118920802729,0.172978547888721,0.0137036753699678,0.00319885593858197,0,0,1,3
Idaho,Caribou,CaribouIdaho,0.994648560334209,0.00338622881805883,0.00196521084773234,0,0,0,1,1
Idaho,Franklin,FranklinIdaho,0.875753081474612,0.108229158816671,0.0132371422480755,0.002780617460642,0,0,1,3
Idaho,Lemhi,LemhiIdaho,0.670057518492344,0.279112471039384,0.0414971935611328,0.00886333333906463,0.000469483568075117,0,2,3
Illinois,Adams,AdamsIllinois,0.899969625937997,0.0993473139527134,0.000683060109289617,0,0,0,1,1
Illinois,Champaign,ChampaignIllinois,0.790034184195424,0.207226089777179,0.00273972602739726,0,0,0,2,1
Illinois,Clark,ClarkIllinois,0.896665811139767,0.10135735531222,0.00197683354801325,0,0,0,1,1
Illinois,Cook,CookIllinois,0.434936497242808,0.528556279162612,0.0324001297502308,0.00410709384434963,0,0,3,3
Illinois,DuPage,DuPageIllinois,0.767966439120624,0.219402504446349,0.0121575715845424,0.000473484848484849,0,0,2,2
Illinois,Effingham,EffinghamIllinois,0.877715200371827,0.119555347191461,0.00272945243671239,0,0,0,1,1
Illinois,Hamilton,HamiltonIllinois,0.799577527929612,0.197918190872656,0.00250428119773111,0,0,0,2,1
Illinois,Jersey,JerseyIllinois,0.800069322206226,0.19171283485717,0.00821784293660353,0,0,0,2,2
Illinois,Jo Daviess,Jo DaviessIllinois,0.941599376994669,0.0564832967494452,0.00191732625588611,0,0,0,1,1
Illinois,Kane,KaneIllinois,0.841320667821991,0.148927725085229,0.00975160709278017,0,0,0,1,2
Illinois,Lake,LakeIllinois,0.882989777818487,0.101020755881135,0.0150424966034076,0.000946969696969697,0,0,1,2
Illinois,Macon,MaconIllinois,0.660821668288544,0.326850812186541,0.0123275195249145,0,0,0,2,2
Illinois,Macoupin,MacoupinIllinois,0.937093018877158,0.0615333547492159,0.00137362637362637,0,0,0,1,1
Illinois,Madison,MadisonIllinois,0.601982433814906,0.377024228360406,0.0191668538064226,0.00182648401826484,0,0,2,2
Illinois,McHenry,McHenryIllinois,0.752645221567874,0.236238776570268,0.0111160018618582,0,0,0,2,2
Illinois,McLean,McLeanIllinois,0.795969717754316,0.203118287834924,0.000911994410759288,0,0,0,2,1
Illinois,Peoria,PeoriaIllinois,0.733346508520548,0.262087267723917,0.00456622375553433,0,0,0,2,2
Illinois,Randolph,RandolphIllinois,0.80302352652521,0.193488216884467,0.00348825659032297,0,0,0,2,1
Illinois,Rock Island,Rock IslandIllinois,0.845171797727243,0.152505690580286,0.00232251169247073,0,0,0,1,1
Illinois,Sangamon,SangamonIllinois,0.832454386050277,0.165712850753324,0.00183276319639956,0,0,0,1,1
Illinois,Wabash,WabashIllinois,0.979362732250728,0.0197215168335208,0.000915750915750916,0,0,0,1,1
Illinois,Will,WillIllinois,0.720867969412963,0.276848925564206,0.00228310502283105,0,0,0,2,1
Illinois,Winnebago,WinnebagoIllinois,0.853121491822695,0.142161040749952,0.00425706227081473,0.000460405156537753,0,0,1,1
Indiana,Allen,AllenIndiana,0.685199494058913,0.30603166772347,0.00830198480958656,0.000466853408029879,0,0,2,2
Indiana,Bartholomew,BartholomewIndiana,0.773926894025704,0.220599891911367,0.00547321406292886,0,0,0,2,2
Indiana,Clark,ClarkIndiana,0.730499062937696,0.260696153228656,0.00834690837577292,0.000457875457875458,0,0,2,2
Indiana,Daviess,DaviessIndiana,0.967034200089805,0.0211683720386653,0.0107994238795137,0.000998003992015968,0,0,1,2
Indiana,Delaware,DelawareIndiana,0.86460478216981,0.130827960851754,0.00456725697843621,0,0,0,1,1
Indiana,Elkhart,ElkhartIndiana,0.71156610808166,0.276845275805888,0.0115886161124523,0,0,0,2,2
Indiana,Floyd,FloydIndiana,0.731679711725168,0.2582439540205,0.010076334254332,0,0,0,2,2
Indiana,Gibson,GibsonIndiana,0.954277920466745,0.0411096737650191,0.00461240576823557,0,0,0,1,1
Indiana,Greene,GreeneIndiana,0.808473521813298,0.18612949764664,0.0053969805400616,0,0,0,2,2
Indiana,Hamilton,HamiltonIndiana,0.76685146733343,0.226258466264279,0.00689006640229106,0,0,0,2,2
Indiana,Hendricks,HendricksIndiana,0.921784040445135,0.0773027175457328,0.00091324200913242,0,0,0,1,1
Indiana,Howard,HowardIndiana,0.720887963805292,0.275885555086394,0.003226481108314,0,0,0,2,1
Indiana,Knox,KnoxIndiana,0.894276948175437,0.101998627978887,0.00372442384567569,0,0,0,1,1
Indiana,LaPorte,LaPorteIndiana,0.811779906140111,0.172662050835796,0.0150989062013194,0.000459136822773186,0,0,1,2
Indiana,Lake,LakeIndiana,0.589175836514709,0.394849913915712,0.0136923921451206,0.00182648401826484,0.000455373406193078,0,3,2
Indiana,Madison,MadisonIndiana,0.73172163684872,0.263173749234563,0.00510461391671778,0,0,0,2,2
Indiana,Marion,MarionIndiana,0.493350300671208,0.480179404646056,0.0251004316690371,0.00136986301369863,0,0,3,2
Indiana,Monroe,MonroeIndiana,0.855851765073878,0.143666539357721,0,0.000481695568400771,0,0,1,1
Indiana,Morgan,MorganIndiana,0.901419079842086,0.0920949305478572,0.00648598961005666,0,0,0,1,2
Indiana,Pike,PikeIndiana,0.972660500150474,0.0183631820496794,0.00802934810287751,0.000946969696969697,0,0,1,2
Indiana,Porter,PorterIndiana,0.707874840931207,0.274782294083888,0.0164296229757716,0.00091324200913242,0,0,2,2
Indiana,Posey,PoseyIndiana,0.85833158730381,0.13747050468265,0.00419790801353923,0,0,0,1,1
Indiana,Shelby,ShelbyIndiana,0.884802328376116,0.111292651169845,0.00390502045403848,0,0,0,1,1
Indiana,St. Joseph,St. JosephIndiana,0.687940642318906,0.300626228636522,0.0114331290445723,0,0,0,2,2
Indiana,Tippecanoe,TippecanoeIndiana,0.792945225286858,0.206527348552805,0.000527426160337553,0,0,0,2,1
Indiana,Vanderburgh,VanderburghIndiana,0.687097947714386,0.304221235385619,0.00868081689999498,0,0,0,2,2
Indiana,Vigo,VigoIndiana,0.596965840756544,0.378386605783866,0.0232789380442648,0.0013686154153255,0,0,2,2
Indiana,Wabash,WabashIndiana,0.900945956118152,0.0919253108948362,0.00712873298701215,0,0,0,1,2
Indiana,Warrick,WarrickIndiana,0.825123734179944,0.165002616361726,0.00918777840208847,0.000685871056241427,0,0,1,2
Indiana,Whitley,WhitleyIndiana,0.790607172811682,0.208469466154153,0.000923361034164358,0,0,0,2,1
Iowa,Black Hawk,Black HawkIowa,0.655144572113398,0.343018866657776,0.00183656122882642,0,0,0,2,1
Iowa,Bremer,BremerIowa,0.926099408928522,0.0725400468537909,0.00136054421768707,0,0,0,1,1
Iowa,Clinton,ClintonIowa,0.554911136721152,0.442350384849823,0.00273847842902413,0,0,0,3,1
Iowa,Harrison,HarrisonIowa,0.882597424074682,0.115263215508254,0.00213936041706402,0,0,0,1,1
Iowa,Johnson,JohnsonIowa,0.780747181961895,0.218338321575664,0.000914496462441668,0,0,0,2,1
Iowa,Linn,LinnIowa,0.718836240237543,0.272947076877012,0.00821668288544552,0,0,0,2,2
Iowa,Montgomery,MontgomeryIowa,0.801168711768308,0.197918039367624,0.000913248864068536,0,0,0,2,1
Iowa,Muscatine,MuscatineIowa,0.680477580657235,0.286645707013998,0.0296803652968037,0.00319634703196347,0,0,2,3
Iowa,Palo Alto,Palo AltoIowa,0.786257320505662,0.211005448663687,0.00228185742445792,0.000455373406193078,0,0,2,1
Iowa,Polk,PolkIowa,0.812852758440003,0.185322005140105,0.00182523641989171,0,0,0,2,1
Iowa,Scott,ScottIowa,0.426777203882526,0.566375976245727,0.00639019886718068,0.00045662100456621,0,0,3,2
Iowa,Van Buren,Van BurenIowa,0.759457261258817,0.23917537092423,0.000455373406193078,0.000911994410759288,0,0,2,1
Kansas,Ford,FordKansas,0.975737870852766,0.0228755684386397,0.000928685250719149,0.000457875457875458,0,0,1,1
Kansas,Johnson,JohnsonKansas,0.893785538451091,0.106214461548909,0,0,0,0,1,1
Kansas,Leavenworth,LeavenworthKansas,0.930100335050782,0.068522254480898,0.00137741046831956,0,0,0,1,1
Kansas,Neosho,NeoshoKansas,0.859338284630279,0.13924369423457,0.00141802113515063,0,0,0,1,1
Kansas,Sedgwick,SedgwickKansas,0.787741098385608,0.209977044189934,0.00182648401826484,0.000455373406193078,0,0,2,1
Kansas,Shawnee,ShawneeKansas,0.838994392166271,0.15963574482003,0.00091324200913242,0.00045662100456621,0,0,1,1
Kansas,Sumner,SumnerKansas,0.867924883335842,0.131159365748407,0.000915750915750916,0,0,0,1,1
Kansas,Trego,TregoKansas,0.884270489720921,0.114349464468406,0.000922170352797123,0.000457875457875458,0,0,1,1
Kansas,Wyandotte,WyandotteKansas,0.69320618582709,0.301767198970711,0.00456999419763365,0.00045662100456621,0,0,2,2
Kentucky,Bell,BellKentucky,0.897636883720385,0.101085977071442,0.000638569604086845,0.000638569604086845,0,0,1,1
Kentucky,Boone,BooneKentucky,0.914497993004582,0.0834472047736458,0.00136893116553104,0.000685871056241427,0,0,1,1
Kentucky,Boyd,BoydKentucky,0.791911819746987,0.204894328417796,0.00319385183521721,0,0,0,2,1
Kentucky,Bullitt,BullittKentucky,0.872133307490492,0.123601701436651,0.00426499107285659,0,0,0,1,1
Kentucky,Campbell,CampbellKentucky,0.733282844415755,0.258449683094962,0.00826747248928314,0,0,0,2,2
Kentucky,Carter,CarterKentucky,0.923202816776527,0.0762144326407223,0.000582750582750583,0,0,0,1,1
Kentucky,Christian,ChristianKentucky,0.860669330570896,0.139330669429104,0,0,0,0,1,1
Kentucky,Daviess,DaviessKentucky,0.714259309071795,0.282535352236215,0.00274996528579704,0.000455373406193078,0,0,2,1
Kentucky,Edmonson,EdmonsonKentucky,0.849470725947728,0.150529274052272,0,0,0,0,1,1
Kentucky,Fayette,FayetteKentucky,0.803788331172347,0.193928563804822,0.00228310502283105,0,0,0,2,1
Kentucky,Greenup,GreenupKentucky,0.955033322536266,0.0445037145007709,0.000462962962962963,0,0,0,1,1
Kentucky,Hardin,HardinKentucky,0.736861998724432,0.262223504813126,0.000914496462441668,0,0,0,2,1
Kentucky,Henderson,HendersonKentucky,0.714628245585925,0.268913230461114,0.0164585239529608,0,0,0,2,2
Kentucky,Jefferson,JeffersonKentucky,0.55041420265988,0.418097662000649,0.027836414901315,0.00365172043815655,0,0,3,3
Kentucky,Jessamine,JessamineKentucky,0.91522641036711,0.0838615952221305,0.000911994410759288,0,0,0,1,1
Kentucky,Livingston,LivingstonKentucky,0.880193789244989,0.118524159472959,0.00128205128205128,0,0,0,1,1
Kentucky,McCracken,McCrackenKentucky,0.720939427910669,0.276778714664873,0.00228185742445792,0,0,0,2,1
Kentucky,Morgan,MorganKentucky,0.930205373617708,0.0688813843731593,0.00091324200913242,0,0,0,1,1
Kentucky,Oldham,OldhamKentucky,0.856497501433497,0.135179325093967,0.00832317347253587,0,0,0,1,2
Kentucky,Perry,PerryKentucky,0.822108555819447,0.176944474483583,0.000473484848484849,0.000473484848484849,0,0,1,1
Kentucky,Pike,PikeKentucky,0.822899507999202,0.175277750777653,0.00182274122314544,0,0,0,1,1
Kentucky,Pulaski,PulaskiKentucky,0.882942526424521,0.117057473575479,0,0,0,0,1,1
Kentucky,Simpson,SimpsonKentucky,0.891638235887417,0.106874611005059,0.00148715310752348,0,0,0,1,1
Kentucky,Trigg,TriggKentucky,0.919899451896629,0.0796202407066376,0.00048030739673391,0,0,0,1,1
Kentucky,Warren,WarrenKentucky,0.816959463649918,0.183040536350082,0,0,0,0,2,1
Kentucky,Washington,WashingtonKentucky,0.905837839156488,0.0927783875674733,0.00138377327603847,0,0,0,1,1
Louisiana,Ascension,AscensionLouisiana,0.903180340511005,0.0890281599048584,0.00733362412626115,0.000457875457875458,0,0,1,2
Louisiana,Bossier,BossierLouisiana,0.803661013715372,0.195424489822186,0.000914496462441668,0,0,0,2,1
Louisiana,Caddo,CaddoLouisiana,0.837423926166614,0.161652712799222,0.000923361034164358,0,0,0,1,1
Louisiana,Calcasieu,CalcasieuLouisiana,0.660432417596127,0.33180627292462,0.00730468847468623,0.00045662100456621,0,0,2,2
Louisiana,East Baton Rouge,East Baton RougeLouisiana,0.627137759812361,0.353233774983157,0.018715223195349,0.00091324200913242,0,0,2,2
Louisiana,Iberville,IbervilleLouisiana,0.838878908101904,0.149708061980687,0.0109564089128428,0.00045662100456621,0,0,1,2
Louisiana,Jefferson,JeffersonLouisiana,0.802344237343115,0.193547421214163,0.00410834144272276,0,0,0,2,1
Louisiana,Lafayette,LafayetteLouisiana,0.720454608395322,0.279088770600111,0.00045662100456621,0,0,0,2,1
Louisiana,Lafourche,LafourcheLouisiana,0.86680098784077,0.131813949410531,0.00138506274869911,0,0,0,1,1
Louisiana,Livingston,LivingstonLouisiana,0.727002708500972,0.267038428622166,0.00595886287686188,0,0,0,2,2
Louisiana,Orleans,OrleansLouisiana,0.846104559163171,0.152521814463202,0.00137362637362637,0,0,0,1,1
Louisiana,Ouachita,OuachitaLouisiana,0.893967420076555,0.106032579923445,0,0,0,0,1,1
Louisiana,Pointe Coupee,Pointe CoupeeLouisiana,0.928285273351991,0.0659077806825977,0.00580694596541135,0,0,0,1,2
Louisiana,St. Bernard,St. BernardLouisiana,0.679379844897473,0.307834705280248,0.0127854498222789,0,0,0,2,2
Louisiana,St. James,St. JamesLouisiana,0.948541225103254,0.0500080951978362,0.000966183574879227,0.000484496124031008,0,0,1,1
Louisiana,St. John the Baptist,St. John the BaptistLouisiana,0.930693170976018,0.0669992286084093,0.00230760041557252,0,0,0,1,1
Louisiana,St. Tammany,St. TammanyLouisiana,0.844001836685523,0.150514940988166,0.00548322232631075,0,0,0,1,2
Louisiana,West Baton Rouge,West Baton RougeLouisiana,0.775431045237917,0.219091997904035,0.00547695685804826,0,0,0,2,2
Maine,Androscoggin,AndroscogginMaine,0.886854233503608,0.113145766496392,0,0,0,0,1,1
Maine,Aroostook,AroostookMaine,0.839778426528932,0.157483095042044,0.00091324200913242,0.00182523641989171,0,0,1,1
Maine,Cumberland,CumberlandMaine,0.859400653741548,0.138316241235621,0.00228310502283105,0,0,0,1,1
Maine,Hancock,HancockMaine,0.928797065648626,0.0648127354841929,0.00593357786261447,0.00045662100456621,0,0,1,2
Maine,Kennebec,KennebecMaine,0.965024616112899,0.0349753838871009,0,0,0,0,1,1
Maine,Oxford,OxfordMaine,0.898095282087786,0.101904717912214,0,0,0,0,1,1
Maine,Penobscot,PenobscotMaine,0.913235773426406,0.0867642265735938,0,0,0,0,1,1
Maine,Washington,WashingtonMaine,0.977447287375593,0.0211402602267691,0.00141245239763794,0,0,0,1,1
Maine,York,YorkMaine,0.922115322587618,0.0711277275483612,0.00601290224497293,0.000744047619047619,0,0,1,2
Maryland,Anne Arundel,Anne ArundelMaryland,0.760374090040206,0.220080356502689,0.0195455534571054,0,0,0,2,2
Maryland,Baltimore,BaltimoreMaryland,0.729385932080744,0.241417770791227,0.0264628090924969,0.00227811462933852,0.000455373406193078,0,2,3
Maryland,Calvert,CalvertMaryland,0.803161443837143,0.190774374223665,0.0060641819391923,0,0,0,2,2
Maryland,Carroll,CarrollMaryland,0.801696451483321,0.192222114160641,0.00608143435603774,0,0,0,2,2
Maryland,Cecil,CecilMaryland,0.742668496484874,0.239612103563845,0.0163266350866983,0.00139276486458292,0,0,2,2
Maryland,Charles,CharlesMaryland,0.814437669156015,0.176979767285457,0.00858256355852744,0,0,0,1,2
Maryland,Dorchester,DorchesterMaryland,0.801448461711206,0.194445692042818,0.00364922524141029,0.00045662100456621,0,0,2,1
Maryland,Frederick,FrederickMaryland,0.788777719071818,0.205997551347143,0.005224729581039,0,0,0,2,2
Maryland,Garrett,GarrettMaryland,0.87729443756497,0.12270556243503,0,0,0,0,1,1
Maryland,Harford,HarfordMaryland,0.718435083634404,0.258776318814564,0.0209276969529506,0.00186090059808178,0,0,2,2
Maryland,Howard,HowardMaryland,0.778082191780822,0.221917808219178,0,0,0,0,2,1
Maryland,Kent,KentMaryland,0.790167473479107,0.200883474744566,0.00894905177632626,0,0,0,2,2
Maryland,Montgomery,MontgomeryMaryland,0.781330330051796,0.214845398507494,0.00382427144071006,0,0,0,2,1
Maryland,Prince George's,Prince George'sMaryland,0.685074980662225,0.296671407540484,0.0173403697881578,0.00091324200913242,0,0,2,2
Maryland,Washington,WashingtonMaryland,0.767669380505896,0.229481339065966,0.00284928042813806,0,0,0,2,1
Massachusetts,Barnstable,BarnstableMassachusetts,0.943491448712256,0.049765498116538,0.00674305317120558,0,0,0,1,2
Massachusetts,Berkshire,BerkshireMassachusetts,0.812202669220638,0.187340709774796,0.00045662100456621,0,0,0,2,1
Massachusetts,Bristol,BristolMassachusetts,0.854784258708579,0.133805206570758,0.0109539137160965,0.00045662100456621,0,0,1,2
Massachusetts,Dukes,DukesMassachusetts,0.941762073003192,0.050874417632685,0.00643500425734504,0.000928505106778088,0,0,1,2
Massachusetts,Essex,EssexMassachusetts,0.862112692681972,0.131040480591345,0.006846826726683,0,0,0,1,2
Massachusetts,Franklin,FranklinMassachusetts,0.858872673906618,0.139761205874803,0.00136612021857923,0,0,0,1,1
Massachusetts,Hampden,HampdenMassachusetts,0.800921591321322,0.192236579200424,0.00638645607206128,0.000455373406193078,0,0,2,2
Massachusetts,Hampshire,HampshireMassachusetts,0.87831433927343,0.11569379178544,0.00552761638774085,0.000464252553389044,0,0,1,2
Massachusetts,Middlesex,MiddlesexMassachusetts,0.939637407880129,0.0594340221693255,0.000928569950545244,0,0,0,1,1
Massachusetts,Norfolk,NorfolkMassachusetts,0.919314631004204,0.0751853766006977,0.00504337139053271,0.00045662100456621,0,0,1,1
Massachusetts,Plymouth,PlymouthMassachusetts,0.874017664823659,0.121867714555484,0.00411462062085748,0,0,0,1,1
Massachusetts,Suffolk,SuffolkMassachusetts,0.669544876113482,0.328172018863687,0.00228310502283105,0,0,0,2,1
Massachusetts,Worcester,WorcesterMassachusetts,0.847100581380842,0.147424956957856,0.00547446166130199,0,0,0,1,2
Michigan,Allegan,AlleganMichigan,0.780359524754005,0.196335937069909,0.0226100937316417,0.000694444444444445,0,0,2,2
Michigan,Bay,BayMichigan,0.881045030189442,0.118954969810558,0,0,0,0,1,1
Michigan,Berrien,BerrienMichigan,0.789997216818747,0.187705778426758,0.0222970047544947,0,0,0,2,2
Michigan,Clinton,ClintonMichigan,0.871200266269879,0.118706070185683,0.0100936635444379,0,0,0,1,2
Michigan,Genesee,GeneseeMichigan,0.790527269061513,0.201103800464081,0.00836893047440606,0,0,0,2,2
Michigan,Ingham,InghamMichigan,0.820233487379331,0.174617257397906,0.00514925522276301,0,0,0,1,2
Michigan,Kalamazoo,KalamazooMichigan,0.778590562102734,0.214024536935548,0.00738490096171708,0,0,0,2,2
Michigan,Kent,KentMichigan,0.76754794410869,0.224239095236176,0.00775633965056826,0.00045662100456621,0,0,2,2
Michigan,Lenawee,LenaweeMichigan,0.786277776260263,0.208953727389255,0.00476849635048269,0,0,0,2,2
Michigan,Macomb,MacombMichigan,0.788024100804011,0.191704648017582,0.0195796882461803,0.000691562932226833,0,0,2,2
Michigan,Manistee,ManisteeMichigan,0.890253000142371,0.103759590061061,0.00598740979656823,0,0,0,1,2
Michigan,Missaukee,MissaukeeMichigan,0.900118308914789,0.0962224090828562,0.0036592820023549,0,0,0,1,1
Michigan,Monroe,MonroeMichigan,0.957286025062028,0.0422042909420488,0.000509683995922528,0,0,0,1,1
Michigan,Oakland,OaklandMichigan,0.790323730086968,0.192931850176694,0.0161448993526452,0.000599520383693046,0,0,2,2
Michigan,Schoolcraft,SchoolcraftMichigan,0.925643703085721,0.0659081129167467,0.00844818399753223,0,0,0,1,2
Michigan,St. Clair,St. ClairMichigan,0.725006272266546,0.253984143710171,0.0205529630187164,0.00045662100456621,0,0,2,2
Michigan,Tuscola,TuscolaMichigan,0.938691068867612,0.0589889144865282,0.00232001664585934,0,0,0,1,1
Michigan,Washtenaw,WashtenawMichigan,0.762648152306809,0.228683534196671,0.0086683134965192,0,0,0,2,2
Michigan,Wayne,WayneMichigan,0.428568755146343,0.538580732090725,0.0323938917583651,0.00045662100456621,0,0,3,2
Michigan,Wexford,WexfordMichigan,0.937846766129179,0.057933156854416,0.00422007701640555,0,0,0,1,1
Minnesota,Anoka,AnokaMinnesota,0.834605088501338,0.163111799620895,0.00228311187776717,0,0,0,1,1
Minnesota,Becker,BeckerMinnesota,0.917958791438949,0.0806471469016261,0.00139406165942479,0,0,0,1,1
Minnesota,Carlton,CarltonMinnesota,0.951017660793374,0.0479184031426895,0.00106393606393606,0,0,0,1,1
Minnesota,Cook,CookMinnesota,0.980472812864813,0.0195271871351873,0,0,0,0,1,1
Minnesota,Crow Wing,Crow WingMinnesota,0.91606751904278,0.0820760591916333,0.0018564217655866,0,0,0,1,1
Minnesota,Dakota,DakotaMinnesota,0.875841505102677,0.12279112708037,0.00136736781695237,0,0,0,1,1
Minnesota,Goodhue,GoodhueMinnesota,0.929788298560961,0.0694902007175384,0.000721500721500722,0,0,0,1,1
Minnesota,Hennepin,HennepinMinnesota,0.634864136537166,0.361942011627617,0.00319385183521721,0,0,0,2,1
Minnesota,Lake,LakeMinnesota,0.919578981730886,0.0799643972645475,0.00045662100456621,0,0,0,1,1
Minnesota,Lyon,LyonMinnesota,0.912626891368684,0.0859904473748666,0.00138266125644916,0,0,0,1,1
Minnesota,Olmsted,OlmstedMinnesota,0.853057735191679,0.145573649392996,0.0013686154153255,0,0,0,1,1
Minnesota,Ramsey,RamseyMinnesota,0.807822441799536,0.189440327369813,0.00228185742445792,0.000455373406193078,0,0,2,1
Minnesota,Scott,ScottMinnesota,0.906800915952382,0.0922653772315583,0.000933706816059757,0,0,0,1,1
Minnesota,Stearns,StearnsMinnesota,0.898453518526201,0.100620376901157,0.00045662100456621,0.000469483568075117,0,0,1,1
Minnesota,Washington,WashingtonMinnesota,0.768893846288044,0.229274638057277,0.00137237883190561,0.000459136822773186,0,0,2,1
Minnesota,Wright,WrightMinnesota,0.881246742766227,0.115987889654276,0.00276536757949661,0,0,0,1,1
Mississippi,Bolivar,BolivarMississippi,0.867849759586852,0.131081864344772,0.00106837606837607,0,0,0,1,1
Mississippi,DeSoto,DeSotoMississippi,0.787986351547995,0.209216468463044,0.0023405589843946,0.00045662100456621,0,0,2,1
Mississippi,Forrest,ForrestMississippi,0.810400092777238,0.189135654669373,0.000464252553389044,0,0,0,2,1
Mississippi,Hancock,HancockMississippi,0.878226664356258,0.119942456708486,0.00183087893525604,0,0,0,1,1
Mississippi,Harrison,HarrisonMississippi,0.810332540432695,0.184605476445639,0.00506198312166582,0,0,0,2,2
Mississippi,Hinds,HindsMississippi,0.645348953264965,0.353737804725903,0.00045662100456621,0.00045662100456621,0,0,2,1
Mississippi,Jackson,JacksonMississippi,0.851784102814109,0.142712449524544,0.00550344766134716,0,0,0,1,2
Mississippi,Lauderdale,LauderdaleMississippi,0.943738844782849,0.0562611552171507,0,0,0,0,1,1
Mississippi,Lee,LeeMississippi,0.946992448627754,0.0530075513722454,0,0,0,0,1,1
Mississippi,Yalobusha,YalobushaMississippi,0.979870716905665,0.0201292830943349,0,0,0,0,1,1
Missouri,Andrew,AndrewMissouri,0.853658372734915,0.1449754841,0.00136614316508496,0,0,0,1,1
Missouri,Boone,BooneMissouri,0.90866870112531,0.0906510267658465,0.000680272108843537,0,0,0,1,1
Missouri,Buchanan,BuchananMissouri,0.766824240516644,0.23134172801047,0.00183403147288577,0,0,0,2,1
Missouri,Callaway,CallawayMissouri,0.909940687159765,0.0892804966408582,0.000778816199376947,0,0,0,1,1
Missouri,Cass,CassMissouri,0.795784205378686,0.20230249921523,0.00191329540608452,0,0,0,2,1
Missouri,Cedar,CedarMissouri,0.827521933068928,0.172020191473196,0.000457875457875458,0,0,0,1,1
Missouri,Clay,ClayMissouri,0.777627222419434,0.210437624502897,0.0119351530776693,0,0,0,2,2
Missouri,Clinton,ClintonMissouri,0.81714846455923,0.177596910226198,0.00525462521457181,0,0,0,1,2
Missouri,Greene,GreeneMissouri,0.821983930932954,0.178016069067046,0,0,0,0,1,1
Missouri,Iron,IronMissouri,0.945833502623112,0.0523219819249369,0.00184451545195074,0,0,0,1,1
Missouri,Jackson,JacksonMissouri,0.696897222846021,0.262921376350525,0.0401814008034534,0,0,0,2,2
Missouri,Jefferson,JeffersonMissouri,0.732982758190483,0.257430695910372,0.00958654589914415,0,0,0,2,2
Missouri,Lincoln,LincolnMissouri,0.864890267429172,0.131607039935631,0.00350269263519718,0,0,0,1,1
Missouri,Monroe,MonroeMissouri,0.953897497317664,0.0451892606732041,0.00091324200913242,0,0,0,1,1
Missouri,Perry,PerryMissouri,0.841728654078454,0.156033441413949,0.00223790450759743,0,0,0,1,1
Missouri,St. Louis City,St. Louis CityMissouri,0.571395064500836,0.413540185143599,0.0132395139356738,0.00182523641989171,0,0,3,2
Montana,Cascade,CascadeMontana,0.899443004188898,0.0915041218424052,0.00520301612027985,0.00384985784841693,0,0,1,3
Montana,Fergus,FergusMontana,0.92786635726227,0.0616313596327071,0.00730593607305936,0.00319634703196347,0,0,1,3
Montana,Flathead,FlatheadMontana,0.790460862839035,0.190361054969184,0.0100456621004566,0.00776255707762557,0.00136986301369863,0,2,3
Montana,Gallatin,GallatinMontana,0.871294009032612,0.117760810439903,0.00775382388901365,0.00273598323227786,0,0.000455373406193078,1,3
Montana,Lewis and Clark,Lewis and ClarkMontana,0.78042767672231,0.189444070164933,0.0209958330214337,0.0091324200913242,0,0,2,3
Montana,Lincoln,LincolnMontana,0.625607962867828,0.348330679781898,0.0114318744767064,0.0137137250462282,0.000915757827339397,0,2,3
Montana,Missoula,MissoulaMontana,0.504815729720288,0.428092172567807,0.0387815954287996,0.0123287671232877,0.00776255707762557,0.00821917808219178,3,3
Montana,Ravalli,RavalliMontana,0.807625710238705,0.157719469795741,0.0205878683986029,0.0131172839506173,0.000949667616334283,0,1,3
Montana,Richland,RichlandMontana,0.891211050580417,0.103730552165196,0.00321922153252987,0.00183917572185729,0,0,1,1
Montana,Rosebud,RosebudMontana,0.87522801921497,0.110152484810626,0.00959666492417609,0.00502283105022831,0,0,1,3
Montana,Silver Bow,Silver BowMontana,0.797290684141793,0.185924128804986,0.0121622218544496,0.00462296519877202,0,0,2,3
Montana,Yellowstone,YellowstoneMontana,0.895315656797634,0.0955418597809356,0.00776758180245104,0.00137490161897942,0,0,1,2
Nebraska,Cass,CassNebraska,0.92970872007866,0.0698191363897065,0.000472143531633617,0,0,0,1,1
Nebraska,Douglas,DouglasNebraska,0.734811737405494,0.257887316914939,0.00730094567956683,0,0,0,2,2
Nebraska,Knox,KnoxNebraska,0.927054375624547,0.0724694338992628,0.000476190476190476,0,0,0,1,1
Nebraska,Lancaster,LancasterNebraska,0.90902275405713,0.0893793228771976,0.00159792306567208,0,0,0,1,1
Nebraska,Sarpy,SarpyNebraska,0.826313164328613,0.172178416211649,0.00150841945973792,0,0,0,1,1
Nevada,Carson City,Carson CityNevada,0.779530653492028,0.213620031439479,0.0045662100456621,0.00228310502283105,0,0,2,3
Nevada,Churchill,ChurchillNevada,0.804945251046802,0.189364164347643,0.00569058460555483,0,0,0,2,2
Nevada,Clark,ClarkNevada,0.363314369838062,0.569138159043841,0.0648089926890735,0.00228310502283105,0.000455373406193078,0,3,3
Nevada,Douglas,DouglasNevada,0.86682158715409,0.120558942176799,0.00922318227075198,0.00293588324182145,0.000460405156537753,0,1,3
Nevada,Elko,ElkoNevada,0.925249367471275,0.0714122245425701,0.00287672746907257,0.000461680517082179,0,0,1,1
Nevada,Lyon,LyonNevada,0.816446331126815,0.174022962835811,0.00953070603737402,0,0,0,1,2
Nevada,Nye,NyeNevada,0.955272350724854,0.0401639344262295,0.00319509943359034,0.00091324200913242,0,0.000455373406193078,1,1
Nevada,Washoe,WashoeNevada,0.58007335878434,0.393907977143998,0.0223656960351324,0.00136986301369863,0,0.00228310502283105,3,2
Nevada,White Pine,White PineNevada,0.814541406169788,0.180769881172028,0.00468871265818419,0,0,0,2,1
New Hampshire,Belknap,BelknapNew Hampshire,0.955923459847023,0.0440765401529772,0,0,0,0,1,1
New Hampshire,Cheshire,CheshireNew Hampshire,0.856630704300814,0.14200068028386,0.000911994410759288,0.00045662100456621,0,0,1,1
New Hampshire,Coos,CoosNew Hampshire,0.853155481220823,0.1384728533788,0.00790350060637016,0.000468164794007491,0,0,1,2
New Hampshire,Grafton,GraftonNew Hampshire,0.921028270579135,0.0785151084162986,0.00045662100456621,0,0,0,1,1
New Hampshire,Hillsborough,HillsboroughNew Hampshire,0.91967587394266,0.0771315218204955,0.00319260423684408,0,0,0,1,1
New Hampshire,Merrimack,MerrimackNew Hampshire,0.967140754048457,0.0319460039424109,0.00091324200913242,0,0,0,1,1
New Hampshire,Rockingham,RockinghamNew Hampshire,0.85119894203658,0.14241085909624,0.00639019886718068,0,0,0,1,2
New Jersey,Atlantic,AtlanticNew Jersey,0.880845409674289,0.116414857443378,0.00228185742445792,0.000457875457875458,0,0,1,1
New Jersey,Bergen,BergenNew Jersey,0.66440067492718,0.310549338749323,0.0236813709081716,0.0013686154153255,0,0,2,2
New Jersey,Camden,CamdenNew Jersey,0.638993687152232,0.33727574419243,0.0232739476507723,0.00045662100456621,0,0,2,2
New Jersey,Cumberland,CumberlandNew Jersey,0.860686401134737,0.136094498136873,0.00321910072839058,0,0,0,1,1
New Jersey,Essex,EssexNew Jersey,0.765302445265392,0.226477101634299,0.00776257764243392,0.000457875457875458,0,0,2,2
New Jersey,Gloucester,GloucesterNew Jersey,0.798246430426947,0.184059767534775,0.0176938020382774,0,0,0,2,2
New Jersey,Hudson,HudsonNew Jersey,0.701502108441251,0.281605409586546,0.0155226189585049,0.00136986301369863,0,0,2,2
New Jersey,Hunterdon,HunterdonNew Jersey,0.796889682788972,0.1924097800674,0.00928408387858395,0.00141645326504481,0,0,2,2
New Jersey,Mercer,MercerNew Jersey,0.728904359108716,0.251933777478354,0.0182498690021708,0.000911994410759288,0,0,2,2
New Jersey,Middlesex,MiddlesexNew Jersey,0.789122511585918,0.19200852503184,0.0179531848195117,0.000915778562730832,0,0,2,2
New Jersey,Monmouth,MonmouthNew Jersey,0.886031006519357,0.106295023434459,0.00696775535691832,0.000706214689265537,0,0,1,2
New Jersey,Morris,MorrisNew Jersey,0.873322400813061,0.119810631345501,0.00640909238356312,0.000457875457875458,0,0,1,2
New Jersey,Ocean,OceanNew Jersey,0.827920321094359,0.156103705391958,0.0150474035631376,0.000928569950545244,0,0,1,2
New Jersey,Passaic,PassaicNew Jersey,0.835704332852778,0.154063493968616,0.0102321731786055,0,0,0,1,2
New Jersey,Union,UnionNew Jersey,0.662710532225466,0.333636499738004,0.00365296803652968,0,0,0,2,1
New Jersey,Warren,WarrenNew Jersey,0.836661865064846,0.157847168547189,0.00549096638796427,0,0,0,1,2
New Mexico,Bernalillo,BernalilloNew Mexico,0.494279761459191,0.489742246176111,0.0155213713601317,0.00045662100456621,0,0,3,2
New Mexico,Dona Ana,Dona AnaNew Mexico,0.44044713925693,0.497014497093096,0.0493000973126731,0.00821668288544552,0.00182648401826484,0.00319509943359034,3,3
New Mexico,Eddy,EddyNew Mexico,0.68975280206554,0.286036221419623,0.021927871492006,0.00228310502283105,0,0,2,3
New Mexico,Lea,LeaNew Mexico,0.732354631371347,0.259402105158755,0.00778158295281583,0.000461680517082179,0,0,2,2
New Mexico,Luna,LunaNew Mexico,0.939586855351198,0.0525540178553419,0.00555576943470051,0.00138380138380138,0.000457875457875458,0.000461680517082179,1,1
New Mexico,Rio Arriba,Rio ArribaNew Mexico,0.794225204263324,0.203004691378174,0.00277010435850215,0,0,0,2,1
New Mexico,San Juan,San JuanNew Mexico,0.666782693315368,0.321347655762657,0.0118696509219752,0,0,0,2,2
New Mexico,Sandoval,SandovalNew Mexico,0.773219071108053,0.220673335919947,0.00610759297199975,0,0,0,2,2
New Mexico,Santa Fe,Santa FeNew Mexico,0.802487814548155,0.195681917281609,0.00183026817023638,0,0,0,2,1
New Mexico,Taos,TaosNew Mexico,0.973587724221185,0.0264122757788155,0,0,0,0,1,1
New Mexico,Valencia,ValenciaNew Mexico,0.759523730616829,0.237693326099143,0.0027829432840274,0,0,0,2,1
New York,Albany,AlbanyNew York,0.842075255133867,0.155644135040048,0.00228060982608479,0,0,0,1,1
New York,Chautauqua,ChautauquaNew York,0.88101516878481,0.111176374024615,0.0078084571905749,0,0,0,1,2
New York,Dutchess,DutchessNew York,0.942285646135161,0.0526675773299278,0.00458890107703604,0.000457875457875458,0,0,1,1
New York,Erie,ErieNew York,0.74668138832747,0.246933403198842,0.00638520847368815,0,0,0,2,2
New York,Essex,EssexNew York,0.902780896773711,0.0949384934002046,0.00228060982608479,0,0,0,1,1
New York,Franklin,FranklinNew York,0.986172881131399,0.0119701086550452,0.00185701021355617,0,0,0,1,1
New York,Hamilton,HamiltonNew York,0.966002656366482,0.0330255263351706,0.000971817298347911,0,0,0,1,1
New York,Herkimer,HerkimerNew York,0.97778934751551,0.0203220783579551,0.00188857412653447,0,0,0,1,1
New York,Jefferson,JeffersonNew York,0.948172513506803,0.048328667492704,0.00349881900049296,0,0,0,1,1
New York,Monroe,MonroeNew York,0.84932474080801,0.14656816534764,0.00410709384434963,0,0,0,1,1
New York,Nassau,NassauNew York,0.906313333392116,0.0936866666078842,0,0,0,0,1,1
New York,Niagara,NiagaraNew York,0.923308507127287,0.0724778374730632,0.00421365539964938,0,0,0,1,1
New York,Oneida,OneidaNew York,0.930720446154357,0.0692795538456426,0,0,0,0,1,1
New York,Onondaga,OnondagaNew York,0.90211384751021,0.0960621636682719,0.00182398882151858,0,0,0,1,1
New York,Orange,OrangeNew York,0.894110088080445,0.103151433490531,0.00273847842902413,0,0,0,1,1
New York,Oswego,OswegoNew York,0.957577906638818,0.0407742241514755,0.00164786920970667,0,0,0,1,1
New York,Putnam,PutnamNew York,0.934015346101257,0.059969275260466,0.00508021327271033,0.000935165365567028,0,0,1,1
New York,Rockland,RocklandNew York,0.869255443601645,0.122971936047901,0.00731599934588727,0,0.00045662100456621,0,1,2
New York,Saratoga,SaratogaNew York,0.960645925328578,0.0369995701723791,0.00235450449904265,0,0,0,1,1
New York,Steuben,SteubenNew York,0.93310242737071,0.065979298983744,0.000918273645546373,0,0,0,1,1
New York,Suffolk,SuffolkNew York,0.810587119794396,0.165678568755146,0.0223644484367592,0.00136986301369863,0,0,1,2
New York,Tompkins,TompkinsNew York,0.942543587363098,0.0556173006869867,0.00183911194991527,0,0,0,1,1
New York,Wayne,WayneNew York,0.929679262355102,0.0655539156528161,0.00476682199208211,0,0,0,1,1
New York,Westchester,WestchesterNew York,0.850676703544025,0.132423225786229,0.0159868286606134,0.00091324200913242,0,0,1,2
North Carolina,Avery,AveryNorth Carolina,0.907053118057194,0.0910846845498826,0.00186219739292365,0,0,0,1,1
North Carolina,Beaufort,BeaufortNorth Carolina,0.998572233516272,0.00142776648372788,0,0,0,0,1,1
North Carolina,Buncombe,BuncombeNorth Carolina,0.863354118836633,0.133002893913822,0.00182149362477231,0.00182149362477231,0,0,1,1
North Carolina,Caldwell,CaldwellNorth Carolina,0.881203397525008,0.118796602474992,0,0,0,0,1,1
North Carolina,Carteret,CarteretNorth Carolina,0.93491294745713,0.0650870525428701,0,0,0,0,1,1
North Carolina,Caswell,CaswellNorth Carolina,0.85384957386681,0.14615042613319,0,0,0,0,1,1
North Carolina,Catawba,CatawbaNorth Carolina,0.801953147891731,0.196650204063576,0.000465549348230912,0.000931098696461825,0,0,2,1
North Carolina,Cumberland,CumberlandNorth Carolina,0.774332010186663,0.225667989813337,0,0,0,0,2,1
North Carolina,Davidson,DavidsonNorth Carolina,0.740994619946838,0.259005380053161,0,0,0,0,2,1
North Carolina,Durham,DurhamNorth Carolina,0.765286499375548,0.234258127218259,0.000455373406193078,0,0,0,2,1
North Carolina,Edgecombe,EdgecombeNorth Carolina,0.880013296324262,0.119986703675738,0,0,0,0,1,1
North Carolina,Forsyth,ForsythNorth Carolina,0.701947501060459,0.294403273698131,0.00364922524141029,0,0,0,2,1
North Carolina,Graham,GrahamNorth Carolina,0.81425717565273,0.184177879120353,0.00156494522691706,0,0,0,2,1
North Carolina,Granville,GranvilleNorth Carolina,0.819419045496934,0.180580954503066,0,0,0,0,1,1
North Carolina,Guilford,GuilfordNorth Carolina,0.772405103648279,0.224389422696431,0.0032054736552891,0,0,0,2,1
North Carolina,Haywood,HaywoodNorth Carolina,0.728960948301488,0.232810540038268,0.0331803830474363,0.00504812861280816,0,0,2,3
North Carolina,Johnston,JohnstonNorth Carolina,0.823790083242125,0.17566167114384,0.000548245614035088,0,0,0,1,1
North Carolina,Lenoir,LenoirNorth Carolina,0.879451024105531,0.119949455510776,0.000599520383693046,0,0,0,1,1
North Carolina,Lincoln,LincolnNorth Carolina,0.808888357965745,0.187158254107984,0.00316349851078904,0.000789889415481833,0,0,2,1
North Carolina,Macon,MaconNorth Carolina,0.949790350491164,0.0497265577213966,0.000483091787439613,0,0,0,1,1
North Carolina,Martin,MartinNorth Carolina,0.888461461270143,0.111538538729856,0,0,0,0,1,1
North Carolina,Mecklenburg,MecklenburgNorth Carolina,0.656024860476915,0.327513806755329,0.0160059593615623,0.000455373406193078,0,0,2,2
North Carolina,Montgomery,MontgomeryNorth Carolina,0.859063280264164,0.140936719735836,0,0,0,0,1,1
North Carolina,New Hanover,New HanoverNorth Carolina,0.908897298834152,0.0911027011658482,0,0,0,0,1,1
North Carolina,Person,PersonNorth Carolina,0.896523619169229,0.102235884114312,0.00124049671645913,0,0,0,1,1
North Carolina,Pitt,PittNorth Carolina,0.865857136558011,0.134142863441989,0,0,0,0,1,1
North Carolina,Rockingham,RockinghamNorth Carolina,0.851790585196902,0.146237928667191,0.00197148613590662,0,0,0,1,1
North Carolina,Rowan,RowanNorth Carolina,0.818640715865932,0.180893734785837,0.000465549348230912,0,0,0,1,1
North Carolina,Swain,SwainNorth Carolina,0.831145637099828,0.163374910845377,0.00365296803652968,0.00182648401826484,0,0,1,1
North Carolina,Union,UnionNorth Carolina,0.777155570399419,0.212617627629114,0.010226801971467,0,0,0,2,2
North Carolina,Wake,WakeNorth Carolina,0.65437236920037,0.342891647567353,0.00273598323227786,0,0,0,2,1
North Carolina,Yancey,YanceyNorth Carolina,0.759695998099347,0.23619850710642,0.0041054947942326,0,0,0,2,1
North Dakota,Billings,BillingsNorth Dakota,0.9312680211191,0.0659897439468839,0.00182773847157409,0.000914496462441668,0,0,1,1
North Dakota,Burke,BurkeNorth Dakota,0.923352101319161,0.0711483267622296,0.00366807008710811,0.00183150183150183,0,0,1,1
North Dakota,Burleigh,BurleighNorth Dakota,0.901762131561271,0.0913367879003053,0.0050683104304354,0.00183277010798804,0,0,1,1
North Dakota,Cass,CassNorth Dakota,0.871154026754855,0.125638252618371,0.00274858380400099,0.000459136822773186,0,0,1,1
North Dakota,Dunn,DunnNorth Dakota,0.924840690587536,0.068665972195597,0.00553166570725036,0.000961671509616715,0,0,1,1
North Dakota,McKenzie,McKenzieNorth Dakota,0.926678086070199,0.0687481355801956,0.0027435101793688,0.00137364716567017,0.00045662100456621,0,1,1
North Dakota,Mercer,MercerNorth Dakota,0.91462434812985,0.0780709633954638,0.0059348254609876,0.00136986301369863,0,0,1,2
North Dakota,Oliver,OliverNorth Dakota,0.906356585511197,0.088141152406847,0.00458523592085236,0.000917026161103963,0,0,1,1
North Dakota,Williams,WilliamsNorth Dakota,0.847056915437782,0.137877086608279,0.0127828929311076,0.00228310502283105,0,0,1,3
Ohio,Adams,AdamsOhio,0.961309799825482,0.0386902001745176,0,0,0,0,1,1
Ohio,Allen,AllenOhio,0.848387684750811,0.14659322699408,0.00501908825510891,0,0,0,1,1
Ohio,Ashtabula,AshtabulaOhio,0.899916140960129,0.092299394401892,0.00778446463797882,0,0,0,1,2
Ohio,Belmont,BelmontOhio,0.963496519200539,0.036503480799461,0,0,0,0,1,1
Ohio,Butler,ButlerOhio,0.714745365172044,0.263350550190882,0.0219040846370736,0,0,0,2,2
Ohio,Clark,ClarkOhio,0.669526162137885,0.320435661351898,0.0100381765102178,0,0,0,2,2
Ohio,Clermont,ClermontOhio,0.703185038237447,0.289425765517427,0.00738919624512608,0,0,0,2,2
Ohio,Clinton,ClintonOhio,0.807744394952813,0.18246618330773,0.00978942173945748,0,0,0,2,2
Ohio,Columbiana,ColumbianaOhio,0.998536702985367,0.00146329701463297,0,0,0,0,1,1
Ohio,Cuyahoga,CuyahogaOhio,0.560928961748634,0.414883848591461,0.0214537016243731,0.0027334880355316,0,0,3,3
Ohio,Delaware,DelawareOhio,0.880684596688874,0.116192791190982,0.00312261212014342,0,0,0,1,1
Ohio,Fayette,FayetteOhio,0.909830783008195,0.0867377769275723,0.00343144006423262,0,0,0,1,1
Ohio,Franklin,FranklinOhio,0.693722084986401,0.294416997280236,0.0118609177333633,0,0,0,2,2
Ohio,Geauga,GeaugaOhio,0.786416118662012,0.189272376971918,0.0243115043660699,0,0,0,2,2
Ohio,Greene,GreeneOhio,0.755371917336258,0.24050840264556,0.00411968001818207,0,0,0,2,1
Ohio,Hamilton,HamiltonOhio,0.469614741622377,0.506199316316092,0.0232727000523991,0.00091324200913242,0,0,3,2
Ohio,Jefferson,JeffersonOhio,0.535831025276343,0.455041545025825,0.00912742969783167,0,0,0,3,2
Ohio,Knox,KnoxOhio,0.859107246953013,0.13703787776354,0.00385487528344671,0,0,0,1,1
Ohio,Lake,LakeOhio,0.759930883050128,0.213601317463882,0.025554557476857,0.00091324200913242,0,0,2,2
Ohio,Lawrence,LawrenceOhio,0.815622426828355,0.179358484916536,0.0045624672505427,0.00045662100456621,0,0,1,1
Ohio,Licking,LickingOhio,0.866884708339042,0.12921389783591,0.0039013938250479,0,0,0,1,1
Ohio,Lorain,LorainOhio,0.85942704447844,0.138746471503295,0.00182648401826484,0,0,0,1,1
Ohio,Lucas,LucasOhio,0.751541188432049,0.237042004580743,0.0109601859826428,0.00045662100456621,0,0,2,2
Ohio,Madison,MadisonOhio,0.826394967693337,0.167456126271546,0.00614890603511714,0,0,0,1,2
Ohio,Mahoning,MahoningOhio,0.789429599394791,0.209655904142767,0.000914496462441668,0,0,0,2,1
Ohio,Medina,MedinaOhio,0.779369802858303,0.219531222381072,0.0010989747606246,0,0,0,2,1
Ohio,Miami,MiamiOhio,0.847755585347605,0.146192691168038,0.00605172348435667,0,0,0,1,2
Ohio,Montgomery,MontgomeryOhio,0.695730986446133,0.296960499798219,0.00730851375564848,0,0,0,2,2
Ohio,Morgan,MorganOhio,0.963354328273418,0.0252301466124263,0.0105022831050228,0.00091324200913242,0,0,1,2
Ohio,Noble,NobleOhio,0.893382564582203,0.104727134480629,0.00189030093716835,0,0,0,1,1
Ohio,Portage,PortageOhio,0.883091123167274,0.116908876832726,0,0,0,0,1,1
Ohio,Preble,PrebleOhio,0.754679878596339,0.241667146512195,0.0036529748914658,0,0,0,2,1
Ohio,Scioto,SciotoOhio,0.959374454175712,0.0401701724180952,0.000455373406193078,0,0,0,1,1
Ohio,Stark,StarkOhio,0.699666891234374,0.291208174264541,0.00912493450108541,0,0,0,2,2
Ohio,Summit,SummitOhio,0.706524939491479,0.290279961074931,0.00319509943359034,0,0,0,2,1
Ohio,Trumbull,TrumbullOhio,0.772182964521128,0.220053852919497,0.00776318255937502,0,0,0,2,2
Ohio,Warren,WarrenOhio,0.673779102690828,0.313497413994617,0.0127234833145543,0,0,0,2,2
Ohio,Washington,WashingtonOhio,0.873893286286477,0.121620414520949,0.00448629919257423,0,0,0,1,1
Ohio,Wood,WoodOhio,0.872820472908197,0.122703718076608,0.00447580901519486,0,0,0,1,1
Oklahoma,Adair,AdairOklahoma,0.827700564534818,0.170472951446918,0.00136986301369863,0.00045662100456621,0,0,1,1
Oklahoma,Canadian,CanadianOklahoma,0.860529254518336,0.135763078979274,0.00370766650239065,0,0,0,1,1
Oklahoma,Cleveland,ClevelandOklahoma,0.728351448748028,0.266618151897801,0.0050303993541714,0,0,0,2,2
Oklahoma,Comanche,ComancheOklahoma,0.795408385561092,0.201851888411511,0.00273972602739726,0,0,0,2,1
Oklahoma,Creek,CreekOklahoma,0.90557774856218,0.0934695905197816,0.000952660918038498,0,0,0,1,1
Oklahoma,Dewey,DeweyOklahoma,0.788578796588508,0.206805588102183,0.00461561530930828,0,0,0,2,1
Oklahoma,Kay,KayOklahoma,0.683010156971376,0.312408454445414,0.00458138858321001,0,0,0,2,2
Oklahoma,Mayes,MayesOklahoma,0.923615914209664,0.0753406103256764,0.00104347546466011,0,0,0,1,1
Oklahoma,Muskogee,MuskogeeOklahoma,0.93211588142843,0.0648908789344949,0.00195386804975846,0.00103937158731679,0,0,1,1
Oklahoma,Oklahoma,OklahomaOklahoma,0.680935449260174,0.30810689422861,0.0109576565112159,0,0,0,2,2
Oklahoma,Ottawa,OttawaOklahoma,0.743493413835165,0.25513295287962,0.00137363328521485,0,0,0,2,1
Oklahoma,Pittsburg,PittsburgOklahoma,0.794894316335616,0.203734566197376,0.00137111746700788,0,0,0,2,1
Oklahoma,Sequoyah,SequoyahOklahoma,0.885146247054164,0.114853752945836,0,0,0,0,1,1
Oklahoma,Tulsa,TulsaOklahoma,0.618423285176036,0.373817900541458,0.00684681987174689,0.000911994410759288,0,0,2,2
Oregon,Baker,BakerOregon,0.887357465108772,0.10403958195695,0.00567133948083791,0.00293161345344065,0,0,1,3
Oregon,Benton,BentonOregon,0.931189728790286,0.0652662895536601,0.00308736065148779,0.00045662100456621,0,0,1,1
Oregon,Clackamas,ClackamasOregon,0.900952306183042,0.0781726306633166,0.0155115483077026,0.00459190990766764,0.000771604938271605,0,1,3
Oregon,Columbia,ColumbiaOregon,0.957518921116187,0.0376300194565752,0.00388766829043659,0.000963391136801541,0,0,1,1
Oregon,Crook,CrookOregon,0.793825674579892,0.186208413107889,0.0114667959481255,0.00849911636409369,0,0,2,3
Oregon,Deschutes,DeschutesOregon,0.881173293949855,0.0919517797666352,0.011014507405348,0.0108375878279331,0.00365296803652968,0.00136986301369863,1,3
Oregon,Douglas,DouglasOregon,0.897967021611009,0.0969715759605661,0.00366864476825789,0.00139275766016713,0,0,1,1
Oregon,Grant,GrantOregon,0.766955298757185,0.220061081574012,0.00805342693209976,0.00493019273670317,0,0,2,3
Oregon,Harney,HarneyOregon,0.743649580414286,0.242909874436869,0.0104879350044539,0.00295261014439097,0,0,2,3
Oregon,Jackson,JacksonOregon,0.715098139052621,0.230292701401288,0.0238588242385882,0.0262670102626701,0.00357008303570083,0.00091324200913242,2,3
Oregon,Josephine,JosephineOregon,0.772236444843676,0.193349552112184,0.0130593607305936,0.0186149162861492,0.00228310502283105,0.00045662100456621,2,3
Oregon,Klamath,KlamathOregon,0.706354694916287,0.248842784498879,0.0232032120628254,0.0194653872022508,0.00213392131975776,0,2,3
Oregon,Lake,LakeOregon,0.823268988715528,0.147838082111343,0.021032241279973,0.00786068789315542,0,0,1,3
Oregon,Lane,LaneOregon,0.710129251191456,0.253798937046186,0.0283092546847319,0.00639269406392694,0.00091324200913242,0.00045662100456621,2,3
Oregon,Linn,LinnOregon,0.848392819097962,0.140335499767343,0.00761871309816515,0.00365296803652968,0,0,1,3
Oregon,Marion,MarionOregon,0.861818116696135,0.129751728276514,0.00706029201365199,0.00136986301369863,0,0,1,2
Oregon,Multnomah,MultnomahOregon,0.889520173665694,0.102718516855054,0.00410834144272276,0.00365296803652968,0,0,1,3
Oregon,Umatilla,UmatillaOregon,0.814182206254509,0.170067414406821,0.0110421493742656,0.0035954409808363,0.00111278898356883,0,1,3
Oregon,Union,UnionOregon,0.865283479944617,0.118552152210388,0.0119387691925725,0.00422559865242283,0,0,1,3
Oregon,Wallowa,WallowaOregon,0.888831830962382,0.0997063720329384,0.00775598912040161,0.00370580788427814,0,0,1,3
Oregon,Wasco,WascoOregon,0.875360965728338,0.11280420861791,0.0061586281110677,0.00521832208480881,0.000457875457875458,0,1,3
Oregon,Washington,WashingtonOregon,0.836584574693715,0.152913142201263,0.0091324200913242,0.00136986301369863,0,0,1,2
Pennsylvania,Adams,AdamsPennsylvania,0.76345595854354,0.231524939491479,0.00501910196498115,0,0,0,2,2
Pennsylvania,Allegheny,AlleghenyPennsylvania,0.436308855453252,0.502073508496145,0.0570526736033136,0.00456496244728897,0,0,3,3
Pennsylvania,Armstrong,ArmstrongPennsylvania,0.697235561551294,0.297728993173535,0.0050354452751713,0,0,0,2,2
Pennsylvania,Beaver,BeaverPennsylvania,0.628477680465105,0.361025026823365,0.0104972927115303,0,0,0,2,2
Pennsylvania,Berks,BerksPennsylvania,0.654974174713676,0.328139581305986,0.0164296229757716,0.00045662100456621,0,0,2,2
Pennsylvania,Blair,BlairPennsylvania,0.742839082546789,0.253963281466023,0.00319763598718875,0,0,0,2,1
Pennsylvania,Bradford,BradfordPennsylvania,0.913338662999205,0.0866613370007954,0,0,0,0,1,1
Pennsylvania,Bucks,BucksPennsylvania,0.767765544746164,0.203187939938259,0.0266279876529712,0.00241852766260547,0,0,2,3
Pennsylvania,Cambria,CambriaPennsylvania,0.683201159571023,0.315885598419845,0.00091324200913242,0,0,0,2,1
Pennsylvania,Centre,CentrePennsylvania,0.737081118846221,0.260181650323128,0.002737230830651,0,0,0,2,1
Pennsylvania,Chester,ChesterPennsylvania,0.640657776050905,0.348813464849257,0.0100721380952721,0.00045662100456621,0,0,2,2
Pennsylvania,Clearfield,ClearfieldPennsylvania,0.927590562004977,0.0714304326989067,0.000979005296116756,0,0,0,1,1
Pennsylvania,Cumberland,CumberlandPennsylvania,0.702539189512396,0.292881944168294,0.00457886631931041,0,0,0,2,2
Pennsylvania,Dauphin,DauphinPennsylvania,0.675487187164708,0.313561394315942,0.010494797514784,0.00045662100456621,0,0,2,2
Pennsylvania,Delaware,DelawarePennsylvania,0.572812370812225,0.412105135978892,0.0150824932088832,0,0,0,3,2
Pennsylvania,Elk,ElkPennsylvania,0.941549965185846,0.056066765254342,0.00238326955981168,0,0,0,1,1
Pennsylvania,Erie,EriePennsylvania,0.775104130500656,0.222149710325029,0.0027461591743157,0,0,0,2,1
Pennsylvania,Franklin,FranklinPennsylvania,0.957493399384526,0.0425066006154736,0,0,0,0,1,1
Pennsylvania,Greene,GreenePennsylvania,0.888532035903033,0.108248705051844,0.00321925904512332,0,0,0,1,1
Pennsylvania,Indiana,IndianaPennsylvania,0.867542641753263,0.124227842616625,0.00822951563011208,0,0,0,1,2
Pennsylvania,Lackawanna,LackawannaPennsylvania,0.784925981770805,0.211882661590724,0.00319135663847094,0,0,0,2,1
Pennsylvania,Lancaster,LancasterPennsylvania,0.541319210519749,0.435857224842179,0.0219103226289393,0.00091324200913242,0,0,3,2
Pennsylvania,Lawrence,LawrencePennsylvania,0.924256006006601,0.0739137258231623,0.00183026817023638,0,0,0,1,1
Pennsylvania,Lebanon,LebanonPennsylvania,0.606550099392004,0.37790815180777,0.0155417488002262,0,0,0,2,2
Pennsylvania,Lehigh,LehighPennsylvania,0.797460409544959,0.19522211409703,0.00731747635801083,0,0,0,2,2
Pennsylvania,Luzerne,LuzernePennsylvania,0.939251179706212,0.0593802048784621,0.0013686154153255,0,0,0,1,1
Pennsylvania,Lycoming,LycomingPennsylvania,0.937727908740317,0.0618167178534895,0.000455373406193078,0,0,0,1,1
Pennsylvania,Mercer,MercerPennsylvania,0.668620405718991,0.324534022007635,0.00638895126880755,0.00045662100456621,0,0,2,2
Pennsylvania,Monroe,MonroePennsylvania,0.846614704848161,0.150622332339234,0.00276296281260493,0,0,0,1,1
Pennsylvania,Montgomery,MontgomeryPennsylvania,0.768259813623733,0.216763183656868,0.0149770027193992,0,0,0,2,2
Pennsylvania,Northampton,NorthamptonPennsylvania,0.609592443636908,0.375800612746084,0.0127817071971166,0.00136986301369863,0.000455373406193078,0,2,2
Pennsylvania,Philadelphia,PhiladelphiaPennsylvania,0.525787858372633,0.445912867729621,0.0255595478703496,0.00273972602739726,0,0,3,3
Pennsylvania,Somerset,SomersetPennsylvania,0.937448839827246,0.0620843067647239,0.000466853408029879,0,0,0,1,1
Pennsylvania,Tioga,TiogaPennsylvania,0.851231151370619,0.147858101816995,0.000910746812386157,0,0,0,1,1
Pennsylvania,Warren,WarrenPennsylvania,0.918615550858469,0.0648392512936275,0.016088576843337,0.00045662100456621,0,0,1,2
Pennsylvania,Washington,WashingtonPennsylvania,0.564122813583851,0.429032861741148,0.00684432467500063,0,0,0,3,2
Pennsylvania,Westmoreland,WestmorelandPennsylvania,0.707738487616269,0.28724241041875,0.00501910196498115,0,0,0,2,2
Pennsylvania,York,YorkPennsylvania,0.685093694637822,0.307606607280984,0.0072996980811937,0,0,0,2,2
Rhode Island,Kent,KentRhode Island,0.910425517717203,0.0806072397433482,0.00850038913141868,0.000466853408029879,0,0,1,2
Rhode Island,Providence,ProvidenceRhode Island,0.764032986500986,0.225469720787484,0.00958405070239788,0.00091324200913242,0,0,2,2
Rhode Island,Washington,WashingtonRhode Island,0.903724531401267,0.0851804480229867,0.0101729349021266,0.000922085673619932,0,0,1,2
South Carolina,Aiken,AikenSouth Carolina,0.911507914823985,0.0884920851760153,0,0,0,0,1,1
South Carolina,Anderson,AndersonSouth Carolina,0.917291462287112,0.0819677969721469,0.000740740740740741,0,0,0,1,1
South Carolina,Berkeley,BerkeleySouth Carolina,0.942939678283281,0.0570603217167188,0,0,0,0,1,1
South Carolina,Charleston,CharlestonSouth Carolina,0.862422354003902,0.13387504609156,0.0027766739786124,0.000925925925925926,0,0,1,1
South Carolina,Chesterfield,ChesterfieldSouth Carolina,0.818992553942279,0.179589235791452,0.00141821026626941,0,0,0,1,1
South Carolina,Darlington,DarlingtonSouth Carolina,0.899428728843827,0.100571271156174,0,0,0,0,1,1
South Carolina,Edgefield,EdgefieldSouth Carolina,0.874021759159419,0.123003966170771,0.00201365987634148,0.000960614793467819,0,0,1,1
South Carolina,Greenville,GreenvilleSouth Carolina,0.717476358010829,0.278421538538314,0.00319135663847094,0.000910746812386157,0,0,2,1
South Carolina,Lexington,LexingtonSouth Carolina,0.814917743902456,0.182787819410842,0.00137362637362637,0.000920810313075506,0,0,2,1
South Carolina,Oconee,OconeeSouth Carolina,0.893823401311178,0.10479916737118,0.00137743131764172,0,0,0,1,1
South Carolina,Pickens,PickensSouth Carolina,0.85605917123538,0.143297328121119,0.000643500643500643,0,0,0,1,1
South Carolina,Richland,RichlandSouth Carolina,0.780480075853981,0.214959952092222,0.00364922524141029,0.000910746812386157,0,0,2,1
South Carolina,Spartanburg,SpartanburgSouth Carolina,0.730310128188184,0.26687378811338,0.00281608369843664,0,0,0,2,1
South Carolina,York,YorkSouth Carolina,0.88408770608092,0.109822401735078,0.00608989218400146,0,0,0,1,2
South Dakota,Brookings,BrookingsSouth Dakota,0.877664358333964,0.117752963551609,0.00458267811442715,0,0,0,1,1
South Dakota,Codington,CodingtonSouth Dakota,0.904841871499753,0.0942333427016732,0.000924785798573701,0,0,0,1,1
South Dakota,Custer,CusterSouth Dakota,0.924527669800221,0.0731816777223274,0.00183151565467879,0.000459136822773186,0,0,1,1
South Dakota,Jackson,JacksonSouth Dakota,0.92356409948053,0.0741502865900203,0.00228561392944955,0,0,0,1,1
South Dakota,Meade,MeadeSouth Dakota,0.979453206196553,0.0205467938034474,0,0,0,0,1,1
South Dakota,Minnehaha,MinnehahaSouth Dakota,0.839985128075968,0.154986967766607,0.00502790415742513,0,0,0,1,2
South Dakota,Pennington,PenningtonSouth Dakota,0.782299575394927,0.210832119084889,0.00641168451561768,0.00045662100456621,0,0,2,2
South Dakota,Union,UnionSouth Dakota,0.842928358788453,0.15387778937633,0.00319385183521721,0,0,0,1,1
Tennessee,Anderson,AndersonTennessee,0.904783368244528,0.0943033897463391,0.00091324200913242,0,0,0,1,1
Tennessee,Blount,BlountTennessee,0.80578087390655,0.18965788581982,0.00365049346124413,0.000910746812386157,0,0,2,1
Tennessee,Claiborne,ClaiborneTennessee,0.935593897820811,0.0639216060551583,0.000484496124031008,0,0,0,1,1
Tennessee,Davidson,DavidsonTennessee,0.654486363749782,0.337757317164458,0.0072996980811937,0.00045662100456621,0,0,2,2
Tennessee,Hamilton,HamiltonTennessee,0.72563385365477,0.26884593746247,0.00494150517905612,0.000578703703703704,0,0,2,2
Tennessee,Jefferson,JeffersonTennessee,0.771359191664604,0.225693235738042,0.00294757259735369,0,0,0,2,1
Tennessee,Knox,KnoxTennessee,0.706420516562981,0.289477373131226,0.00273599008721398,0.00136612021857923,0,0,2,1
Tennessee,Loudon,LoudonTennessee,0.809956139830582,0.183031055540323,0.00582232843861897,0.00119047619047619,0,0,2,2
Tennessee,Montgomery,MontgomeryTennessee,0.870698939385941,0.12930106061406,0,0,0,0,1,1
Tennessee,Sevier,SevierTennessee,0.817172120244746,0.179141854421184,0.00368602533407003,0,0,0,1,1
Tennessee,Shelby,ShelbyTennessee,0.718833745040797,0.267931731417022,0.0127779025376151,0.00045662100456621,0,0,2,2
Tennessee,Sullivan,SullivanTennessee,0.621171744392045,0.314475883923447,0.063440377273748,0.000911994410759288,0,0,2,2
Tennessee,Sumner,SumnerTennessee,0.808545358984083,0.188724362002146,0.00273027901377096,0,0,0,2,1
Tennessee,Williamson,WilliamsonTennessee,0.896570716164424,0.101353700905193,0.00207558293038387,0,0,0,1,1
Tennessee,Wilson,WilsonTennessee,0.871496710131355,0.126758089170565,0.00174520069808028,0,0,0,1,1
Texas,Bell,BellTexas,0.846044708715942,0.145276983290682,0.00867830799337649,0,0,0,1,2
Texas,Bexar,BexarTexas,0.63855663483154,0.339053716623125,0.0187303598032351,0.00365928874209964,0,0,2,3
Texas,Brazoria,BrazoriaTexas,0.87534335689512,0.105867297888539,0.0151261447763475,0.00366320043999335,0,0,1,3
Texas,Brewster,BrewsterTexas,0.865662797037727,0.134337202962273,0,0,0,0,1,1
Texas,Cameron,CameronTexas,0.71563615041046,0.282539860768022,0.00182398882151858,0,0,0,2,1
Texas,Collin,CollinTexas,0.846251873985477,0.131182695402096,0.0221088096078609,0.00045662100456621,0,0,1,2
Texas,Dallas,DallasTexas,0.651725428550041,0.325903885021334,0.0210008234149263,0.00136986301369863,0,0,2,2
Texas,Denton,DentonTexas,0.744842428325474,0.218641614891334,0.0337762307557951,0.00273972602739726,0,0,2,3
Texas,Ector,EctorTexas,0.899519980973277,0.100023398022157,0.00045662100456621,0,0,0,1,1
Texas,El Paso,El PasoTexas,0.468246126207051,0.497514784040722,0.0310427427202635,0.00319634703196347,0,0,3,3
Texas,Ellis,EllisTexas,0.772225965017342,0.221381340918731,0.00639269406392694,0,0,0,2,2
Texas,Galveston,GalvestonTexas,0.80523811185939,0.170955818756758,0.021979585365587,0.00136986301369863,0.00045662100456621,0,2,2
Texas,Gregg,GreggTexas,0.900256105033752,0.0960846338711283,0.00365926109511972,0,0,0,1,1
Texas,Harris,HarrisTexas,0.494728896873519,0.442278613668688,0.0497517279237468,0.0118708985203483,0.00136986301369863,0,3,3
Texas,Harrison,HarrisonTexas,0.833134426881237,0.165494455651755,0.00137111746700788,0,0,0,1,1
Texas,Hidalgo,HidalgoTexas,0.716219943963243,0.280118272325773,0.00366178371098445,0,0,0,2,1
Texas,Hood,HoodTexas,0.888143753994821,0.102110436248042,0.00837218338351107,0.00137362637362637,0,0,1,2
Texas,Hunt,HuntTexas,0.935063877067002,0.0631096389147328,0.00136986301369863,0.00045662100456621,0,0,1,1
Texas,Jefferson,JeffersonTexas,0.669529904933004,0.306740774010031,0.0219040846370736,0.00182523641989171,0,0,2,2
Texas,Johnson,JohnsonTexas,0.838477849430688,0.144273818231926,0.0163158420274609,0.00093249030992587,0,0,1,2
Texas,Kaufman,KaufmanTexas,0.853217280491959,0.145409072342371,0.00137364716567017,0,0,0,1,1
Texas,Maverick,MaverickTexas,0.839879485981182,0.159628871934256,0.000491642084562438,0,0,0,1,1
Texas,McLennan,McLennanTexas,0.860549664851891,0.136755795574289,0.0026945395738204,0,0,0,1,1
Texas,Montgomery,MontgomeryTexas,0.759713316328877,0.223835707172783,0.0159943554937737,0.00045662100456621,0,0,2,2
Texas,Navarro,NavarroTexas,0.752830869257997,0.233011370693832,0.0114180340207737,0.00273972602739726,0,0,2,3
Texas,Nueces,NuecesTexas,0.75817959042289,0.239993925558845,0.00182648401826484,0,0,0,2,1
Texas,Orange,OrangeTexas,0.797695000504311,0.192652893180627,0.00965210631506182,0,0,0,2,2
Texas,Parker,ParkerTexas,0.874830861401491,0.110405813683114,0.0138424513574396,0.000920873557955254,0,0,1,2
Texas,Polk,PolkTexas,0.964406082921824,0.0345838160680755,0.00101010101010101,0,0,0,1,1
Texas,Potter,PotterTexas,0.906386394377636,0.0739776479727075,0.0191793366450901,0.00045662100456621,0,0,1,2
Texas,Randall,RandallTexas,0.807795951373063,0.186174124101046,0.0060299245258909,0,0,0,2,2
Texas,Rockwall,RockwallTexas,0.905252068956456,0.0867672457354293,0.00798068530811475,0,0,0,1,2
Texas,Smith,SmithTexas,0.904004064154524,0.0937103150610898,0.00228562078438566,0,0,0,1,1
Texas,Tarrant,TarrantTexas,0.669065798338199,0.288021808019562,0.0397172942086484,0.00319509943359034,0,0,2,3
Texas,Travis,TravisTexas,0.69280135738703,0.295327744092622,0.0118708985203483,0,0,0,2,2
Texas,Victoria,VictoriaTexas,0.938803564483281,0.0595348389784624,0.00166159653825688,0,0,0,1,1
Utah,Cache,CacheUtah,0.749416123961374,0.221826733537939,0.0264740374778551,0.00228310502283105,0,0,2,3
Utah,Carbon,CarbonUtah,0.711676559864881,0.284439785413417,0.00388365472170232,0,0,0,2,1
Utah,Davis,DavisUtah,0.685244255648213,0.278628524544034,0.0356705988031862,0.00045662100456621,0,0,2,2
Utah,Duchesne,DuchesneUtah,0.714725403598074,0.265193252987998,0.0155188761633855,0.0045624672505427,0,0,2,3
Utah,Salt Lake,Salt LakeUtah,0.482412605733962,0.436799161613893,0.0757703919954088,0.00501784065673578,0,0,3,3
Utah,San Juan,San JuanUtah,0.780070599833683,0.216191841451727,0.00373755871459019,0,0,0,2,1
Utah,Tooele,TooeleUtah,0.75581630361554,0.225470968385857,0.0182573545924096,0.000455373406193078,0,0,2,2
Utah,Uintah,UintahUtah,0.617497567183172,0.355118896124959,0.0168899867754572,0.00821294009032612,0.00228060982608479,0,2,3
Utah,Utah,UtahUtah,0.611137310676947,0.347333882276617,0.0360518501883874,0.00547695685804826,0,0,2,3
Vermont,Bennington,BenningtonVermont,0.915841584665384,0.0827885454659819,0.00136986986863475,0,0,0,1,1
Vermont,Chittenden,ChittendenVermont,0.906870524240836,0.0931294757591636,0,0,0,0,1,1
Vermont,Rutland,RutlandVermont,0.826428506992172,0.170828003620503,0.002743489387325,0,0,0,1,1
Virginia,Albemarle,AlbemarleVirginia,0.896317622709204,0.103227003884603,0.000455373406193078,0,0,0,1,1
Virginia,Arlington,ArlingtonVirginia,0.832200977030306,0.156368361873333,0.0109715242735883,0.000459136822773186,0,0,1,2
Virginia,Caroline,CarolineVirginia,0.911556353849371,0.087527895234878,0.000915750915750916,0,0,0,1,1
Virginia,Chesterfield,ChesterfieldVirginia,0.886702292229353,0.112668776953037,0.000628930817610063,0,0,0,1,1
Virginia,Fairfax,FairfaxVirginia,0.765767915992484,0.227389000075953,0.00684308393156361,0,0,0,2,2
Virginia,Fauquier,FauquierVirginia,0.957351431217167,0.0426485687828329,0,0,0,0,1,1
Virginia,Frederick,FrederickVirginia,0.847660372396262,0.152339627603738,0,0,0,0,1,1
Virginia,Giles,GilesVirginia,0.838287714291772,0.124682494333742,0.0247010242511984,0.0123287671232877,0,0,1,3
Virginia,Hanover,HanoverVirginia,0.878193129028215,0.120196565013653,0.00161030595813204,0,0,0,1,1
Virginia,Henrico,HenricoVirginia,0.836370129801014,0.159973138802529,0.00320011039189121,0.00045662100456621,0,0,1,1
Virginia,Loudoun,LoudounVirginia,0.868414458801536,0.128319402314126,0.00326613888433776,0,0,0,1,1
Virginia,Madison,MadisonVirginia,0.893587193817857,0.105951125665061,0.000461680517082179,0,0,0,1,1
Virginia,Prince Edward,Prince EdwardVirginia,0.962558720364227,0.0369581878483333,0.000483091787439613,0,0,0,1,1
Virginia,Prince William,Prince WilliamVirginia,0.914630252646193,0.0835444903124551,0.00182525704135242,0,0,0,1,1
Virginia,Richmond City,Richmond CityVirginia,0.865715929556691,0.134284070443309,0,0,0,0,1,1
Virginia,Roanoke,RoanokeVirginia,0.86027397260274,0.139269406392694,0.00045662100456621,0,0,0,1,1
Virginia,Rockbridge,RockbridgeVirginia,0.945910935136368,0.0540890648636314,0,0,0,0,1,1
Virginia,Rockingham,RockinghamVirginia,0.920410785415361,0.0791338411784462,0.000455373406193078,0,0,0,1,1
Virginia,Stafford,StaffordVirginia,0.899264429358588,0.0984618834523457,0.00227368718906659,0,0,0,1,1
Virginia,Wythe,WytheVirginia,0.921372503347898,0.0786274966521024,0,0,0,0,1,1
Washington,Adams,AdamsWashington,0.946237823743296,0.0424764409888135,0.00517535853292628,0.00611037673496365,0,0,1,3
Washington,Asotin,AsotinWashington,0.826065094478981,0.158515509541446,0.0105512957800604,0.00342717800931057,0.00144092219020173,0,1,3
Washington,Benton,BentonWashington,0.832440805217289,0.148780081074029,0.0146619563636437,0.00365675218850122,0,0.000460405156537753,1,3
Washington,Chelan,ChelanWashington,0.807202006303611,0.166272349759861,0.0123628244910316,0.0105098514089659,0.00319634703196347,0.00045662100456621,1,3
Washington,Clallam,ClallamWashington,0.866141726762759,0.126095716159616,0.00365296803652968,0.00365296803652968,0.00045662100456621,0,1,3
Washington,Clark,ClarkWashington,0.832212962733934,0.156230882101278,0.00873280377899683,0.00282335138579165,0,0,1,3
Washington,Columbia,ColumbiaWashington,0.93609594366601,0.0551389295176813,0.00672073714976877,0.0020443896665395,0,0,1,2
Washington,Cowlitz,CowlitzWashington,0.935898325676092,0.060901543139973,0.00183026817023638,0.00136986301369863,0,0,1,1
Washington,Franklin,FranklinWashington,0.92445729092617,0.0668810132912507,0.0057216711658178,0.00294002461676178,0,0,1,3
Washington,Grant,GrantWashington,0.902436735012248,0.0856657510354433,0.00549847792998478,0.00594241501775748,0.00045662100456621,0,1,3
Washington,Grays Harbor,Grays HarborWashington,0.957988003749116,0.0388156492189201,0.00136986301369863,0.00182648401826484,0,0,1,1
Washington,Jefferson,JeffersonWashington,0.968802225822728,0.0279556378523712,0.00184937866473334,0.00139275766016713,0,0,1,1
Washington,King,KingWashington,0.73029491575824,0.249591117676984,0.0137212725008491,0.00593607305936073,0.00045662100456621,0,2,3
Washington,Kitsap,KitsapWashington,0.974705357014343,0.0205920535767637,0.00326992465244614,0.00143266475644699,0,0,1,1
Washington,Kittitas,KittitasWashington,0.838937260347153,0.14287962678459,0.0111425800726857,0.00610156565942114,0.000938967136150235,0,1,3
Washington,Lewis,LewisWashington,0.927751236072776,0.067677494369046,0.00182648401826484,0.00274478553991323,0,0,1,1
Washington,Mason,MasonWashington,0.931702127442183,0.0641794677283358,0.00274602599757578,0.00137237883190561,0,0,1,1
Washington,Okanogan,OkanoganWashington,0.648194776533954,0.316044617292138,0.011965552357306,0.0192112330434913,0.00183151565467879,0.00275230511843214,2,3
Washington,Pierce,PierceWashington,0.790933702622452,0.192629188811538,0.00958904109589041,0.00684806747012002,0,0,2,3
Washington,Skagit,SkagitWashington,0.954809491728423,0.0410809192304813,0.00273972602739726,0.00136986301369863,0,0,1,1
Washington,Snohomish,SnohomishWashington,0.790955838915437,0.188453294397236,0.0164737093422888,0.00411715734503898,0,0,2,3
Washington,Spokane,SpokaneWashington,0.767389335446621,0.212027497893002,0.0132671673144899,0.00548951532762243,0.00182648401826484,0,2,3
Washington,Stevens,StevensWashington,0.723014178369622,0.252741993761457,0.0146472184690879,0.0095966093998335,0,0,2,3
Washington,Thurston,ThurstonWashington,0.88586578702859,0.109382213785274,0.00140418229472033,0.00334781689141615,0,0,1,1
Washington,Walla Walla,Walla WallaWashington,0.894932780494873,0.0943494589526075,0.00746299095778144,0.0027981485901716,0.00045662100456621,0,1,3
Washington,Whatcom,WhatcomWashington,0.818577271819441,0.160874782975079,0.0178082191780822,0.00273972602739726,0,0,1,3
Washington,Whitman,WhitmanWashington,0.930873683997764,0.0576805176723087,0.00778904614142637,0.00365675218850122,0,0,1,3
Washington,Yakima,YakimaWashington,0.667853008990751,0.288276029387231,0.0315371216193951,0.010050734979792,0.00228310502283105,0,2,3
West Virginia,Berkeley,BerkeleyWest Virginia,0.838076192649863,0.160071171811509,0.00185263553862792,0,0,0,1,1
West Virginia,Brooke,BrookeWest Virginia,0.865805823789206,0.128261845946553,0.00593233026424134,0,0,0,1,2
West Virginia,Cabell,CabellWest Virginia,0.87760381992698,0.119806906258498,0.00258927381452222,0,0,0,1,1
West Virginia,Gilmer,GilmerWest Virginia,0.976328589051568,0.0231897153800316,0.000481695568400771,0,0,0,1,1
West Virginia,Greenbrier,GreenbrierWest Virginia,0.929294701659085,0.0707052983409151,0,0,0,0,1,1
West Virginia,Hancock,HancockWest Virginia,0.864902562567058,0.132357711405544,0.00273972602739726,0,0,0,1,1
West Virginia,Kanawha,KanawhaWest Virginia,0.834003193928977,0.163201423549422,0.00233112996821166,0.000464252553389044,0,0,1,1
West Virginia,Marshall,MarshallWest Virginia,0.74064761037208,0.25935238962792,0,0,0,0,2,1
West Virginia,Monongalia,MonongaliaWest Virginia,0.90801256027705,0.091064078688786,0.000923361034164358,0,0,0,1,1
West Virginia,Ohio,OhioWest Virginia,0.802603585743296,0.192917761213297,0.00447865304340746,0,0,0,2,1
West Virginia,Tucker,TuckerWest Virginia,0.942383387396166,0.0566789642417513,0.000937648362082608,0,0,0,1,1
West Virginia,Wood,WoodWest Virginia,0.886193794603221,0.111515566742504,0.00229063865427502,0,0,0,1,1
Wisconsin,Ashland,AshlandWisconsin,0.96066611669497,0.0393338833050301,0,0,0,0,1,1
Wisconsin,Brown,BrownWisconsin,0.81645304629248,0.178071244447845,0.00547570925967513,0,0,0,1,2
Wisconsin,Columbia,ColumbiaWisconsin,0.896559326541328,0.0986085677447395,0.00483210571393285,0,0,0,1,1
Wisconsin,Dane,DaneWisconsin,0.779079022880954,0.218637872096215,0.00228310502283105,0,0,0,2,1
Wisconsin,Dodge,DodgeWisconsin,0.811027522020111,0.182583526711081,0.00638895126880755,0,0,0,2,2
Wisconsin,Door,DoorWisconsin,0.885063335709207,0.096031362797305,0.0189053014934882,0,0,0,1,2
Wisconsin,Eau Claire,Eau ClaireWisconsin,0.860230073508175,0.138847756139027,0.000922170352797123,0,0,0,1,1
Wisconsin,Fond du Lac,Fond du LacWisconsin,0.887933065410776,0.107020158776012,0.00504677581321151,0,0,0,1,1
Wisconsin,Forest,ForestWisconsin,0.928360255973702,0.0707098553016848,0.000929888724612871,0,0,0,1,1
Wisconsin,Grant,GrantWisconsin,0.857380714624895,0.141239303336374,0.00137998203873057,0,0,0,1,1
Wisconsin,Jefferson,JeffersonWisconsin,0.873222945268982,0.118669759614325,0.00810729511669257,0,0,0,1,2
Wisconsin,Kenosha,KenoshaWisconsin,0.733916494607796,0.239880411011224,0.0234507405371239,0.00275235384385632,0,0,2,3
Wisconsin,Kewaunee,KewauneeWisconsin,0.875550556575414,0.111801074864325,0.0119539241158158,0.000694444444444445,0,0,1,2
Wisconsin,La Crosse,La CrosseWisconsin,0.860634565662069,0.139365434337931,0,0,0,0,1,1
Wisconsin,Manitowoc,ManitowocWisconsin,0.876895035778462,0.104012711311175,0.0176975527708928,0.00139470013947001,0,0,1,2
Wisconsin,Marathon,MarathonWisconsin,0.926861678383169,0.0722792150876217,0.000859106529209622,0,0,0,1,1
Wisconsin,Milwaukee,MilwaukeeWisconsin,0.712902662374928,0.274321930284203,0.0118634129301095,0.000911994410759288,0,0,2,2
Wisconsin,Oneida,OneidaWisconsin,0.899786343348386,0.0550627293104895,0.0442275663069605,0.000923361034164358,0,0,1,2
Wisconsin,Outagamie,OutagamieWisconsin,0.796445163300795,0.19209744375655,0.0114573929426542,0,0,0,2,2
Wisconsin,Ozaukee,OzaukeeWisconsin,0.819865282655064,0.162410178267791,0.016336781863524,0.00138775721362149,0,0,1,2
Wisconsin,Rock,RockWisconsin,0.86689614139484,0.123696519570849,0.00940733903431178,0,0,0,1,2
Wisconsin,Sauk,SaukWisconsin,0.857002097884649,0.140259423686327,0.00273847842902413,0,0,0,1,1
Wisconsin,Sheboygan,SheboyganWisconsin,0.805368224630033,0.153241851220784,0.0375114370431674,0.0038784871060156,0,0,1,3
Wisconsin,Taylor,TaylorWisconsin,0.894735493163264,0.10480788583217,0.00045662100456621,0,0,0,1,1
Wisconsin,Vilas,VilasWisconsin,0.929148502432291,0.0700502155164268,0.000801282051282051,0,0,0,1,1
Wisconsin,Walworth,WalworthWisconsin,0.868332499152905,0.120723646471109,0.0109438543759861,0,0,0,1,2
Wisconsin,Waukesha,WaukeshaWisconsin,0.764077085159792,0.232225083031891,0.00369783180831719,0,0,0,2,1
Wyoming,Albany,AlbanyWyoming,0.694645307782519,0.302614966190084,0.00228310502283105,0.00045662100456621,0,0,2,1
Wyoming,Big Horn,Big HornWyoming,0.936309230475014,0.0636907695249865,0,0,0,0,1,1
Wyoming,Campbell,CampbellWyoming,0.72615714749108,0.266081543029668,0.00502158345185518,0.00273972602739726,0,0,2,3
Wyoming,Carbon,CarbonWyoming,0.8671619632208,0.127815205728972,0.00319634703196347,0.00182648401826484,0,0,1,1
Wyoming,Converse,ConverseWyoming,0.83614042967288,0.158837986875265,0.00365296803652968,0.0013686154153255,0,0,1,1
Wyoming,Fremont,FremontWyoming,0.764916286149163,0.231430745814308,0.00365296803652968,0,0,0,2,1
Wyoming,Laramie,LaramieWyoming,0.819606755621802,0.178110139355367,0.00091324200913242,0.00136986301369863,0,0,1,1
Wyoming,Lincoln,LincolnWyoming,0.972606482521147,0.026936896474287,0,0,0.00045662100456621,0,1,1
Wyoming,Natrona,NatronaWyoming,0.869401148667935,0.129685609322932,0.00091324200913242,0,0,0,1,1
Wyoming,Sheridan,SheridanWyoming,0.842506924170971,0.15292811338174,0.00410834144272276,0.00045662100456621,0,0,1,1
Wyoming,Sublette,SubletteWyoming,0.733419417621079,0.256992788881403,0.00821793048381865,0.00136986301369863,0,0,2,2
Wyoming,Sweetwater,SweetwaterWyoming,0.699621977692941,0.28622401876388,0.0114142775157821,0.00228310502283105,0.00045662100456621,0,2,3
Wyoming,Teton,TetonWyoming,0.861230880554932,0.13739925643137,0.00136986301369863,0,0,0,1,1
Wyoming,Uinta,UintaWyoming,0.867154477630561,0.130105796342042,0.00228310502283105,0,0,0.00045662100456621,1,1
Wyoming,Weston,WestonWyoming,0.900507772537865,0.0990356064575692,0.00045662100456621,0,0,0,1,1
