State,County,GoodDays,ModerateDays,UnhealthyForSensitiveGroupsDays,UnhealthyDays,VeryUnhealthyDays,HazardousDays,COVIDDeaths_NormalizedByPopulation_,COVIDCases_NormalizedByPopulation_
Alabama,Baldwin,0.876604492,0.301520461730172,0.0427709392866944,0,0,0,0.042096406369984,0.105030237050402
Alabama,Colbert,0.915972142,0.211425000792666,0.0103698728309094,0,0,0,0.0942836108836958,0.224632128734505
Alabama,DeKalb,0.889765692,0.27400837699343,0.0164581977940168,0,0,0,0.0729177240905635,0.28101128788826
Alabama,Etowah,0.687626755,0.655237417836627,0.0650037838158177,0.0563844295951428,0,0,0.132032331519938,0.206631743397976
Alabama,Houston,0.910648631,0.224465139573069,0.0104067690128842,0,0,0,0.0492964096522872,0.13969268876857
Alabama,Jefferson,0.469168101,0.864108370452189,0.352574108180347,0.0136618826826966,0,0,0.221535555120431,0.224620849711207
Alabama,Madison,0.815894994,0.439164066379492,0.016792505422915,0,0,0,0.019609164590262,0.0969307588422861
Alabama,Mobile,0.770769944,0.515447547050119,0.133101726909468,0,0,0,0.32641274857292,0.297638088398297
Alabama,Montgomery,0.631961256,0.734497332657381,0.0410952059549972,0.00687829876315536,0.0930638307021147,0,0.427375690926535,0.523737549600293
Alabama,Morgan,0.840943915,0.385805679804373,0.0160227749320849,0,0,0,0.0261832540181231,0.274009922838599
Alabama,Russell,0.721448285,0.612298850542673,0.0276456875643141,0,0,0,0,0.278873786742011
Alabama,Shelby,0.869072656,0.301001109305271,0.176966692214486,0,0,0,0.109932542149875,0.16886517633072
Alabama,Sumter,0.909249092,0.22803365277118,0.00931313563853941,0,0,0,0.76529359185288,0.642194756297474
Alabama,Tuscaloosa,0.709897988,0.631433337058853,0.0174924377131665,0,0,0,0.187394617971302,0.323676388770905
Arizona,Apache,0.99539294,0.0118522820102449,0,0,0,0,0.863771537325245,0.813138939526577
Arizona,Cochise,0.723393717,0.605048838582818,0.0719403860188556,0,0,0,0.099235600566507,0.177098809086773
Arizona,Coconino,0.734146044,0.584040702868363,0.104669882625552,0,0,0,0.594431711560303,0.433411171349113
Arizona,Gila,0.267018489,0.788492158084513,0.999826586391951,0.648378552542094,0,0,0.11552844382055,0.193753762076508
Arizona,La Paz,0.771647497,0.516846030169554,0.105107136275348,0,0,0,0.242549655539207,0.508493424279247
Arizona,Maricopa,0.162483469,0.95,0.968920057573199,0.0751061580079031,0.41541252099589,0,0.188035752314392,0.379722008136891
Arizona,Mohave,0.969516927,0.0770909720556247,0.00805604571613367,0,0,0,0.403969175192777,0.182565470467055
Arizona,Navajo,0.787495713,0.49273047670834,0.048123531578764,0,0,0,0.840958945274003,0.816159501291161
Arizona,Pima,0.562762931,0.79761534141485,0.220565540516009,0,0,0,0.272283465021905,0.268016703038436
Arizona,Pinal,0.234151758,0.917570658455652,0.963024072915385,0.26691120681544,0.75001398049806,0.993229908539833,0.158927048909764,0.272881890080285
Arizona,Santa Cruz,0.764727374,0.52735675164813,0.0800816713956189,0.0410588842181707,0,0,0.457638261206727,0.869117626918982
Arizona,Yavapai,0.770022815,0.519026228529444,0.113196680813939,0,0,0,0.0444102327867055,0.113470003247481
Arizona,Yuma,0.663642488,0.649120960620276,0.490369130168778,0.0410025900446972,0.339830952783087,0.0725627058649589,0.445379494989633,0.778946603176077
Arkansas,Clark,0.966994777,0.0847108520828913,0,0,0,0,0,0.0873829709593346
Arkansas,Crittenden,0.820156199,0.423648879869013,0.0639653526026149,0.00682191230341544,0,0,0.27588572774048,0.489802540421529
Arkansas,Newton,0.939710864,0.153877120115295,0,0,0,0,0,0.0265420620289906
Arkansas,Polk,0.869735724,0.321000814805923,0.0162002812726351,0,0,0,0.052284843912125,0.128166291360491
Arkansas,Pulaski,0.667259276,0.690552830544651,0.0480354419937358,0,0,0,0.155999589454411,0.180081519293121
Arkansas,Union,0.846536429,0.371470826887824,0.0240315916485838,0.00682191230341544,0,0,0.337367336461286,0.217302983292884
Arkansas,Washington,0.816016668,0.44089728387939,0,0,0,0,0.130294884844356,0.478623935370354
California,Alameda,0.603811413,0.730622579644022,0.427148505245004,0.108979522270429,0.25936365624709,0,0.0848109663240998,0.125686662235082
California,Amador,0.800557663,0.439546520336265,0.275381179935548,0,0,0,0,0.0207083441912621
California,Butte,0.474675001,0.839656898224216,0.607350276880615,0.115770729402125,0.25936365624709,0.283568833675937,0.00953286887573344,0.0295717862350295
California,Calaveras,0.625160782,0.699484207740291,0.516927480899743,0.0688359958444671,0.0882452117073957,0.072760870304592,0,0.0298831161653101
California,Colusa,0.710619557,0.60128951926958,0.166683600784773,0.135966999049386,0.0882452117073957,0,0,0.0936581768662677
California,Contra Costa,0.681377099,0.63959335978879,0.280632911296243,0.102252101643852,0.175126673934204,0,0.0696273129237454,0.096293306467165
California,El Dorado,0.64673103,0.597357215396402,0.857364699055745,0.175789227297342,0.0882452117073957,0,0,0.0352076449548654
California,Fresno,0.251483394,0.834749665475758,0.99915441696243,0.703978360389966,0.175126673934204,0,0.0782676499112841,0.179631116610851
California,Glenn,0.763545353,0.52269578001493,0.135759145554245,0.0412470131453639,0.0887288972909927,0,0,0.138057344221346
California,Humboldt,0.845170011,0.358199058124707,0.119714284568751,0.0342465494175221,0,0,0.0308188816313341,0.0336447841777305
California,Imperial,0.260142975,0.922450948654234,0.94270397008493,0.149314907211739,0.55049107230009,0.348776504541046,0.507412327052405,0.843975666880584
California,Inyo,0.599695586,0.70325625708129,0.570760158034615,0.189159421455958,0.41541252099589,0.881911942552221,0.0578524710399984,0.0607794950629926
California,Kern,0.185300796,0.834025152735157,0.999897877401397,0.74617949771606,0.175126673934204,0.144755384721867,0.0879769621826469,0.179725061654846
California,Kings,0.272496694,0.888042596142161,0.987983486089206,0.445277216953277,0,0.144755384721867,0.228173314072545,0.509203209914137
California,Lake,0.97082984,0.0677899815953009,0.0243214998470853,0.0138905267670559,0.0902119891219868,0,0,0.042066316567941
California,Los Angeles,0.100416698,0.912412294137899,0.999023258683843,0.810458189591077,0.905709403958363,0,0.340234315676288,0.346156080867231
California,Madera,0.369709559,0.863489936725146,0.954652678116331,0.221932213290492,0,0,0.0331914919212835,0.117419777907153
California,Marin,0.824982073,0.397684981569759,0.095937080073958,0.081904685616881,0.0882452117073957,0,0.0765446674187988,0.307064444991092
California,Mariposa,0.571872895,0.727296934386916,0.668929665188693,0.273322086699312,0.661950902778831,0.072760870304592,0.0606571385417412,0.053789240464011
California,Mendocino,0.835348114,0.366845922321458,0.174739940058104,0.0616010978582728,0.0884862907399047,0.0729599816715949,0,0.0336005308095176
California,Merced,0.454986281,0.81560668845476,0.92220973828415,0.136022536415707,0,0,0.0413637405044759,0.13882247222683
California,Mono,0.830658482,0.272474870799967,0.243328055952426,0.169260963641991,0.661950902778831,0.9999,0.0722063897131241,0.09942140767042
California,Monterey,0.888179005,0.257148962424986,0.0878401549557127,0.0681518100362932,0,0,0.0360887164373051,0.132853556233946
California,Napa,0.722095233,0.592049365244665,0.11202722932842,0.0889379849606469,0.175597870378435,0,0.0303300877958886,0.0827432687969721
California,Nevada,0.633940123,0.590498501952722,0.906461416345999,0.241672001428457,0,0,0.0104729502147019,0.0402135237254674
California,Orange,0.420360805,0.873300769560409,0.710926937722456,0.0818675582418832,0,0,0.113016267925883,0.154447810332149
California,Placer,0.528511366,0.761311894852234,0.83155084346081,0.189141393882672,0.415612585435284,0,0.0288436268772175,0.0622715308605587
California,Riverside,0.129625471,0.850390991567879,0.999883991927752,0.882724250110639,0.932869958473181,0.348776504541046,0.193333422929193,0.245396819407429
California,Sacramento,0.479218754,0.806851856126641,0.865091852795117,0.13583858491724,0.339830952783087,0.072760870304592,0.0457422352351336,0.0749424299494687
California,San Benito,0.837519026,0.373250779336442,0.174356390850572,0,0,0,0.0332563389504824,0.129801907897361
California,San Bernardino,0.104987898,0.868478002652562,0.99923196700408,0.95968169183783,0.9999,0,0.123015734000456,0.197918492116835
California,San Diego,0.22457145,0.936460503240104,0.95173778917706,0.0886585152823212,0,0,0.115280805770244,0.149145701214947
California,San Francisco,0.815525114,0.420882213245957,0.0799497301339098,0.0751061580079031,0.0882452117073957,0,0.0591882119112376,0.141013230056726
California,San Joaquin,0.456905457,0.831119972674072,0.84583280825428,0.115752283454577,0.175126673934204,0.072760870304592,0.0738893416795707,0.174371687827097
California,San Luis Obispo,0.480601093,0.856465175360844,0.359570299637262,0.00682191230341544,0,0,0.00738048593730984,0.0776351998807749
California,San Mateo,0.851036178,0.341884058140597,0.0799715926879051,0.0886955993629889,0,0,0.146140001242628,0.147095309992684
California,Santa Barbara,0.689172094,0.636775779131426,0.189764387932435,0.0886585152823212,0.175126673934204,0.0725627058649589,0.0677534206022127,0.218901157532835
California,Santa Clara,0.698747411,0.615351157230821,0.265846035981932,0.102252101643852,0,0,0.0854168249513827,0.0811766371073311
California,Santa Cruz,0.89363101,0.238437939721124,0.166683600784773,0.0341902413013305,0,0,0.0114715059341656,0.0500568612279105
California,Shasta,0.76805488,0.4753025601165,0.440141146024041,0.0614887617501765,0,0,0.0232025729391373,0.024569257216232
California,Siskiyou,0.894171837,0.20299698991946,0.212247114255114,0.199980803786341,0,0,0,0.0244203620861613
California,Solano,0.71883125,0.592991635149354,0.143182843857693,0.109016456205841,0.0882452117073957,0,0.0582821197256229,0.107029820700532
California,Sonoma,0.89682611,0.238440965548271,0.0400389494716964,0.081904685616881,0.175126673934204,0,0.0147932538067718,0.0820491147958974
California,Stanislaus,0.424474137,0.817211402608019,0.961248406242046,0.247783902933255,0.0882452117073957,0,0.0832878194464216,0.142922324099968
California,Sutter,0.508925319,0.816829354159811,0.591731101483039,0.0546711496319955,0.415612585435284,0.072760870304592,0.0430694134122346,0.06957885025383
California,Tehama,0.667592748,0.617024878618247,0.627105339428818,0.155978055261352,0,0,0.0160512202084658,0.0431941083881084
California,Tulare,0.225014347,0.834042739130111,0.999681449748879,0.704006636507052,0.0882452117073957,0,0.279237304383413,0.307793998178763
California,Tuolumne,0.687752205,0.576661870129623,0.73001255850504,0.0564876495998969,0,0,0,0.018888768762569
California,Ventura,0.486085535,0.836507416162554,0.576225201148565,0.0614887617501765,0.25936365624709,0.144755384721867,0.0567462497550716,0.124884784430291
California,Yolo,0.742556828,0.55524546641399,0.166598475430953,0.0546711496319955,0.175126673934204,0,0.187289795955551,0.0861315318830497
Colorado,Adams,0.638366748,0.722457059243927,0.119649324136213,0,0,0,0.304972072623938,0.273073767679785
Colorado,Arapahoe,0.676205657,0.658163616972582,0.280756258520584,0.00684060792507232,0,0,0.498549117846137,0.266841924471284
Colorado,Archuleta,0.94271974,0.143997738693712,0.016111045827446,0,0,0,0,0.0220039625278762
Colorado,Boulder,0.713593173,0.584479078648922,0.424416505439273,0.0068972939793998,0,0,0.226604750985223,0.146280996481726
Colorado,Clear Creek,0.613547144,0.718040102652677,0.521768569103937,0.0337564984542183,0,0,0.107293390677453,0.0670940681026991
Colorado,Denver,0.486095516,0.858008122788348,0.228174224286323,0.0136805756824246,0,0,0.498549456558768,0.325011842814869
Colorado,Douglas,0.646055595,0.665736409111396,0.58439759836132,0.0550100648881625,0,0,0.153489776875961,0.0938973573664205
Colorado,El Paso,0.696475535,0.642314676106293,0.127452468656203,0,0,0,0.173701428390687,0.115247294738163
Colorado,Garfield,0.72980762,0.578296066295874,0.228236480341785,0.00684060792507232,0,0,0.0347761787852809,0.169692393259861
Colorado,Gunnison,0.77676122,0.509875504599322,0.0721836957623883,0.00684060792507232,0,0,0.344320085942603,0.353408871274822
Colorado,Jefferson,0.638050503,0.649163676937121,0.768707726552735,0.0477924899814085,0,0,0.361143721686858,0.158212671380654
Colorado,La Plata,0.720234798,0.590657940209803,0.197497079326768,0.0614887617501765,0.0882452117073957,0,0.0185810835579598,0.0706626988614854
Colorado,Larimer,0.541316715,0.791543249305367,0.581581245588038,0.0410025900446972,0,0,0.0846897230246241,0.0716778644509986
Colorado,Mesa,0.688166015,0.658042449511315,0.0878835953682085,0,0,0,0,0.0213524586331304
Colorado,Montezuma,0.768286425,0.530032152218328,0.0405737019257366,0,0,0,0.119138981813733,0.0940551800278673
Colorado,Prowers,0.970935175,0.0578718368599893,0.0409837284798091,0.041822419092796,0.267541490155086,0,0,0.0591161142846161
Colorado,Rio Blanco,0.809637697,0.452155211486013,0.0160227749320849,0,0,0,0,0.0216947769440801
Colorado,Routt,0.980493218,0.0489425638650033,0.00821444449577468,0,0,0,0.239745816535607,0.100017926091293
Colorado,Weld,0.628003593,0.722855008898623,0.280632911296243,0.00684060792507232,0,0,0.41455506337328,0.289887536617304
Connecticut,Fairfield,0.655429548,0.628977446293852,0.646236242438988,0.195692813366667,0,0,0.90938521708899,0.542663797402624
Connecticut,Hartford,0.734825461,0.565671540562618,0.265744313940959,0.00682191230341544,0,0,0.922960314739959,0.421699604889562
Connecticut,Litchfield,0.869292583,0.299750283264078,0.174570746711179,0.00682191230341544,0,0,0.660508803132919,0.276088973311977
Connecticut,New Haven,0.712922624,0.569641749855845,0.471915577966763,0.0954227139610785,0,0,0.865276447802159,0.459263424089279
Connecticut,New London,0.860248644,0.296541592376637,0.322048041123698,0.0282912700870542,0,0,0.381508995559941,0.165080313717913
Connecticut,Windham,0.931773324,0.151529811496917,0.146437529246312,0.00697435338589919,0,0,0.133394796522533,0.177863565842591
Delaware,Kent,0.817347925,0.432402329396097,0.0481898958731357,0,0,0,0.477786847438673,0.311667864956188
Delaware,New Castle,0.643538688,0.69420734838061,0.366507355928633,0.0273373489484462,0,0,0.42701148652319,0.302098167634541
Delaware,Sussex,0.784569703,0.493110381675285,0.0957846466336858,0,0,0,0.655597472375045,0.59598812685318
Florida,Alachua,0.904031665,0.240883601386791,0.00812317400376092,0,0,0,0.0465655721490488,0.15742584974318
Florida,Baker,0.952716091,0.121053361442964,0,0,0,0,0.142101580882366,0.0843573227473327
Florida,Bay,0.851850266,0.362559431139389,0.00902569647699414,0,0,0,0.0298919920960998,0.0799433387066284
Florida,Brevard,0.905081337,0.238353491313057,0.00801190172156394,0,0,0,0.0294976797391705,0.111351198186212
Florida,Broward,0.825244258,0.413705699824136,0.0649029330478779,0,0,0,0.203116601794556,0.276416539635723
Florida,Citrus,0.879896969,0.271471599853944,0.205350383550127,0,0,0,0.0905056868464484,0.0739040333153691
Florida,Collier,0.897647786,0.257404913385733,0,0,0,0,0.216388586439821,0.371373967301739
Florida,Columbia,0.852259193,0.361757451329339,0.00814580741411356,0,0,0,0.0436948123423911,0.140708871993241
Florida,Duval,0.756626918,0.545553808758454,0.0879934223827859,0.00684060792507232,0,0,0.07295711248675,0.228020444769232
Florida,Escambia,0.823809167,0.416869997148859,0.0640089517271717,0,0,0,0.146632968079769,0.216991558307073
Florida,Flagler,0.961944006,0.0975970919683504,0,0,0,0,0.0453615435405465,0.0959875576557674
Florida,Hamilton,0.871240127,0.319659327906588,0,0,0,0,0.143820862455163,0.675228458976042
Florida,Highlands,0.955981146,0.111561780411938,0.00833145369775194,0,0,0,0.107773479700596,0.119883664116035
Florida,Hillsborough,0.70133597,0.623524361297056,0.24370559605305,0.00682191230341544,0,0,0.0990428471751486,0.261014327475897
Florida,Holmes,0.840533321,0.388700814621109,0,0,0,0,0,0.30635692874876
Florida,Indian River,0.930053636,0.174303800447408,0.0262714323621292,0,0,0,0.104148010729487,0.157207074341261
Florida,Lake,0.917441014,0.201140689228519,0.057790396210905,0,0,0,0.0625272963201757,0.130998320253393
Florida,Lee,0.881691958,0.292096236638397,0.0240097063259141,0,0,0,0.212297568656832,0.255490743659585
Florida,Leon,0.760521426,0.546764136817747,0.00812317400376092,0.00684060792507232,0,0,0.0284618313888143,0.133458810101807
Florida,Liberty,0.974000148,0.0667916627522726,0,0,0,0,0.124413971774266,0.721908761554781
Florida,Manatee,0.919206777,0.195897734101831,0.0640089517271717,0,0,0,0.324626775508965,0.251006537233762
Florida,Marion,0.868109743,0.324732205544818,0.0163203724431156,0,0,0,0.0285706512284075,0.0681138437837812
Florida,Martin,0.90043618,0.247341558586431,0.0243714424882165,0,0,0,0.160822534115552,0.421908146616157
Florida,Miami-Dade,0.791290536,0.477924189222984,0.113189128585754,0,0,0,0.366642174818629,0.445687583442332
Florida,Nassau,0.884421523,0.285571765077941,0.0246630468559655,0,0,0,0.0117880840888185,0.0757221442022994
Florida,Okaloosa,0.937840918,0.157422014971214,0.00803390354153151,0,0,0,0.0346896948532359,0.114101037987135
Florida,Orange,0.836138801,0.392300724201843,0.040105238585658,0.00684060792507232,0,0,0.0434592201950591,0.261485771135555
Florida,Osceola,0.931992167,0.164047628209505,0.0641845514970733,0,0,0,0.069400204691958,0.195035071338926
Florida,Palm Beach,0.81507968,0.436101183385358,0.0487529511114061,0.00695493873759912,0,0,0.342907259808371,0.319521583269002
Florida,Pasco,0.907920185,0.225780293034324,0.0487945597821789,0,0,0,0.0395861859816819,0.131329462788849
Florida,Pinellas,0.829743993,0.410055100806992,0.0160227749320849,0,0,0,0.18224944335503,0.236818997768875
Florida,Polk,0.84571949,0.370241167533683,0.0560257818995379,0,0,0,0.145982708056798,0.189287558626436
Florida,Putnam,0.99619163,0.00979768975988739,0,0,0,0,0.0839207791712633,0.173612128654847
Florida,Santa Rosa,0.839029138,0.388994135708401,0.0240315916485838,0,0,0,0.151577330398873,0.187111122383646
Florida,Sarasota,0.820598577,0.427492310995191,0.0322596539722044,0,0,0,0.050971755571797,0.114335512677252
Florida,Seminole,0.90858431,0.225316669158152,0.040489599856939,0,0,0,0.229485981389841,0.125951287429637
Florida,St. Lucie,0.95481118,0.113315030955099,0.0167483534535743,0,0,0,0.0376254391628179,0.192564318453936
Florida,Volusia,0.890255761,0.273987850515659,0.00801190172156394,0,0,0,0.109085711331192,0.136721299634066
Florida,Wakulla,0.867430083,0.324991654094299,0.00855068084815437,0.015126751778168,0,0,0.0618532629480293,0.0659940352337253
Georgia,Bibb,0.739392919,0.576745138709573,0.0877967142091156,0,0,0,0.266282415830396,0.203624742273243
Georgia,Chatham,0.795511141,0.476974761902785,0.0399733782598477,0.00684060792507232,0,0,0.132771876893534,0.162006520582027
Georgia,Chattooga,0.926109614,0.187844479723534,0,0,0,0,0.0840937436200048,0.0855901934430577
Georgia,Clarke,0.777075431,0.510821122321891,0.0498893474257343,0.0137939317447162,0,0,0.12151444468496,0.152245986252747
Georgia,Cobb,0.766253116,0.530599043290423,0.0624811602779212,0.00711344660274753,0,0,0.32456168890533,0.22536711214956
Georgia,Columbia,0.920484799,0.200086792494484,0.0119357852465916,0,0,0,0.0599285239717559,0.110096817619811
Georgia,Dawson,0.910472659,0.211151874021475,0.108388916779514,0,0,0,0.119477968548726,0.186983943998593
Georgia,DeKalb,0.601152781,0.762221237746052,0.150893139345202,0.0136618826826966,0,0,0.233645703427201,0.262904428933351
Georgia,Dougherty,0.700670131,0.642792943891969,0.0407563385964724,0.00701354219699021,0,0,0.95090404766972,0.633058173695383
Georgia,Douglas,0.851812073,0.338995501834883,0.179079934453602,0.0101909143887845,0,0,0.251496829436083,0.223764782181365
Georgia,Floyd,0.637084862,0.731220562937112,0.0160008825886471,0,0,0,0.157775767819866,0.18554814545228
Georgia,Fulton,0.580425634,0.771598742604007,0.331409231717378,0.0273373489484462,0,0,0.298928416760585,0.230421346117788
Georgia,Glynn,0.913311228,0.217021948701495,0.0170502765333906,0,0,0,0.0733637564892242,0.325198572782196
Georgia,Gwinnett,0.722981673,0.599690013652333,0.127939554971296,0.00684060792507232,0,0,0.190688742425961,0.297148720625834
Georgia,Henry,0.791837815,0.460939709148299,0.23201375224355,0.0139533755523905,0,0,0.145937111341052,0.179813768034361
Georgia,Houston,0.757785135,0.545491873485629,0.0681456265025998,0.00705316541871674,0,0,0.157514141339292,0.140744005207689
Georgia,Lowndes,0.788549073,0.49504112471582,0,0.00754324812284486,0,0,0.106381023009707,0.346480624540898
Georgia,Murray,0.872794931,0.311824218253315,0.0216248443967174,0,0.114825239570907,0,0.0520661703016686,0.187684396100404
Georgia,Muscogee,0.777208675,0.511551303672776,0.0569465493566292,0,0,0,0.255698028429807,0.295952239820734
Georgia,Pike,0.894760162,0.249185996548399,0.101971251409852,0.00703330137912985,0,0,0.216891466108795,0.161398417226973
Georgia,Richmond,0.698402136,0.639372724727358,0.103977885188,0.0136805756824246,0,0.072760870304592,0.247535217613775,0.169764518633316
Georgia,Rockdale,0.823450685,0.390293180224401,0.279313336619119,0,0,0,0.125765613175469,0.175909972805226
Georgia,Sumter,0.9228436,0.192569417831819,0.0238681701627864,0,0,0,0.943538429335491,0.569778684648392
Georgia,Walker,0.747966074,0.568108216572202,0,0.0215213448842031,0,0,0.163265885802885,0.158471144804741
Hawaii,Hawaii,0.233812541,0.362293984205137,0.9999,0.9999,0.786315754049415,0.0725627058649589,0,0.0148094742087137
Hawaii,Honolulu,0.947848868,0.132192795684435,0,0.00699388787240056,0,0,0.0128637313385688,0.0231927804184224
Hawaii,Kauai,0.993843161,0.0158387141924332,0,0,0,0,0,0.018029990212684
Hawaii,Maui,0.964941732,0.0828390043441459,0.0407789358853527,0.0068972939793998,0,0,0.0374255675078324,0.0256077080012926
Idaho,Ada,0.778185742,0.475115467538585,0.302544052324282,0.047848436251695,0,0,0.0498554294481981,0.161552907819885
Idaho,Bannock,0.857595379,0.331089599940954,0.0799497301339098,0.0614887617501765,0,0,0.0118977547337405,0.0406083710610802
Idaho,Benewah,0.634034544,0.678379584570551,0.555863005997237,0.122682236278822,0.0882452117073957,0.072760870304592,0,0.0773245053129776
Idaho,Bonner,0.881223979,0.251670512778376,0.221552744591977,0.0479988454802976,0.489198207060195,0,0,0.0247453622203546
Idaho,Butte,0.91820186,0.198163344256892,0.0574667951587205,0.0069356139667231,0,0,0,0
Idaho,Canyon,0.810118921,0.417806296524361,0.235921424901123,0.0478859378715597,0,0,0.0318074232380988,0.133522372366046
Idaho,Caribou,0.99464856,0.00871171748291147,0.034468797158067,0,0,0,0,0.0526909290062432
Idaho,Franklin,0.875753081,0.271467245831159,0.228176270133454,0.0416328036330824,0,0,0,0.0617274617121382
Idaho,Lemhi,0.670057518,0.615723587312605,0.621918768543848,0.132008139362046,0.0907176023265516,0,0,0.00854715077864989
Idaho,Shoshone,0.629877867,0.691618031208957,0.520949982252937,0.0753310192284427,0.25936365624709,0,0,0
Illinois,Adams,0.899969626,0.250172019127675,0.0119846977245886,0,0,0,0.0159651345002579,0.0487174012852497
Illinois,Champaign,0.790034184,0.487779169053102,0.0480354419937358,0,0,0,0.0597183934779032,0.142980299050924
Illinois,Clark,0.896665811,0.255013401868125,0.0346724956965701,0,0,0,0,0.0333127370121168
Illinois,Cook,0.434936497,0.876357310998051,0.514261931131364,0.0614515249787808,0,0,0.730264438593976,0.540981876863887
Illinois,DuPage,0.767966439,0.511285647102301,0.210144112492826,0.00709323803063933,0,0,0.488672299349548,0.325345296643184
Illinois,Effingham,0.8777152,0.298239972354952,0.0478555842702143,0,0,0,0.0307115616882583,0.0121041459525105
Illinois,Hamilton,0.799577528,0.46931777007731,0.0439129580982331,0,0,0,0,0.0211309256649998
Illinois,Jersey,0.800069322,0.456776414141733,0.143202780389084,0,0,0,0.0479477435711641,0.0550890228631871
Illinois,Jo Daviess,0.941599377,0.144303354346933,0.0336295600055782,0,0,0,0.0491605911168897,0.0709618694592281
Illinois,Kane,0.841320668,0.365443885693994,0.169455479032622,0,0,0,0.486755868633461,0.460753694401848
Illinois,Lake,0.882989778,0.254203553145921,0.257979165488116,0.014185762318468,0,0,0.555968449725949,0.446477967912127
Illinois,Macon,0.660821668,0.68628921749919,0.212992615518774,0,0,0,0.317869616537468,0.225763877177263
Illinois,Macoupin,0.937093019,0.157000846056095,0.0240975806670825,0,0,0,0.0790222388359539,0.0521548019979283
Illinois,Madison,0.601982434,0.748700332020243,0.324179199889244,0.0273560314605823,0,0,0.217460831540042,0.0763705285469595
Illinois,McHenry,0.752645222,0.542565682304677,0.19260994904615,0,0,0,0.0696529125593383,0.0396855722572259
Illinois,McLean,0.795969718,0.479683886778098,0.0160008825886471,0,0,0,0.267470941845675,0.122914755679863
Illinois,Peoria,0.733346509,0.587792369431604,0.0799499742138846,0,0,0,0.161828723196429,0.0952467478414589
Illinois,Randolph,0.803023527,0.460383476105004,0.0611301765769841,0,0,0,0.226133190041622,0.300238568428313
Illinois,Rock Island,0.845171798,0.373392799849072,0.0407292743467829,0,0,0,0.210361876341509,0.225054993296476
Illinois,Sangamon,0.832454386,0.402256872503001,0.0321473855723083,0,0,0,0.170069150231832,0.0758045098162778
Illinois,Wabash,0.979362732,0.0506951372920298,0.0160667876176946,0,0,0,0,0.0654191224199964
Illinois,Will,0.720867969,0.612094867046168,0.0400389494716964,0,0,0,0.449448213256972,0.322945159557156
Illinois,Winnebago,0.853121492,0.350264790106588,0.0745576704657485,0.0068972939793998,0,0,0.337482020980152,0.353808624367652
Indiana,Allen,0.685199494,0.656902087725033,0.144648589811431,0.00699388787240056,0,0,0.304080253666409,0.237492555443514
Indiana,Bartholomew,0.773926894,0.513557342642206,0.0957412697363821,0,0,0,0.499547278264511,0.23235037310254
Indiana,Clark,0.730499063,0.585444986463263,0.14542024792237,0.00685939342470891,0,0,0.370135209434949,0.178434768681789
Indiana,Daviess,0.9670342,0.0544072566350694,0.187255534246181,0.0149501488086149,0,0,0.463078186702113,0.142009012606114
Indiana,Delaware,0.864604782,0.324428177354987,0.0799679838027146,0,0,0,0.413131820387404,0.127344938726526
Indiana,Elkhart,0.711566108,0.612088994723272,0.200582078902917,0,0,0,0.214345882505638,0.472194450365034
Indiana,Floyd,0.731679712,0.581283114013379,0.174984270650507,0,0,0,0.526606646670469,0.157271792440248
Indiana,Gibson,0.95427792,0.105372507435137,0.080755071962668,0,0,0,0.0619998978925924,0.0448142042928493
Indiana,Greene,0.808473522,0.445334657513202,0.0944157441102006,0,0,0,0.767654407861954,0.196230802841736
Indiana,Hamilton,0.766851467,0.524195603349089,0.120310554699094,0,0,0,0.29961147315262,0.149482972220211
Indiana,Hendricks,0.92178404,0.196299638407296,0.0160227749320849,0,0,0,0.54223240080003,0.268406672381075
Indiana,Howard,0.720887964,0.610542599390194,0.0565528510019322,0,0,0,0.60992215139008,0.22191344240694
Indiana,Knox,0.894276948,0.256555298100977,0.0652575123199405,0,0,0,0,0.0580561681149984
Indiana,LaPorte,0.811779906,0.417133939220237,0.258902833605,0.00687829876315536,0,0,0.474973500060763,0.331270250913426
Indiana,Lake,0.589175837,0.768171680831935,0.235734458841228,0.0273560314605823,0.0880052758987055,0,0.233311856637167,0.166694713856729
Indiana,Madison,0.731721637,0.589618854885378,0.0893290553706833,0,0,0,0.468381159775411,0.16861555116871
Indiana,Marion,0.493350301,0.84413394351324,0.413995198585446,0.0205192633439508,0,0,0.626385260454719,0.384195443109541
Indiana,Monroe,0.855851765,0.353658252249481,0,0.00721624208087635,0,0,0.194572029420811,0.05909683357834
Indiana,Morgan,0.90141908,0.232601202959097,0.113317237547344,0,0,0,0.429654542168463,0.154487225202109
Indiana,Pike,0.9726605,0.0472088518397254,0.139961666138726,0.014185762318468,0,0,0,0.0221481733691663
Indiana,Porter,0.707874841,0.60875914915358,0.280552248092959,0.0136805756824246,0,0,0.223057502501058,0.137044927886559
Indiana,Posey,0.858331587,0.339633286656451,0.073525418579871,0,0,0,0,0.0471851682863214
Indiana,Shelby,0.884802328,0.278752291145035,0.0684121718174966,0,0,0,0.244757428357262,0.229201387114702
Indiana,St. Joseph,0.687940642,0.648923945167451,0.197962174198668,0,0,0,0.525525330804645,0.30864807338807
Indiana,Tippecanoe,0.792945225,0.486408000313376,0.00925418468004911,0,0,0,0.0426760174468688,0.111701050814075
Indiana,Vanderburgh,0.687097948,0.65424611550023,0.151150315930265,0,0,0,0.0345333528710112,0.0811164686752206
Indiana,Vigo,0.596965841,0.750236587338027,0.387166425029575,0.0205005747146082,0,0,0.0779273952193343,0.0716671349826857
Indiana,Wabash,0.900945956,0.232188380550555,0.124435592329842,0,0,0,0.0673111088058456,0.117871766896612
Indiana,Warrick,0.825123734,0.400724157047335,0.15983054992273,0.0102747851494741,0,0,0.446996044938326,0.109017215190852
Indiana,Whitley,0.790607173,0.490213154795989,0.0162002812726351,0,0,0,0.122426868882862,0.081630779893641
Iowa,Black Hawk,0.655144572,0.707671303717083,0.032213957939365,0,0,0,0.431521696558372,0.505607967880904
Iowa,Bremer,0.926099409,0.184490798335779,0.0238681701627864,0,0,0,0.24503508555369,0.119875052746275
Iowa,Clinton,0.554911137,0.813759535955376,0.0480135945405789,0,0,0,0.0224986762555162,0.0730175843250682
Iowa,Harrison,0.882597424,0.288146747473297,0.0375205308149869,0,0,0,0,0.123891932243713
Iowa,Johnson,0.780747182,0.509260655216529,0.0160447725117003,0,0,0,0.0621330793339391,0.261815103962653
Iowa,Linn,0.71883624,0.605778794514195,0.143182843857693,0,0,0,0.360877457933598,0.181808181709254
Iowa,Montgomery,0.801168712,0.469317465152761,0.0160228977256346,0,0,0,0.207638617434517,0.0345781471232334
Iowa,Muscatine,0.680477581,0.627613676983154,0.478305461293664,0.047848436251695,0,0,0.792264089014662,0.460954896756273
Iowa,Palo Alto,0.786257321,0.495153858806054,0.040017086599922,0.00682191230341544,0,0,0,0.119108865881549
Iowa,Polk,0.812852758,0.443667648232854,0.0320154494465316,0,0,0,0.362188954892911,0.403915959500557
Iowa,Scott,0.426777204,0.89709700396273,0.111657714657388,0.00684060792507232,0,0,0.0603376974506783,0.130954095851946
Iowa,Van Buren,0.759457261,0.547874892610358,0.00799000516576048,0.0136618826826966,0,0,0,0.0922682843953946
Kansas,Ford,0.975737871,0.0587853778846116,0.0162936738623908,0.00685939342470891,0,0,0.243614932524641,0.963077128529646
Kansas,Johnson,0.893785538,0.266659183643361,0,0,0,0,0.149752710592741,0.10203407439192
Kansas,Leavenworth,0.930100335,0.174487111853715,0.0241639377356918,0,0,0,0.0892136247449037,0.455279077987983
Kansas,Neosho,0.859338285,0.343662768419282,0.0248760877719168,0,0,0,0,0.0684723344828313
Kansas,Sedgwick,0.787741098,0.493154108014806,0.0320373249436337,0.00682191230341544,0,0,0.056627542143161,0.0847535488037081
Kansas,Shawnee,0.838994392,0.389069999395911,0.0160227749320849,0.00684060792507232,0,0,0.0707632718591158,0.129219674787345
Kansas,Sumner,0.867924883,0.325190848332168,0.0160667876176946,0,0,0,0.045718996658989,0.0195264512359133
Kansas,Trego,0.88427049,0.285989618619754,0.0161793889396714,0.00685939342470891,0,0,0,0.0122379994178463
Kansas,Wyandotte,0.693206186,0.650620026874954,0.0800157011152466,0.00684060792507232,0,0,0.480924888345559,0.449605976316784
Kentucky,Bell,0.897636884,0.254360501117465,0.0112041615734683,0.00956623082503204,0,0,0,0.0105419650260701
Kentucky,Boone,0.914497993,0.21145047278631,0.0240152478040231,0.0102747851494741,0,0,0.177972635710511,0.153379094340513
Kentucky,Boyd,0.79191182,0.483194100304426,0.0559821408391584,0,0,0,0.0669893392300094,0.0454949041542391
Kentucky,Bullitt,0.872133307,0.307694590489817,0.0746960213770996,0,0,0,0.0638709712008619,0.0633367759375435
Kentucky,Campbell,0.733282844,0.581633454582323,0.144055628331932,0,0,0,0.144120924138971,0.0957464059453634
Kentucky,Carter,0.923202817,0.193606164021606,0.0102248493341843,0,0,0,0,0.031993429547493
Kentucky,Christian,0.860669331,0.343860091007817,0,0,0,0,0.0592409418877701,0.0946539955532621
Kentucky,Daviess,0.714259309,0.621161614822262,0.0482146839045805,0.00682191230341544,0,0,0.0821517083196844,0.145954877878889
Kentucky,Edmonson,0.849470726,0.36900861581087,0,0,0,0,0.737912104674162,0.208648753222946
Kentucky,Fayette,0.803788331,0.461275792753034,0.0400389494716964,0,0,0,0.0870713666467164,0.154485347929503
Kentucky,Greenup,0.955033323,0.113999431653577,0.00812317400376092,0,0,0,0,0.0273604014533551
Kentucky,Hardin,0.736861999,0.588021727367207,0.0160447725117003,0,0,0,0.0564352582379918,0.0506603851807536
Kentucky,Henderson,0.714628246,0.599167799451317,0.281019376886609,0,0,0,0.0692167704337166,0.120813158349137
Kentucky,Jefferson,0.550414203,0.791585200709124,0.452969452404346,0.0546525090013922,0,0,0.260892242461106,0.174559539783582
Kentucky,Jessamine,0.91522641,0.212468699047686,0.0160008825886471,0,0,0,0,0.0670950439853613
Kentucky,Livingston,0.880193789,0.29582104602178,0.0224916376547258,0,0,0,0,0.037294881634198
Kentucky,McCracken,0.720939428,0.611981895846181,0.040017086599922,0,0,0,0.047875293106458,0.0878710255159201
Kentucky,Morgan,0.930205374,0.175382790273052,0.0160227749320849,0,0,0,0,0.0206176053205735
Kentucky,Oldham,0.856497501,0.334408193283611,0.145012565493572,0,0,0,0.109047891200044,0.0666628737541808
Kentucky,Perry,0.822108556,0.426192491900701,0.00830778518802045,0.00709323803063933,0,0,0.0405386590107845,0.0757678197124035
Kentucky,Pike,0.822899508,0.422676903704264,0.0319717158888349,0,0,0,0.0360879688243106,0.0509306500292945
Kentucky,Pulaski,0.882942526,0.292374005746392,0,0,0,0,0.0321459971009209,0.0495853889384689
Kentucky,Simpson,0.891638236,0.268236101193559,0.0260883204740302,0,0,0,0.221297383537993,0.143087139193874
Kentucky,Trigg,0.919899452,0.202025534769933,0.00842747862302975,0,0,0,0,0.0608030314029136
Kentucky,Warren,0.816959464,0.438941122653704,0,0,0,0,0.101845691598412,0.379376856636676
Kentucky,Washington,0.905837839,0.234263755219854,0.0242755202435932,0,0,0,0,0.0679658128928654
Louisiana,Ascension,0.903180341,0.225124463778866,0.127973434692359,0.00685939342470891,0,0,0.445145965454495,0.317331003788995
Louisiana,Bossier,0.803661014,0.464300161776116,0.0160447725117003,0,0,0,0.24956011963505,0.239883627195235
Louisiana,Caddo,0.837423926,0.393464739663021,0.0162002812726351,0,0,0,0.770733709593549,0.452741282092045
Louisiana,Calcasieu,0.660432418,0.692974769994667,0.127473993579058,0.00684060792507232,0,0,0.294056361059561,0.283566578824468
Louisiana,East Baton Rouge,0.62713776,0.720548096458282,0.317069371905394,0.0136805756824246,0,0,0.567207029783875,0.39445038389754
Louisiana,Iberville,0.838878908,0.367182108484365,0.18991209869729,0.00684060792507232,0,0,0.881362593016948,0.640293782244893
Louisiana,Jefferson,0.802344237,0.460503500959671,0.0719621531554573,0,0,0,0.82478690237574,0.6436585673918
Louisiana,Lafayette,0.720454608,0.61568572789848,0.00801190172156394,0,0,0,0.190036482116515,0.319536580433744
Louisiana,Lafourche,0.866800988,0.326696014242498,0.0242981418004921,0,0,0,0.740944915776467,0.391556593227197
Louisiana,Livingston,0.727002709,0.596067070359253,0.104177483493639,0,0,0,0.274746322544318,0.235041390403057
Louisiana,Orleans,0.846104559,0.373428496520335,0.0240975806670825,0,0,0,0.891666516843034,0.602018305878081
Louisiana,Ouachita,0.89396742,0.266224465302706,0,0,0,0,0.470886387348235,0.503285978110304
Louisiana,Pointe Coupee,0.928285273,0.167957938789594,0.101540084407268,0,0,0,0.861245183908274,0.383488589029375
Louisiana,St. Bernard,0.679379845,0.659531105491451,0.220649870997876,0,0,0,0.468875972423047,0.422655506738876
Louisiana,St. James,0.948541225,0.127953353377459,0.0169514660021774,0.00725818714630329,0,0,0.892931876498317,0.543985249985295
Louisiana,St. John the Baptist,0.930693171,0.170685459517735,0.0404680530983294,0,0,0,0.971698895264533,0.653625576672795
Louisiana,St. Tammany,0.844001837,0.368976761290796,0.0959152619227735,0,0,0,0.60568470880572,0.30255555675875
Louisiana,West Baton Rouge,0.775431045,0.510695381572282,0.0958063436386213,0,0,0,0.840770654943721,0.329445126422578
Maine,Androscoggin,0.886854234,0.283143576056916,0,0,0,0,0.0385769415164865,0.152152429881804
Maine,Aroostook,0.839778427,0.384360011243657,0.0160227749320849,0.0273373489484462,0,0,0.0155794916576552,0.0122775994390575
Maine,Cumberland,0.859400654,0.341556745320791,0.0400389494716964,0,0,0,0.209351373700701,0.198839759543847
Maine,Hancock,0.928797066,0.165218840015,0.103738616530795,0.00684060792507232,0,0,0.0189979748263492,0.00998161331482182
Maine,Kennebec,0.965024616,0.0897410179695644,0,0,0,0,0.085218014357846,0.041209084387485
Maine,Oxford,0.898095282,0.256329579435008,0,0,0,0,0,0.0218900520056833
Maine,Penobscot,0.913235773,0.219587915375732,0,0,0,0,0.0137327032566952,0.0243459591125487
Maine,Washington,0.977447287,0.0543351451541373,0.0247784318769782,0,0,0,0,0.00546615305885793
Maine,York,0.922115323,0.180978583108955,0.105115291988358,0.0111462443601963,0,0,0.0552911997839316,0.0871754065035512
Maryland,Anne Arundel,0.76037409,0.512572556910065,0.330112831894821,0,0,0,0.360077005875528,0.295022211542541
Maryland,Baltimore,0.729385932,0.551899566235376,0.433605156754511,0.0341155724840837,0.0880052758987055,0,0.536014744157396,0.321535271222384
Maryland,Calvert,0.803161444,0.454863636101125,0.106005047170243,0,0,0,0.29576911136097,0.152663679086345
Maryland,Carroll,0.801696451,0.457812666760886,0.106304347159676,0,0,0,0.600969411135497,0.227309372454974
Maryland,Cecil,0.742668496,0.548660745916584,0.278886566550911,0.0208622151028109,0,0,0.295635366263861,0.158738693081271
Maryland,Charles,0.814437669,0.426266796310092,0.149465275106643,0,0,0,0.500789375660697,0.285783511492917
Maryland,Dorchester,0.801448462,0.46232250782544,0.0639435442114096,0.00684060792507232,0,0,0.162163571562745,0.199286091848377
Maryland,Frederick,0.788777719,0.485366755610558,0.0914194489101685,0,0,0,0.442223295636609,0.31807556215578
Maryland,Garrett,0.877294438,0.305605846056238,0,0,0,0,0.0359935208654398,0.0130051630229972
Maryland,Harford,0.718435084,0.582189247440018,0.351545931104429,0.0278712450544264,0,0,0.248284063661681,0.150206918143545
Maryland,Howard,0.778082192,0.51604940820672,0,0,0,0,0.27798720610622,0.264077587967028
Maryland,Kent,0.790167473,0.475245036507543,0.155746053775751,0,0,0,0.859396484674203,0.339261192482494
Maryland,Montgomery,0.78133033,0.5025744003644,0.0670018097516459,0,0,0,0.626014880915094,0.448895353105354
Maryland,Prince George's,0.685074981,0.642994841646421,0.295207854829654,0.0136805756824246,0,0,0.657374929557698,0.606516488126353
Maryland,Washington,0.767669381,0.53018271466717,0.0499531098069735,0,0,0,0.191283279124608,0.157208518924577
Massachusetts,Barnstable,0.943491449,0.127339380260563,0.117767554384939,0,0,0,0.611466331955128,0.243375730036345
Massachusetts,Berkshire,0.812202669,0.447829334885392,0.00801190172156394,0,0,0,0.352173591253043,0.162460900824304
Massachusetts,Bristol,0.854784259,0.331264565877016,0.189869898914835,0.00684060792507232,0,0,0.786752432886825,0.462014241025131
Massachusetts,Dukes,0.941762073,0.130145070949878,0.112434013104573,0.0139091896923881,0,0,0,0.0829386622701448
Massachusetts,Essex,0.862112693,0.324917303770874,0.119562777815046,0,0,0,0.898516324372184,0.604961600170183
Massachusetts,Franklin,0.858872674,0.344836414805855,0.0239659531479189,0,0,0,0.674407043248392,0.178913887555465
Massachusetts,Hampden,0.800921591,0.457842081199943,0.111592856671481,0.00682191230341544,0,0,0.902862569157947,0.461742826800708
Massachusetts,Hampshire,0.878314339,0.289162213263909,0.0966869945853795,0.00695493873759912,0,0,0.621572099197166,0.202974781336216
Massachusetts,Middlesex,0.939637408,0.151728489257828,0.0162916565573836,0,0,0,0.835784079051187,0.470564103275487
Massachusetts,Norfolk,0.919314631,0.191056591576051,0.0882629317296421,0.00684060792507232,0,0,0.879768516789431,0.41841156756798
Massachusetts,Plymouth,0.874017665,0.303650305524961,0.0720717732983103,0,0,0,0.870470889577088,0.51708977683384
Massachusetts,Suffolk,0.669544876,0.688083195907869,0.0400389494716964,0,0,0,0.863948512883119,0.689593207103614
Massachusetts,Worcester,0.847100581,0.362089243884792,0.0957629669232616,0,0,0,0.821761862999933,0.47082582064944
Michigan,Allegan,0.780359525,0.466137580400594,0.377144693586901,0.0104032049495449,0,0,0.0618561366071386,0.0918351754871111
Michigan,Bay,0.88104503,0.296832091633836,0,0,0,0,0.294904396142006,0.129664553604105
Michigan,Berrien,0.789997217,0.448579885792367,0.372422759303185,0,0,0,0.387318729125497,0.198376482300187
Michigan,Clinton,0.871200266,0.296248043511876,0.175279023999535,0,0,0,0.156222669689112,0.0970973605462886
Michigan,Genesee,0.790527269,0.475683734772283,0.145798462978767,0,0,0,0.630024797858837,0.227807378953906
Michigan,Ingham,0.820233487,0.421280200397568,0.0901060410822936,0,0,0,0.103247827893989,0.12164121860164
Michigan,Kalamazoo,0.778590562,0.500994268750065,0.128858326350963,0,0,0,0.261785664691393,0.140012485733562
Michigan,Kent,0.767547944,0.520417584161142,0.135262071427834,0.00684060792507232,0,0,0.209934292897715,0.252627662812691
Michigan,Lenawee,0.786277776,0.491159064255526,0.0834754264540765,0,0,0,0.0635864184337604,0.0768546379317013
Michigan,Macomb,0.788024101,0.456759745549073,0.33064640405581,0.0103600488644408,0,0,0.79869894089739,0.283571018087007
Michigan,Manistee,0.890253,0.260782677610584,0.104672919610517,0,0,0,0.042517204058538,0.0265346800923823
Michigan,Missaukee,0.900118309,0.242620546088383,0.0641192852534038,0,0,0,0.0689977048482613,0.0657101749309536
Michigan,Monroe,0.957286025,0.10815658626742,0.00894290150839037,0,0,0,0.151547043308125,0.139941909491064
Michigan,Oakland,0.79032373,0.459254725614368,0.275943158138727,0.00898126665392777,0,0,0.719387232673937,0.317380492892211
Michigan,Schoolcraft,0.925643703,0.167958768848572,0.147159250992257,0,0,0,0.316973459746181,0.12035419913746
Michigan,St. Clair,0.725006272,0.573980525566353,0.345770014493648,0.00684060792507232,0,0,0,0.0169515882763998
Michigan,Tuscola,0.938691069,0.150609504649109,0.0406855685228942,0,0,0,0.477649059806524,0.161416156985659
Michigan,Washtenaw,0.762648152,0.5287055131629,0.150935920653068,0,0,0,0.289868725180635,0.158419640465395
Michigan,Wayne,0.428568755,0.882207130605107,0.514181418877115,0.00684060792507232,0,0,0.925442655153736,0.420409453220818
Michigan,Wexford,0.937846766,0.147953832855263,0.0739122916737085,0,0,0,0.123626759305748,0.0285532397699638
Minnesota,Anoka,0.834605089,0.396632765001436,0.0400390720998755,0,0,0,0.303351681295043,0.201355055739733
Minnesota,Becker,0.917958791,0.204558324130801,0.0244559483864447,0,0,0,0,0.0547563604655339
Minnesota,Carlton,0.951017661,0.122661518877743,0.0186661212415581,0,0,0,0,0.0792098252298701
Minnesota,Cook,0.980472813,0.0501964461026938,0,0,0,0,0,0.00627940218515169
Minnesota,Crow Wing,0.916067519,0.208078073009887,0.0325620822282064,0,0,0,0.190366147768741,0.0537348667245694
Minnesota,Dakota,0.875841505,0.305805410662079,0.0239878385165753,0,0,0,0.213404885557219,0.175516474739086
Minnesota,Goodhue,0.929788299,0.176900529975275,0.0126590980048851,0,0,0,0.178434785574343,0.091538419928142
Minnesota,Hennepin,0.634864137,0.731147370629992,0.0559821408391584,0,0,0,0.565222171023124,0.311564981781363
Minnesota,Lake,0.919578982,0.20287467357038,0.00801190172156394,0,0,0,0,0.0225630128584265
Minnesota,Lyon,0.912626891,0.217692334316442,0.0242560200908724,0,0,0,0.0818426999772523,0.383364681745603
Minnesota,Olmsted,0.853057735,0.357943628948544,0.0240097063259141,0,0,0,0.09868097800659,0.225351536500388
Minnesota,Ramsey,0.807822442,0.452137334816232,0.040017086599922,0.00682191230341544,0,0,0.39175052052331,0.286248743343445
Minnesota,Scott,0.906800916,0.233015951280647,0.01638176856536,0,0,0,0.028037648332542,0.153256285423213
Minnesota,Stearns,0.898453519,0.253239787029315,0.00801190172156394,0.00703330137912985,0,0,0.122617985028085,0.451889489242815
Minnesota,Washington,0.768893846,0.529800298952862,0.0240757129501988,0.00687829876315536,0,0,0.157906608630021,0.133186788047358
Minnesota,Wright,0.881246743,0.289855437115779,0.0484843199261172,0,0,0,0.037732835802365,0.110608565880735
Mississippi,Bolivar,0.86784976,0.325012528805602,0.018744000179089,0,0,0,0.416499755636761,0.300667470438801
Mississippi,DeSoto,0.787986352,0.491671793486978,0.0410454055687061,0.00684060792507232,0,0,0.0901397970798909,0.24930643400517
Mississippi,Forrest,0.810400093,0.451513507710647,0.00814580741411356,0,0,0,0.526921886934483,0.356467853412919
Mississippi,Hancock,0.878226664,0.299147055959642,0.0321143622069421,0,0,0,0.277659186326871,0.0862101175901682
Mississippi,Harrison,0.81033254,0.442185851572216,0.0885869526000842,0,0,0,0.040146321133708,0.122047086024687
Mississippi,Hinds,0.645348953,0.721171002979003,0.00801190172156394,0.00684060792507232,0,0,0.17396275008041,0.308083398251563
Mississippi,Jackson,0.851784103,0.351508764963793,0.0962668793079565,0,0,0,0.115872041948676,0.126630675903295
Mississippi,Lauderdale,0.943738845,0.143743692250672,0,0,0,0,0.8002777130015,0.386932133280787
Mississippi,Lee,0.946992449,0.135536240210356,0,0,0,0,0.193199376915093,0.195406892701195
Mississippi,Yalobusha,0.979870717,0.0517414671735631,0,0,0,0,0.539897920630293,0.426942019439145
Missouri,Andrew,0.853658373,0.356601132024451,0.0239663564842478,0,0,0,0,0.100375104921768
Missouri,Boone,0.908668701,0.229084352599583,0.0119357852465916,0,0,0,0.0115782255665663,0.0688945903818516
Missouri,Buchanan,0.766824241,0.533614898188841,0.0321696114496137,0,0,0,0.0358609724897674,0.329972099382772
Missouri,Callaway,0.909940687,0.225740672746015,0.0136645979338802,0,0,0,0.0233461659986837,0.0352539613078596
Missouri,Cass,0.795784205,0.478066368011468,0.0335589101279975,0,0,0,0.0788503315609245,0.0453713194080597
Missouri,Cedar,0.827521933,0.415768987504117,0.00803390354153151,0,0,0,0,0.0215134007855625
Missouri,Clay,0.777627222,0.49405036202291,0.206410751592912,0,0,0,0.0459469527540134,0.063050261438465
Missouri,Clinton,0.817148465,0.427565173298542,0.0919395908131715,0,0,0,0,0.0420422372941627
Missouri,Greene,0.821983931,0.428446017024818,0,0,0,0,0.0356320341978972,0.0341644104056883
Missouri,Iron,0.945833503,0.133804428023962,0.0323533768670922,0,0,0,0,0.0101640425722669
Missouri,Jackson,0.696897223,0.589195126093896,0.607557474545302,0,0,0,0.0549315429781019,0.059753847005363
Missouri,Jefferson,0.732982758,0.579896087426887,0.166641038418369,0,0,0,0.092569011694464,0.0730270565674958
Missouri,Lincoln,0.864890267,0.326220420720929,0.0613825265196741,0,0,0,0.0177021708178777,0.0702226941572877
Missouri,Monroe,0.953897497,0.115739900496691,0.0160227749320849,0,0,0,0,0.0198405386565064
Missouri,Perry,0.841728654,0.381176842461865,0.0392470968179293,0,0,0,0,0.255914860004134
Missouri,St. Louis City,0.571395065,0.787166255534063,0.228215722986457,0.0273373489484462,0,0,0.162480786181216,0.0858088735206017
Montana,Cascade,0.899443004,0.231162926113546,0.0910416166034122,0.0576114922713802,0,0,0.0256750420107242,0.0139122752141553
Montana,Fergus,0.927866357,0.157246764041622,0.127495535643061,0.047848436251695,0,0,0,0.00620893831677396
Montana,Flathead,0.790460863,0.454019871682465,0.174462516080734,0.115770729402125,0.25936365624709,0,0.0201265102589245,0.0194952915507775
Montana,Gallatin,0.871294009,0.294027958527492,0.135218732028106,0.040965274820759,0,0.0725627058649589,0.00912961462238123,0.0810616524504625
Montana,Lewis and Clark,0.780427677,0.452144995998218,0.3525932838876,0.135966999049386,0,0,0,0.0138333020561555
Montana,Lincoln,0.625607963,0.714427624804889,0.197941016296694,0.202605003515228,0.175599184883423,0,0.052243050423819,0.0137348019145337
Montana,Missoula,0.50481573,0.800992851663532,0.59183067162,0.182627297118176,0.90588298877256,0.864784194230272,0.00873529074506982,0.0255222942242572
Montana,Phillips,0.940153904,0.134208588261864,0.0887210331257259,0.0343602274042725,0,0,0,0
Montana,Powder River,0.835845876,0.377551183182398,0.121753995059321,0.041822419092796,0,0,0,0
Montana,Ravalli,0.80762571,0.384878183670819,0.346309135116972,0.194021097481489,0.181959591169586,0,0,0.0242715772674542
Montana,Richland,0.891211051,0.260713049281172,0.0564258878339598,0.0275460291260941,0,0,0,0.0380874540013219
Montana,Rosebud,0.875228019,0.276044648056156,0.166813655244282,0.0751061580079031,0,0,0.116373928874283,0.0383663270350628
Montana,Sanders,0.903606105,0.209288215584654,0.183320828918286,0.013948043295563,0.345937151298972,0.0741783397431139,0,0
Montana,Silver Bow,0.797290684,0.444910980461212,0.210222099002356,0.0691468812817993,0,0,0,0.0147367928656814
Montana,Yellowstone,0.895315657,0.240972027004308,0.135455714359877,0.0205947215339262,0,0,0.0259028801034473,0.0401743477519811
Nebraska,Cass,0.92970872,0.177720193288929,0.00828425703087006,0,0,0,0.0397826860474036,0.0873425276502365
Nebraska,Douglas,0.734811737,0.580675277866791,0.127409401188745,0,0,0,0.170221518200391,0.404548198347746
Nebraska,Knox,0.927054376,0.184315305974798,0.00835524501465667,0,0,0,0,0.0862471813665947
Nebraska,Lancaster,0.909022754,0.225981957438693,0.0280305159218383,0,0,0,0.039270302224684,0.185535496519272
Nebraska,Sarpy,0.826313164,0.416105636272337,0.0264612054671361,0,0,0,0.0446194849051902,0.212583701274918
Nevada,Carson City,0.779530653,0.500214377017558,0.0799497301339098,0.0341902413013305,0,0,0.0419187888158663,0.0165249679455726
Nevada,Churchill,0.804945251,0.451981429703473,0.0995189978014448,0,0,0,0.191202609999192,0.231859213884821
Nevada,Clark,0.36331437,0.898475486545179,0.813457979855954,0.0341902413013305,0.0880052758987055,0,0,0.0483628729930449
Nevada,Douglas,0.866821587,0.300590499500785,0.160435834506362,0.0439546084471069,0.0889726466780519,0,0.0197929231979218,0.0810696198840621
Nevada,Elko,0.925249367,0.181686456869115,0.0504334936267999,0.00691640903425505,0,0,0.0363174352861931,0.0714582270570473
Nevada,Lyon,0.816446331,0.420021775419284,0.165688298043485,0,0,0,0.0672692773208439,0.0823985806251266
Nevada,Nye,0.955272351,0.10296575396264,0.056003952650394,0.0136805756824246,0,0.0725627058649589,0.164668060724007,0.198563996544443
Nevada,Washoe,0.580073359,0.767176459700145,0.373460404429976,0.0205192633439508,0,0.349126280882845,0,0.0143225382863901
Nevada,White Pine,0.814541406,0.434212755775848,0.0820851120014546,0,0,0,0.0931520851946339,0.0948078919644552
New Hampshire,Belknap,0.95592346,0.112914562194188,0,0,0,0,0.0170410291056102,0.0452961421555948
New Hampshire,Cheshire,0.856630704,0.349902784509177,0.0160008825886471,0.00684060792507232,0,0,0.0274562597967868,0.032451601754713
New Hampshire,Coos,0.853155481,0.34191261508754,0.137796089857276,0.00701354219699021,0,0,0,0.0076079315059708
New Hampshire,Grafton,0.921028271,0.199296782920942,0.00801190172156394,0,0,0,0.0116227254592559,0.0328099595007379
New Hampshire,Hillsborough,0.919675874,0.195876128361811,0.0559603114829949,0,0,0,0.552040300421763,0.264065492170198
New Hampshire,Merrimack,0.967140754,0.0820046782037279,0.0160227749320849,0,0,0,0.123585133713697,0.0930878913521309
New Hampshire,Rockingham,0.851198942,0.350828531208074,0.111657714657388,0,0,0,0.291470934635929,0.162016665624593
New Jersey,Atlantic,0.88084541,0.290861307746882,0.040017086599922,0.00685939342470891,0,0,0.694128589472453,0.35787150283613
New Jersey,Bergen,0.664400675,0.663459089166306,0.393152757610252,0.0205005747146082,0,0,0.977454771392117,0.614158784942498
New Jersey,Camden,0.638993687,0.700217887415791,0.387091990334847,0.00684060792507232,0,0,0.76863314563146,0.46137529630089
New Jersey,Cumberland,0.860686401,0.336497757362347,0.0564237714741778,0,0,0,0.76705619965338,0.593905531723175
New Jersey,Essex,0.765302445,0.524603416467288,0.135369521967477,0.00685939342470891,0,0,0.99,0.667351385874259
New Jersey,Gloucester,0.79824643,0.441055694160031,0.300858467187809,0,0,0,0.573017082608064,0.29621429687051
New Jersey,Hudson,0.701502108,0.619690049082121,0.265825685524629,0.0205192633439508,0,0,0.978622138610604,0.755803127497861
New Jersey,Hunterdon,0.796889683,0.458194205912459,0.161476763221843,0.0212169318502218,0,0,0.778539112822923,0.289635656170751
New Jersey,Mercer,0.728904359,0.570432622328019,0.309706048534702,0.0136618826826966,0,0,0.928355773518986,0.614838626255306
New Jersey,Middlesex,0.789122512,0.457378218921634,0.304992066968816,0.0137185757653604,0,0,0.932414664730585,0.604087115381994
New Jersey,Monmouth,0.886031007,0.266851698796577,0.121653767669092,0.0105795288345825,0,0,0.877368036348512,0.46836934982815
New Jersey,Morris,0.873322401,0.298838219344879,0.111985074407285,0.00685939342470891,0,0,0.935060622573108,0.439234577024503
New Jersey,Ocean,0.827920321,0.38133133845893,0.258059533825465,0.0139101632797199,0,0,0.928874566321576,0.495939515130823
New Jersey,Passaic,0.835704333,0.376836690634461,0.177633689525177,0,0,0,0.985827750768094,0.81936224933677
New Jersey,Union,0.662710532,0.695414321250707,0.0640089517271717,0,0,0,0.986501179729346,0.76592140503113
New Jersey,Warren,0.836661865,0.385158019757166,0.0960498897447722,0,0,0,0.918298926710638,0.38372620328058
New Mexico,Bernalillo,0.494279761,0.851060485467547,0.265805334830403,0.00684060792507232,0,0,0.131536775546486,0.109576799303352
New Mexico,Dona Ana,0.440447139,0.856137251338082,0.698845926416856,0.122477495935445,0.339830952783087,0.469967448915121,0.0430673926721165,0.149335244558594
New Mexico,Eddy,0.689752802,0.626662339758281,0.366830710612087,0.0341902413013305,0,0,0.0178695883021855,0.0480811943047854
New Mexico,Lea,0.732354631,0.583252545623552,0.135696866469365,0.00691640903425505,0,0,0,0.0645905001929137
New Mexico,Luna,0.939586855,0.134390664967126,0.0971763381535193,0.0207279820106504,0.0884862907399047,0.0735642664583215,0.131434049444058,0.115238695705013
New Mexico,Rio Arriba,0.794225204,0.479458845387069,0.0485672241881262,0,0,0,0.0268368356395288,0.0887866121552801
New Mexico,San Juan,0.666782693,0.678726410670446,0.205310131567261,0,0,0,0.203579983538959,0.169239469691757
New Mexico,Sandoval,0.773219071,0.51369644777416,0.106758135368312,0,0,0,0.87956186016219,0.592035372514059
New Mexico,Santa Fe,0.802487815,0.464819524261095,0.0321036523849607,0,0,0,0.02084257657816,0.054702372220294
New Mexico,Taos,0.973587724,0.0678479198930355,0,0,0,0,0.0319167707637831,0.045048104036494
New Mexico,Valencia,0.759523731,0.545200898763581,0.0487919690915917,0,0,0,0.027240477656902,0.0554120719546748
New York,Albany,0.842075255,0.380320453461373,0.0399952412082037,0,0,0,0.391690196703349,0.232805232537196
New York,Bronx,0.728873169,0.581457654776026,0.220565540516009,0,0,0,0,0
New York,Chautauqua,0.881015169,0.278476360879311,0.136159697035461,0,0,0,0.0575659034817091,0.0343175649771466
New York,Dutchess,0.942285646,0.134677536541133,0.0803453188648275,0.00685939342470891,0,0,0.490106582255401,0.455185439238136
New York,Erie,0.746681388,0.561690312245314,0.111571231355546,0,0,0,0.617527236786917,0.267312736507464
New York,Essex,0.902780897,0.239509304617524,0.0399952412082037,0,0,0,0,0.0390421658174926
New York,Franklin,0.986172881,0.0307864267741985,0.0325723885923643,0,0,0,0,0.0212564349369745
New York,Hamilton,0.966002656,0.0847627116677978,0.0170502765333906,0,0,0,0,0.0465760930377495
New York,Herkimer,0.977789348,0.0522361408349162,0.0331256268020569,0,0,0,0.0510702264491764,0.0903833318395929
New York,Jefferson,0.948172514,0.123701011675766,0.0613148074440046,0,0,0,0,0.0274784187807262
New York,Kings,0.874902484,0.311174470643513,0,0,0,0,0,0
New York,Monroe,0.849324741,0.36017240589891,0.0719403860188556,0,0,0,0.358056989368916,0.173055332705025
New York,Nassau,0.906313333,0.236471080976212,0,0,0,0,0.932966175726581,0.784935173349885
New York,Niagara,0.923308507,0.184336190313765,0.0738002230921782,0,0,0,0.413073490270453,0.200032095594424
New York,Oneida,0.930720446,0.17637549600996,0,0,0,0,0.389489427792713,0.241465700261295
New York,Onondaga,0.902113848,0.242232504386585,0.0319935914472368,0,0,0,0.394761285672252,0.210089957734704
New York,Orange,0.894110088,0.259323851892451,0.0480135945405789,0,0,0,0.861037307495773,0.742590057469978
New York,Oswego,0.957577907,0.104518981879164,0.028906180122462,0,0,0,0.0267541585896141,0.0588036171183811
New York,Putnam,0.934015346,0.153073579863631,0.0889043049651027,0.014008944810806,0,0,0.584618103726329,0.433096070101684
New York,Queens,0.76448337,0.515875118693091,0.228132724757111,0.00684060792507232,0,0,0,0
New York,Richmond,0.77251881,0.492556728407896,0.288119727514381,0.0136618826826966,0,0,0,0
New York,Rockland,0.869255444,0.306227025970131,0.127669231398405,0,0.0882452117073957,0,0.972810840175169,0.892128607754493
New York,Saratoga,0.960645925,0.09490435281383,0.041289675994622,0,0,0,0.0635466914384255,0.0818983227279439
New York,Steuben,0.933102427,0.16813674099219,0.016111045827446,0,0,0,0.421165412125368,0.0960937405428418
New York,Suffolk,0.81058712,0.402182942253462,0.373441560484961,0.0205192633439508,0,0,0.885708702162903,0.74536510109336
New York,Tompkins,0.942543587,0.142121055292748,0.0322586723940894,0,0,0,0,0.0593542471145071
New York,Wayne,0.929679262,0.167073078241313,0.0834462583149267,0,0,0,0.0348432263962614,0.0662858050406173
New York,Westchester,0.850676704,0.32809551499776,0.273378828415307,0.0136805756824246,0,0,0.911917675628447,0.844380526375008
North Carolina,Avery,0.907053118,0.230141226545429,0.0326633051472882,0,0,0,0,0.0234426427884045
North Carolina,Beaufort,0.998572234,0.00367327571683989,0,0,0,0,0,0.0605145648460399
North Carolina,Buncombe,0.863354119,0.329425668769449,0.0319498578283311,0.027281331237534,0,0,0.15864900403326,0.0790328470306571
North Carolina,Caldwell,0.881203398,0.296460504068857,0,0,0,0,0.0508100780346927,0.179214773780769
North Carolina,Carteret,0.934912947,0.165905247765487,0,0,0,0,0.134525754486931,0.0463826202239131
North Carolina,Caswell,0.853849574,0.359236723691043,0,0,0,0,0.0461875771072605,0.202062521023084
North Carolina,Catawba,0.801953148,0.466770192592766,0.00816854608773764,0.013948043295563,0,0,0.0914184480380198,0.175544747018345
North Carolina,Cumberland,0.77433201,0.52309300967361,0,0,0,0,0.126983847321699,0.123897113390172
North Carolina,Davidson,0.74099462,0.582578685694788,0,0,0,0,0.093228889024233,0.199700262616284
North Carolina,Durham,0.765286499,0.538960085097502,0.00799000516576048,0,0,0,0.201923059491806,0.380258993121186
North Carolina,Edgecombe,0.880013296,0.299250701996425,0,0,0,0,0.180674655650615,0.208184382838022
North Carolina,Forsyth,0.701947501,0.639559218821028,0.0639435442114096,0,0,0,0.0953602477448788,0.269302139259729
North Carolina,Graham,0.814257176,0.44130042002866,0.0274523147451279,0,0,0,0,0.0406183518308523
North Carolina,Granville,0.819419045,0.433818254381368,0,0,0,0,0.347843671362334,0.431243721332844
North Carolina,Guilford,0.772405104,0.520699537365198,0.0561854241457274,0,0,0,0.220010625823112,0.182554578311416
North Carolina,Haywood,0.728960948,0.536312319102266,0.52426086512245,0.0754830029021187,0,0,0,0.0495035156141386
North Carolina,Johnston,0.823790083,0.423487832977336,0.00961946903210052,0,0,0,0.15836124237342,0.247292541581555
North Carolina,Lenoir,0.879451024,0.299163451182146,0.010519053937808,0,0,0,0.20256822469453,0.223632538842304
North Carolina,Lincoln,0.808888358,0.447453983026385,0.0554512070822294,0.0118329052681137,0,0,0.0242608339476967,0.102421405225197
North Carolina,Macon,0.94979035,0.127240820421018,0.00847634196871625,0,0,0,0.0871867935050632,0.263425029092566
North Carolina,Martin,0.888461461,0.279335642238247,0,0,0,0,0.184109470059042,0.203498304299012
North Carolina,Mecklenburg,0.65602486,0.687190501559813,0.273689377176568,0.00682191230341544,0,0,0.140209734845622,0.341992182404149
North Carolina,Montgomery,0.85906328,0.347498313071287,0,0,0,0,0.262825457561519,0.380119917548092
North Carolina,New Hanover,0.908897299,0.230185121865748,0,0,0,0,0.0222753690784681,0.147847963610635
North Carolina,Person,0.896523619,0.25712543331558,0.021762869893754,0,0,0,0.0264503331270871,0.0926837567372278
North Carolina,Pitt,0.865857137,0.332037720854509,0,0,0,0,0.0404409752706256,0.133761735002533
North Carolina,Rockingham,0.851790585,0.359432779165151,0.0345787698394751,0,0,0,0.0229553633377953,0.087974693395388
North Carolina,Rowan,0.818640716,0.434471288257935,0.00816854608773764,0,0,0,0.299367150578024,0.287867109238999
North Carolina,Swain,0.831145637,0.397203040543371,0.0640089517271717,0.0273560314605823,0,0,0.0730786095690615,0.138524793702981
North Carolina,Union,0.77715557,0.498278233564205,0.177542419750437,0,0,0,0.10415900270776,0.17841899558505
North Carolina,Wake,0.654372369,0.707507875613235,0.0479699170025273,0,0,0,0.0441391266117023,0.162035766586445
North Carolina,Yancey,0.759695998,0.542492572285907,0.0719124744098242,0,0,0,0,0.0833422462339218
North Dakota,Billings,0.931268021,0.168162853618542,0.0320593055804797,0.013699358542712,0,0,0,0.0369495770982645
North Dakota,Burke,0.923352101,0.181029843002212,0.0642728478999939,0.0274311505350933,0,0,0,0.0809215471266186
North Dakota,Burleigh,0.901762132,0.230755381009912,0.0886970966276758,0.0274501323486829,0,0,0,0.095491601179281
North Dakota,Cass,0.871154027,0.312430402296808,0.0481905085723686,0.00687829876315536,0,0,0.36186655001687,0.40210993742272
North Dakota,Dunn,0.924840691,0.174845582571552,0.0967573928607973,0.0144059703945993,0,0,0,0.108135108994175
North Dakota,McKenzie,0.926678086,0.175050500510346,0.0481016843110541,0.0205759281388029,0.0882452117073957,0,0,0.061572058527562
North Dakota,Mercer,0.914624348,0.19819924334398,0.103760261422395,0.0205192633439508,0,0,0,0.0293226988449309
North Dakota,Oliver,0.906356586,0.22295695650081,0.0802814259608004,0.0137372537577083,0,0,0,0.0350084796906592
North Dakota,Williams,0.847056915,0.340558332540802,0.220607188701838,0.0341902413013305,0,0,0,0.0337544580362535
Ohio,Adams,0.9613098,0.0992129480854666,0,0,0,0,0.03770207714017,0.0260032827266158
Ohio,Allen,0.848387685,0.36022851857883,0.0878401549557127,0,0,0,0.387034760696927,0.0992175205667748
Ohio,Ashtabula,0.899916141,0.233098715119173,0.1357465038135,0,0,0,0.440410962179369,0.147438508600402
Ohio,Belmont,0.963496519,0.0936393803440067,0,0,0,0,0.31621419367527,0.266776494793796
Ohio,Butler,0.714745365,0.589915506745535,0.366469457596846,0,0,0,0.119411046696935,0.128928580141396
Ohio,Clark,0.669526162,0.677458942014982,0.174335175526275,0,0,0,0.0700127705094329,0.186850219027627
Ohio,Clermont,0.703185038,0.631929314642407,0.12893243624732,0,0,0,0.0303576933249332,0.0590922235560887
Ohio,Clinton,0.807744395,0.437747381229443,0.170099872084304,0,0,0,0.0248892388555327,0.0506357256520074
Ohio,Columbiana,0.998536703,0.00376468701342525,0,0,0,0,0.547829494279303,0.385990547092585
Ohio,Cuyahoga,0.560928962,0.788477587534041,0.359608432543016,0.0409279594825465,0,0,0.300077990064464,0.192363226696577
Ohio,Delaware,0.880684597,0.290338233415487,0.0547359633960743,0,0,0,0.0747799929227439,0.0847477274773405
Ohio,Fayette,0.909830783,0.219523146298613,0.0601369057185978,0,0,0,0,0.0552642993701733
Ohio,Franklin,0.693722085,0.639580082876654,0.205163353005217,0,0,0,0.312154037707902,0.238590052211852
Ohio,Geauga,0.786416119,0.451793505678226,0.402459506475042,0,0,0,0.43703554699899,0.14189793558382
Ohio,Greene,0.755371917,0.550270504941485,0.0721600790867485,0,0,0,0.0556018410862987,0.0450494355130665
Ohio,Hamilton,0.469614742,0.862320971785636,0.387073373413979,0.0136805756824246,0,0,0.247786305320759,0.215776805912579
Ohio,Jefferson,0.535831025,0.824499789547041,0.158798533324919,0,0,0,0.0319758491981464,0.0419865683390974
Ohio,Knox,0.859107247,0.338648261785796,0.0675363710447964,0,0,0,0.0167624512571995,0.0214640527181487
Ohio,Lake,0.759930883,0.500178276567872,0.42057592868266,0.0136805756824246,0,0,0.0770191050731657,0.0659354979169784
Ohio,Lawrence,0.815622427,0.431261563928619,0.0798844732653783,0.00684060792507232,0,0,0.0175682332193171,0.0374816110072409
Ohio,Licking,0.866884708,0.320707672716883,0.0683488459209018,0,0,0,0.0648884045813643,0.0805142803629217
Ohio,Lorain,0.859427044,0.342534124783389,0.0320373249436337,0,0,0,0.222159197768196,0.106112020131769
Ohio,Lucas,0.751541188,0.544022222285604,0.189975980559818,0.00684060792507232,0,0,0.627084586048069,0.207413366853873
Ohio,Madison,0.826394968,0.406009373287511,0.107474714021833,0,0,0,0.184708720666793,0.143188987354152
Ohio,Mahoning,0.789429599,0.492528574902625,0.0160447725117003,0,0,0,0.778537608082214,0.256929591622478
Ohio,Medina,0.779369803,0.51153019607176,0.0192807096213746,0,0,0,0.183883240996367,0.0934348413284091
Ohio,Miami,0.847755585,0.359331424800244,0.105788887611851,0,0,0,0.293805642073089,0.140783668163414
Ohio,Montgomery,0.695730986,0.643430892845164,0.127540034814245,0,0,0,0.051045711544899,0.114599286416113
Ohio,Morgan,0.963354328,0.0648199762916887,0.182219715360329,0.0136805756824246,0,0,0,0.0212776968654525
Ohio,Noble,0.893382565,0.263101133347982,0.033155896222846,0,0,0,0,0.0261555053559881
Ohio,Portage,0.883091123,0.292024343289778,0,0,0,0,0.35659519787686,0.0880325593641294
Ohio,Preble,0.754679879,0.552345569733,0.0640090740490212,0,0,0,0.0510669010157217,0.0553252408604239
Ohio,Scioto,0.959374454,0.102981632633617,0.00799000516576048,0,0,0,0,0.0163961949316993
Ohio,Stark,0.699666891,0.634675807104595,0.158755858617494,0,0,0,0.305647019324745,0.0970708466199323
Ohio,Summit,0.706524939,0.633247524751801,0.056003952650394,0,0,0,0.378076236291973,0.124206642410951
Ohio,Trumbull,0.772182965,0.512522282007125,0.135379943019116,0,0,0,0.315995714346293,0.148435357840977
Ohio,Warren,0.673779103,0.667683816990934,0.219615259616034,0,0,0,0.0932488802894151,0.110242903631038
Ohio,Washington,0.873893286,0.303072615438257,0.078556383761125,0,0,0,0.335287043539839,0.0725918332490004
Ohio,Wood,0.872820473,0.305601544970165,0.078373454825468,0,0,0,0.386186653255668,0.100359334670725
Oklahoma,Adair,0.827700565,0.412470990904632,0.0240315916485838,0.00684060792507232,0,0,0.186102961457658,0.175904468905819
Oklahoma,Canadian,0.860529255,0.335741427937229,0.0649647331301502,0,0,0,0.0211308745673337,0.0667495099743808
Oklahoma,Cleveland,0.728351449,0.595369522044985,0.0880370879509921,0,0,0,0.146090258255681,0.109593798285181
Oklahoma,Comanche,0.795408386,0.477171518464658,0.0480354419937358,0,0,0,0.0432349767235693,0.115396562463611
Oklahoma,Creek,0.905577749,0.235943757600284,0.0167142527221705,0,0,0,0.101898557260125,0.0703905022828449
Oklahoma,Dewey,0.788578797,0.486954288071302,0.0808110110391126,0,0,0,0,0.0350549668660842
Oklahoma,Kay,0.683010157,0.666128254034964,0.080214359493478,0,0,0,0.166414485221945,0.0770638768631179
Oklahoma,Mayes,0.923615914,0.19144136039791,0.0183072262254371,0,0,0,0.126420625393476,0.0683360453362857
Oklahoma,Muskogee,0.932115881,0.165414390901436,0.0342700029898289,0.0155697453135585,0,0,0.167422783215453,0.0619745840098626
Oklahoma,Oklahoma,0.680935449,0.659926591613177,0.18993320678212,0,0,0,0.0914550422264001,0.12957207735096
Oklahoma,Ottawa,0.743493414,0.575959032973274,0.0240977034208411,0,0,0,0.0670286766895204,0.0802796008811814
Oklahoma,Pittsburg,0.794894316,0.480903664752932,0.0240535821659506,0,0,0,0.0716756147886449,0.0455468734721133
Oklahoma,Sequoyah,0.885146247,0.287180472763808,0,0,0,0,0.0752574238252911,0.0329980228106441
Oklahoma,Tulsa,0.618423285,0.745052841128929,0.119562656745778,0.0136618826826966,0,0,0.110192614312551,0.184459071345298
Oregon,Baker,0.887357465,0.26145391290611,0.0991846323645025,0.0438907622820424,0,0,0,0.00851004636257412
Oregon,Benton,0.931189729,0.1663536538558,0.0541192661562001,0.00684060792507232,0,0,0.0560793955204274,0.0309574599932221
Oregon,Clackamas,0.900952306,0.198450522060007,0.265645146376965,0.068683850783078,0.14840289693204,0,0.0598880655698951,0.0615284073737684
Oregon,Columbia,0.957518921,0.0965114858771744,0.0681091246496626,0.0144317176635007,0,0,0,0.0196548919414314
Oregon,Crook,0.793825675,0.445497406458243,0.198529693406989,0.126643017081886,0,0,0,0.0140561242660073
Oregon,Deschutes,0.881173294,0.232252806510916,0.190894554478827,0.160947943224995,0.609297174747799,0.21524913750741,0,0.0317447021222927
Oregon,Douglas,0.897967022,0.244433661935183,0.0642828954182146,0.0208621102802964,0,0,0,0.0129818139252782
Oregon,Grant,0.766955299,0.512535994899929,0.140375865878815,0.0737260184874545,0,0,0,0.00476518480032477
Oregon,Harney,0.74364958,0.554563448065384,0.181976307195686,0.044204711495442,0,0,0,0.0046401432200515
Oregon,Jackson,0.715098139,0.531681724164062,0.395781922208431,0.374382575273578,0.599100512155268,0.144755384721867,0,0.0181639830911848
Oregon,Josephine,0.772236445,0.460102293293733,0.225217160738413,0.271861817654566,0.415612585435284,0.072760870304592,0.0119414048400811,0.0129390200538739
Oregon,Klamath,0.706354695,0.565043569523717,0.386036295090026,0.283619824452284,0.391415636890069,0,0,0.061756262793901
Oregon,Lake,0.823268989,0.363012406352933,0.353152567897802,0.1172208944939,0,0,0,0.0826413950949709
Oregon,Lane,0.710129251,0.57366092803865,0.459538952030363,0.0954782775789428,0.175126673934204,0.072760870304592,0.00820335630480065,0.0148138469307704
Oregon,Linn,0.848392819,0.346137573901508,0.132890619411454,0.0546711496319955,0,0,0.0723433676095964,0.0399022590892101
Oregon,Marion,0.861818117,0.321948507388198,0.123253115201665,0.0205192633439508,0,0,0.140246948286335,0.1506344134793
Oregon,Multnomah,0.889520174,0.258284666227317,0.0719621531554573,0.0546711496319955,0,0,0.0884543258931918,0.0942120236935478
Oregon,Umatilla,0.814182206,0.411604778173008,0.191361855445136,0.0538118637964681,0.212334808504321,0,0.0535608732381826,0.230357215941671
Oregon,Union,0.86528348,0.295886761353825,0.206471495501493,0.0632199689583291,0,0,0.038913351531891,0.411320475347055
Oregon,Wallowa,0.888831831,0.251037772101991,0.135256025302576,0.0554603540254666,0,0,0,0.047556808518258
Oregon,Wasco,0.875360966,0.282335081631463,0.107643327009488,0.0780176717138943,0.0884862907399047,0,0.0781528201061298,0.0935808727888775
Oregon,Washington,0.836584575,0.374294565865316,0.158883880959596,0.0205192633439508,0,0,0.0347194580601406,0.0784735965616368
Pennsylvania,Adams,0.763455959,0.53395195392672,0.0878403987104626,0,0,0,0.131093509540439,0.113076684871369
Pennsylvania,Allegheny,0.436308855,0.859574299505595,0.762043725737529,0.068282031725538,0,0,0.159293190995357,0.0807867188032455
Pennsylvania,Armstrong,0.697235562,0.644588019285126,0.0881249403774915,0,0,0,0.0965333089583615,0.0402526914479991
Pennsylvania,Beaver,0.62847768,0.730047458572784,0.182135064508502,0,0,0,0.484603473149059,0.140938132125971
Pennsylvania,Berks,0.654974175,0.688039250846771,0.280552248092959,0.00684060792507232,0,0,0.701736651519525,0.355164604837213
Pennsylvania,Blair,0.742839083,0.573944532620739,0.0560483282392575,0,0,0,0.00857547658275522,0.0202711099166775
Pennsylvania,Bradford,0.913338663,0.219335954014623,0,0,0,0,0.0863819378716802,0.0329718121160081
Pennsylvania,Bucks,0.767765545,0.479821839706042,0.435955579844728,0.0362165206962515,0,0,0.73501724231617,0.305374316311585
Pennsylvania,Cambria,0.68320116,0.671074974727879,0.0160227749320849,0,0,0,0.0240698096407246,0.0218665249199706
Pennsylvania,Centre,0.737081119,0.584574311336579,0.0479917645475084,0,0,0,0.0450068093845747,0.0432804498939317
Pennsylvania,Chester,0.640657776,0.715035202925369,0.174912899223414,0.00684060792507232,0,0,0.569494435245613,0.239079957185072
Pennsylvania,Clearfield,0.927590562,0.181731754865265,0.0171763634094107,0,0,0,0,0.0311544771165746
Pennsylvania,Cumberland,0.70253919,0.637240387339229,0.0801703745144636,0,0,0,0.25794252843382,0.115381277039272
Pennsylvania,Dauphin,0.675487187,0.667775030708085,0.182092738070044,0.00684060792507232,0,0,0.467452825316802,0.248491926729289
Pennsylvania,Delaware,0.572812371,0.785757834052582,0.258634127997623,0,0,0,0.835915036522439,0.411675677755547
Pennsylvania,Elk,0.941549965,0.143253872777625,0.0417935458540271,0,0,0,0.0349161697466205,0.0172023274505358
Pennsylvania,Erie,0.775104131,0.516487014515715,0.0481480571826072,0,0,0,0.0464474848077759,0.0786904521112788
Pennsylvania,Franklin,0.957493399,0.108925192816817,0,0,0,0,0.288131561999813,0.205057061835798
Pennsylvania,Greene,0.888532036,0.27151382638733,0.0564265349851969,0,0,0,0.0288267019045214,0.0387986584669917
Pennsylvania,Indiana,0.867542642,0.309152262268487,0.143403393857873,0,0,0,0.0744235757245885,0.0452610702329643
Pennsylvania,Lackawanna,0.784925982,0.496855479060471,0.0559384995648667,0,0,0,0.768435007370276,0.272241141579472
Pennsylvania,Lancaster,0.541319211,0.808039329656239,0.366564208740383,0.0136805756824246,0,0,0.602373349472777,0.273471466659117
Pennsylvania,Lawrence,0.924256006,0.187902408343474,0.0321036523849607,0,0,0,0.109519026497765,0.0412969805146271
Pennsylvania,Lebanon,0.606550099,0.749697988701301,0.266137602003707,0,0,0,0.306642383242272,0.315474618464599
Pennsylvania,Lehigh,0.79746041,0.463891641101513,0.127694724988902,0,0,0,0.690375563312353,0.37610288949638
Pennsylvania,Luzerne,0.93925118,0.151593215971113,0.0240097063259141,0,0,0,0.524545005146507,0.30501381276098
Pennsylvania,Lycoming,0.937727909,0.157711818257218,0.00799000516576048,0,0,0,0.173434240952905,0.056559686396517
Pennsylvania,Mercer,0.668620406,0.683123139205334,0.111636089658497,0.00684060792507232,0,0,0.0572246999761973,0.0438623515639875
Pennsylvania,Monroe,0.846614705,0.369215412411544,0.0484422198497351,0,0,0,0.584199240034194,0.279089638667586
Pennsylvania,Montgomery,0.768259814,0.506253007246398,0.256906143379427,0,0,0,0.766144435108777,0.336575737655561
Pennsylvania,Northampton,0.609592444,0.747313659441243,0.220587391307796,0.0205192633439508,0.0880052758987055,0,0.721287495002575,0.366926426428938
Pennsylvania,Philadelphia,0.525787858,0.816832558841296,0.420648009812161,0.0410212550917588,0,0,0.786631373766867,0.51435033396627
Pennsylvania,Somerset,0.93744884,0.158383062627187,0.00819142511501854,0,0,0,0.0142238197003475,0.0284835090614941
Pennsylvania,Tioga,0.851231151,0.36305712464218,0.015979007771828,0,0,0,0.051432359880025,0.0211252009720364
Pennsylvania,Warren,0.918615551,0.165285196243976,0.275029908750368,0.00684060792507232,0,0,0.0266520355097219,0.00612719170530951
Pennsylvania,Washington,0.564122814,0.801858583226204,0.11951950397296,0,0,0,0.0302936023208876,0.0381228622738827
Pennsylvania,Westmoreland,0.707738488,0.628543249209921,0.0878403987104626,0,0,0,0.113301242408561,0.0662708075015444
Pennsylvania,York,0.685093695,0.65919940139717,0.127387858643988,0,0,0,0.115806865398621,0.116427081905073
Rhode Island,Kent,0.910425518,0.204459947301584,0.148055304862199,0.00699388787240056,0,0,0,0.245253262834756
Rhode Island,Providence,0.764032987,0.522722389346854,0.166598475430953,0.0136805756824246,0,0,0.00490550137786354,0.600929042829365
Rhode Island,Washington,0.903724531,0.215706264451664,0.176626885410817,0.0138130440692058,0,0,0,0.144315887946478
South Carolina,Aiken,0.911507915,0.223814767025367,0,0,0,0,0.0610671928225887,0.0813298609848649
South Carolina,Anderson,0.917291462,0.207811585400593,0.0129966359623755,0,0,0,0.056675743019583,0.10712967320416
South Carolina,Berkeley,0.942939678,0.145756672606321,0,0,0,0,0.10504722961043,0.174311398528302
South Carolina,Charleston,0.862422354,0.331424517743514,0.0486822317371958,0.013870560721455,0,0,0.0836080090283279,0.34312962920337
South Carolina,Chesterfield,0.818992554,0.431744692140049,0.0248794019966994,0,0,0,0.309878120459056,0.273182810693317
South Carolina,Darlington,0.899428729,0.253121547622433,0,0,0,0,0.21610000514741,0.228642510132679
South Carolina,Edgefield,0.874021759,0.306301701870379,0.0353178695533586,0.0143901385856771,0,0,0.114474061344943,0.104071570687765
South Carolina,Greenville,0.717476358,0.614618695673164,0.0559384995648667,0.0136432046517958,0,0,0.164134500055214,0.323323674311668
South Carolina,Lexington,0.814917744,0.438416063462398,0.0240975806670825,0.0137939317447162,0,0,0.173095921892813,0.243172280326472
South Carolina,Oconee,0.893823401,0.263273619717453,0.0241643059957856,0,0,0,0.0131333728356533,0.11634162313906
South Carolina,Pickens,0.856059171,0.352826890364853,0.0112906721256324,0,0,0,0.0411469318257486,0.227129696905495
South Carolina,Richland,0.780480076,0.502794644673774,0.0639435442114096,0.0136432046517958,0,0,0.208004717945911,0.291020770321999
South Carolina,Spartanburg,0.730310128,0.59579391704318,0.0493720747806673,0,0,0,0.155547443147975,0.176528987094894
South Carolina,York,0.884087706,0.275259952897948,0.106451075537365,0,0,0,0.0445901458617063,0.152273978148849
South Dakota,Brookings,0.877664358,0.294009517696458,0.0802368312864954,0,0,0,0,0.0634836186606464
South Dakota,Codington,0.904841871,0.237798454663465,0.0162252783778682,0,0,0,0,0.0855250597208713
South Dakota,Custer,0.92452767,0.186084884169243,0.032125527758177,0.00687829876315536,0,0,0,0.0343983073956191
South Dakota,Jackson,0.923564099,0.18848946614183,0.0400829028374589,0,0,0,0.302646530067855,0.0614741052676076
South Dakota,Meade,0.979453206,0.0528126850720436,0,0,0,0,0.0368591711172948,0.0592604431812691
South Dakota,Minnehaha,0.839985128,0.378873347898605,0.0879936487203353,0,0,0,0.303848111746849,0.567775928390218
South Dakota,Pennington,0.782299575,0.494817182164371,0.112030001524477,0.00684060792507232,0,0,0.145875845273093,0.156397913853612
South Dakota,Union,0.842928359,0.376426690014226,0.0559821408391584,0,0,0,0.065482821694246,0.260828455482146
Tennessee,Anderson,0.904783368,0.237968470403675,0.0160227749320849,0,0,0,0.0271379048175982,0.0463138749453907
Tennessee,Blount,0.805780874,0.452582524361546,0.0639657020955664,0.0136432046517958,0,0,0.0235462454221192,0.0484210717864607
Tennessee,Claiborne,0.935593898,0.162987925465275,0.00850097539587685,0,0,0,0,0.0300461836368243
Tennessee,Davidson,0.654486364,0.70084883610371,0.127387858643988,0.00684060792507232,0,0,0.169918987770996,0.44847300433604
Tennessee,Hamilton,0.725633854,0.599056812985185,0.0864891924481796,0.00866944301084138,0,0,0.0850109581617055,0.231863448641526
Tennessee,Jefferson,0.771359192,0.52314018733191,0.0516733485143095,0,0,0,0.0191694533817033,0.0672552562879475
Tennessee,Knox,0.706420517,0.632009059592969,0.047970039544975,0.020463212387849,0,0,0.0111066926243607,0.071505242759763
Tennessee,Loudon,0.80995614,0.438921431874849,0.101807193659404,0.0178328269059299,0,0,0.019320805889567,0.16656935271096
Tennessee,Montgomery,0.870698939,0.320908842517319,0,0,0,0,0.0349791032695515,0.0807465254259324
Tennessee,Sevier,0.81717212,0.430807773854786,0.0645865864178657,0,0,0,0.0318904755521525,0.225456223848231
Tennessee,Shelby,0.718833745,0.597546730067628,0.220523891525863,0.00684060792507232,0,0,0.211899608961942,0.36152633672203
Tennessee,Sullivan,0.621171744,0.669076591786351,0.805174030652491,0.0136618826826966,0,0,0.0131950730012592,0.019711866968787
Tennessee,Sumner,0.808545359,0.450670669603952,0.0478700619341102,0,0,0,0.27662015789234,0.257520967495828
Tennessee,Williamson,0.896570716,0.255004612354307,0.0364030004309386,0,0,0,0.0612738419678074,0.155565363515766
Tennessee,Wilson,0.87149671,0.315027892215798,0.0306124973572198,0,0,0,0.122167129160473,0.194099829768278
Texas,Bell,0.846044709,0.357277988500597,0.151107297416236,0,0,0,0.0374062844596798,0.12366211602696
Texas,Bexar,0.638556635,0.70254191919565,0.317308250642782,0.0547655620480711,0,0,0.0578171781618416,0.210881145721523
Texas,Brazoria,0.875343357,0.265829328870223,0.259348688745935,0.0548239774665468,0,0,0.0585549667805382,0.210903225004871
Texas,Brewster,0.865662797,0.332482512862657,0,0,0,0,0.113039454318061,0.467564988700977
Texas,Cameron,0.71563615,0.621168739346038,0.0319935914472368,0,0,0,0.134963591817456,0.19206584851741
Texas,Collin,0.846251874,0.325244520048484,0.369575119562846,0.00684060792507232,0,0,0.0423820155247099,0.0990350657755179
Texas,Dallas,0.651725429,0.684998288614991,0.352669953027218,0.0205192633439508,0,0,0.149509845634441,0.277363888291217
Texas,Denton,0.744842428,0.509838356496655,0.531800720528538,0.0410212550917588,0,0,0.0435433313423117,0.109563433784237
Texas,Ector,0.899519981,0.251801844751073,0.00801190172156394,0,0,0,0.0439689819651977,0.114652728301819
Texas,El Paso,0.468246126,0.856480570115925,0.496529635638102,0.047848436251695,0,0,0.106990381164084,0.158641115909902
Texas,Ellis,0.772225965,0.515036045310611,0.111700947010392,0,0,0,0.161651351269702,0.245224698539449
Texas,Galveston,0.805238112,0.413501407911459,0.367615742091203,0.0205192633439508,0.0882452117073957,0,0.121541521991459,0.31867813029765
Texas,Gregg,0.900256105,0.242286921349174,0.0641189182930529,0,0,0,0.109144149450523,0.103419372674249
Texas,Harris,0.494728897,0.813697152926994,0.702877809868844,0.175988468136905,0.25936365624709,0,0.0849134245507697,0.234698857510193
Texas,Harrison,0.833134427,0.401785806860819,0.0240535821659506,0,0,0,0.476188260548158,0.160453049486604
Texas,Hidalgo,0.716219944,0.617327678027147,0.0641630058339432,0,0,0,0.0552664219951305,0.155963903302011
Texas,Hood,0.888143754,0.256823999259814,0.145854327754269,0.0205756136675257,0,0,0.067691037636056,0.0372687692438868
Texas,Hunt,0.935063877,0.160953737806053,0.0240315916485838,0.00684060792507232,0,0,0.0634944414218266,0.155985105602962
Texas,Jefferson,0.669529905,0.65793795446277,0.366469457596846,0.0273373489484462,0,0,0.140273367499656,0.250255717580895
Texas,Johnson,0.838477849,0.355024462993681,0.278711908042597,0.0139688780361305,0,0,0.0237649517929174,0.087190303835048
Texas,Kaufman,0.85321728,0.357574406337745,0.0240979489283563,0,0,0,0.0306840600559044,0.156675252953682
Texas,Maverick,0.839879486,0.389054993450538,0.0086263530633308,0,0,0,0.0366245441878453,0.127236393419131
Texas,McLennan,0.860549665,0.338005604450113,0.0472443880096382,0,0,0,0.0533246308583611,0.248242111059254
Texas,Montgomery,0.759713316,0.519660433991048,0.273501009290386,0.00684060792507232,0,0,0.0618442228205113,0.126787066826368
Texas,Navarro,0.752830869,0.536680290361653,0.197707677085216,0.0410212550917588,0,0,0.124440998346988,0.163495794322949
Texas,Nueces,0.75817959,0.549346999528437,0.0320373249436337,0,0,0,0.0259479743809248,0.255192860883892
Texas,Orange,0.797695001,0.458688222054069,0.167759224015786,0,0,0,0.0375656761978647,0.111422245263534
Texas,Parker,0.874830861,0.276646629103034,0.238219594082845,0.013794890356843,0,0,0.00731217350921908,0.069755258013615
Texas,Polk,0.964406083,0.0887416325086328,0.0177218213796346,0,0,0,0,0.0806548280209617
Texas,Potter,0.906386394,0.188061052602817,0.324375199617179,0.00684060792507232,0,0,0.333734421386341,0.687343463323307
Texas,Randall,0.807795951,0.445426694765989,0.105410675433479,0,0,0,0.0530560225649707,0.211724926890939
Texas,Rockwall,0.905252069,0.219595307987782,0.139124430397026,0,0,0,0.157996883993234,0.122005661462319
Texas,Smith,0.904004064,0.236528518547484,0.0400830254652054,0,0,0,0.017953178961778,0.0908350334846955
Texas,Tarrant,0.669065798,0.629754733209521,0.602394569764246,0.0478297825459752,0,0,0.114285434361202,0.208204138044096
Texas,Travis,0.692801357,0.640962650756474,0.205331106382379,0,0,0,0.101343074362318,0.251057844687941
Texas,Victoria,0.938803564,0.151981885462364,0.0291468547063327,0,0,0,0.0905180181691054,0.253976796844
Utah,Box Elder,0.722868129,0.584672066152849,0.265825913816329,0.0205192633439508,0,0,0,0
Utah,Cache,0.749416124,0.51587747500696,0.433765113725197,0.0341902413013305,0,0,0,0.00989357709210211
Utah,Carbon,0.71167656,0.624161614539512,0.0680390370879228,0,0,0,0,0.00335285114446794
Utah,Davis,0.685244256,0.614949947189026,0.555217081686464,0.00684060792507232,0,0,0.0146940645105102,0.117001788882385
Utah,Duchesne,0.714725404,0.592997878714144,0.265764649038363,0.0682448278960276,0,0,0,0.00516167926115343
Utah,Salt Lake,0.482412606,0.808878770292699,0.869127240290931,0.0750318232702238,0,0,0.0969295274440896,0.325780511006651
Utah,San Juan,0.7800706,0.505158998646079,0.0654869998818945,0,0,0,0.547110358065385,0.716721913837719
Utah,Tooele,0.755816304,0.522724720957158,0.309824797293729,0.00682191230341544,0,0,0,0.116728251281015
Utah,Uintah,0.617497567,0.722871866360603,0.28797721326079,0.122422262213727,0.415212576714873,0,0,0.00575996736707799
Utah,Utah,0.611137311,0.713169752871882,0.559827311988519,0.0818675582418832,0,0,0.0361106942260673,0.220305692098087
Vermont,Bennington,0.915841585,0.209831089688081,0.0240317144027326,0,0,0,0.0294464422729555,0.0695224940637272
Vermont,Chittenden,0.906870524,0.235117267168464,0,0,0,0,0.243784313985426,0.126670276009805
Vermont,Rutland,0.826428507,0.413228759777039,0.0481013166883671,0,0,0,0.0179521764821125,0.0430084961741708
Virginia,Albemarle,0.896317623,0.259505193516663,0.00799000516576048,0,0,0,0.0857933835598673,0.12701595570436
Virginia,Arlington,0.832200977,0.381913073195334,0.190167734877321,0.00687829876315536,0,0,0.524323453392968,0.345028311265502
Virginia,Caroline,0.911556354,0.221457100215615,0.0160667876176946,0,0,0,0.135182669996221,0.141948425888811
Virginia,Chesterfield,0.886702292,0.282014391432976,0.0110350523471524,0,0,0,0.155674934552229,0.275997012862163
Virginia,Fairfax,0.765767916,0.526301748774094,0.119498039840425,0,0,0,0.417200913491719,0.392250079133369
Virginia,Fauquier,0.957351431,0.109286093768752,0,0,0,0,0.102324776442617,0.199582230478603
Virginia,Frederick,0.847660372,0.373025068433784,0,0,0,0,0.0700718916012641,0.191572253120799
Virginia,Giles,0.838287714,0.310209790277002,0.408171355866092,0.182627297118176,0,0,0,0.0307661469692287
Virginia,Hanover,0.878193129,0.299742193040629,0.0282476214503987,0,0,0,0.255940029989151,0.135719630359374
Virginia,Henrico,0.83637013,0.389806383878059,0.0560916016589757,0.00684060792507232,0,0,0.430970109999909,0.263553389425166
Virginia,Loudoun,0.868414459,0.318641530836953,0.0572464548214579,0,0,0,0.216325370491235,0.323648124991744
Virginia,Madison,0.893587194,0.266029745996509,0.00810068094739714,0,0,0,0.0786223552523453,0.110779980948054
Virginia,Prince Edward,0.96255872,0.0947988449167803,0.00847634196871625,0,0,0,0.181251541905268,0.279696637250946
Virginia,Prince William,0.914630253,0.211689559793122,0.0320158175440924,0,0,0,0.309390218761414,0.488966477600516
Virginia,Richmond City,0.86571593,0.332360920391398,0,0,0,0,0.669880039667451,0.74680440247951
Virginia,Roanoke,0.860273973,0.343721105105494,0.00801190172156394,0,0,0,0,0.0112904719045595
Virginia,Rockbridge,0.945910935,0.138266559947536,0,0,0,0,0.469261855146578,0.798407524452103
Virginia,Rockingham,0.920410785,0.200824918341327,0.00799000516576048,0,0,0,0.0636595462522203,0.392228351026633
Virginia,Stafford,0.899264429,0.248035378878898,0.0398739609249171,0,0,0,0.00683370889845904,0.0118919821566478
Virginia,Wythe,0.921372503,0.199574431500703,0,0,0,0,0.81071917969563,0.99
Washington,Adams,0.946237824,0.108848518508357,0.0905603357718119,0.0912857279160574,0,0,0,0.239054876292305
Washington,Asotin,0.826065094,0.386621447992428,0.183051032979281,0.0512980517834115,0.2721594198649,0,0.0922678030227021,0.0318907554019549
Washington,Benton,0.832440805,0.365114717088225,0.251735748987484,0.0547276687469229,0,0.0733616798677849,0.396217633500514,0.292937405858646
Washington,Chelan,0.807202006,0.403462708465929,0.213583894650318,0.156161503906359,0.550659584274332,0.072760870304592,0.0810215448042746,0.152983451260145
Washington,Clallam,0.866141727,0.313492067296884,0.0640089517271717,0.0546711496319955,0.0882452117073957,0,0,0.0159686118460779
Washington,Clark,0.832212963,0.381610920199901,0.152041539399309,0.0422718819637298,0,0,0.0641077569636291,0.0525777635108983
Washington,Columbia,0.936095944,0.140914972317691,0.117381400944891,0.0306177713842846,0,0,0,0.0687592355627062
Washington,Cowlitz,0.935898326,0.155415012525203,0.0321036523849607,0.0205192633439508,0,0,0,0.0579405317754492
Washington,Franklin,0.924457291,0.170390164076473,0.10005901494014,0.0440165403793946,0,0,0.34703874773275,0.545086432108498
Washington,Grant,0.902436735,0.216896414302741,0.0961804809375588,0.0887898616785741,0.0882452117073957,0,0.0640522849119937,0.177464807040716
Washington,Grays Harbor,0.957988004,0.0995325105031397,0.0240315916485838,0.0273560314605823,0,0,0,0.0123390744450771
Washington,Jefferson,0.968802226,0.071799248613058,0.0324386331824962,0.0208621102802964,0,0,0,0.0404355102266835
Washington,King,0.730294916,0.566352731482976,0.236212999422528,0.0886955993629889,0.0882452117073957,0,0.276442220355668,0.155631731658654
Washington,Kitsap,0.974705357,0.0529288024724674,0.0573126676886667,0.0214596959124273,0,0,0.0076968738383997,0.0284245815341821
Washington,Kittitas,0.83893726,0.351885670285145,0.193058957072468,0.0911548272522311,0.179954050764512,0,0.0217920505282093,0.0934768380992444
Washington,Lewis,0.927751236,0.17237912478612,0.0320373249436337,0.0410969319922727,0,0,0.0388160540336569,0.0288956189076086
Washington,Mason,0.931702127,0.163633647639046,0.0481457289157852,0.0205569400562933,0,0,0.0156464486711852,0.0261973664685018
Washington,Okanogan,0.648194777,0.671299787547727,0.206921364094209,0.280114811242877,0.340693073718839,0.413102243473261,0.0494243347092903,0.0689176374189316
Washington,Pierce,0.790933703,0.458640066965611,0.166683600784773,0.102233600595385,0,0,0.11949069610321,0.0978641735644523
Washington,Skagit,0.954809492,0.10529934871469,0.0480354419937358,0.0205192633439508,0,0,0.120700500963891,0.139016113828465
Washington,Snohomish,0.790955839,0.450114746450311,0.281264759721524,0.061601709755215,0,0,0.213962384295494,0.146451822455096
Washington,Spokane,0.767389335,0.497136065816409,0.228675612742993,0.0820544279074678,0.339830952783087,0,0.0817521519263371,0.0908915046663465
Washington,Stevens,0.723014178,0.571833697959424,0.251493521461577,0.142785973217574,0,0,0.0228459539906948,0.0135041295075711
Washington,Thurston,0.885865787,0.274212938040764,0.0246334113872427,0.0501121883988805,0,0,0.0251666821579858,0.0308076313369126
Washington,Walla Walla,0.89493278,0.238080279594483,0.130205537703976,0.0418949952997011,0.0882452117073957,0,0.0515392505611785,0.0956875847691941
Washington,Whatcom,0.818577272,0.391771834774652,0.302683253066544,0.0410212550917588,0,0,0.180302648319874,0.094737278636636
Washington,Whitman,0.930873684,0.147318021771929,0.135825402020023,0.0547276687469229,0,0,0,0.0260116815696451
Washington,Yakima,0.667853009,0.630149229321869,0.503037385541159,0.149444034035753,0.415612585435284,0,0.579798936125657,0.75076045781497
West Virginia,Berkeley,0.838076193,0.390020253940231,0.0324957216973228,0,0,0,0.0874456765208944,0.131648059338871
West Virginia,Brooke,0.865805824,0.318508481735305,0.103716954183243,0,0,0,0,0.0171984077334262
West Virginia,Cabell,0.87760382,0.298829491655903,0.0454013083405311,0,0,0,0,0.0484652059417325
West Virginia,Gilmer,0.976328589,0.0595907697417712,0.00845184889276396,0,0,0,0,0.0569449396489788
West Virginia,Greenbrier,0.929294702,0.179927164311237,0,0,0,0,0.0301324524512085,0.0583257591562374
West Virginia,Hancock,0.864902563,0.327945096912959,0.0480354419937358,0,0,0,0.0362481639523674,0.027379860251399
West Virginia,Kanawha,0.834003194,0.396827053455589,0.0408802377921829,0.00695493873759912,0,0,0.1167727185046,0.0630854906366332
West Virginia,Marshall,0.74064761,0.583168145819697,0,0,0,0,0,0.048277512798944
West Virginia,Monongalia,0.90801256,0.230091019637414,0.0162002812726351,0,0,0,0.0494222322289273,0.0584009578393231
West Virginia,Ohio,0.802603586,0.45922612273956,0.0784230501894951,0,0,0,0.0252238712966775,0.0793590603907882
West Virginia,Tucker,0.942383387,0.144796239173306,0.0164509004511209,0,0,0,0,0.0300872681297451
West Virginia,Wood,0.886193795,0.279281151591148,0.0401709317303317,0,0,0,0.0250137553963544,0.0357198450881996
Wisconsin,Ashland,0.960666117,0.100852415198244,0,0,0,0,0,0.0066130943853948
Wisconsin,Brown,0.816453046,0.428561904222174,0.0957846466336858,0,0,0,0.164367750486778,0.361087648847326
Wisconsin,Columbia,0.896559327,0.248389513009261,0.0845836744611349,0,0,0,0.0181577646500704,0.0524239910525274
Wisconsin,Dane,0.779079023,0.509831229768677,0.0400389494716964,0,0,0,0.0610778227201365,0.121939889053536
Wisconsin,Dodge,0.811027522,0.437991395936363,0.111636089658497,0,0,0,0.0594005734118838,0.178119497693147
Wisconsin,Door,0.885063336,0.242157909259375,0.320066087259699,0,0,0,0.112800458032878,0.0545003849488016
Wisconsin,Eau Claire,0.860230074,0.342764109548408,0.0161793889396714,0,0,0,0.00998349326099596,0.0785143467710132
Wisconsin,Fond du Lac,0.887933065,0.2685835830546,0.0883222116074268,0,0,0,0.0605488815361685,0.103468784671525
Wisconsin,Forest,0.928360256,0.179938508780529,0.01631479416076,0,0,0,0.334690401849949,0.147504241873889
Wisconsin,Grant,0.857380715,0.348182595333797,0.0242090407802641,0,0,0,0.258070780877252,0.106960667503082
Wisconsin,Jefferson,0.873222945,0.296162822940583,0.141302308967311,0,0,0,0.0492595998260075,0.0976221041117332
Wisconsin,Kenosha,0.733916495,0.549143054872176,0.389726089223526,0.0412101174327754,0,0,0.258918525521712,0.298547533451001
Wisconsin,Kewaunee,0.875550557,0.279958261932339,0.206726061683605,0.0104032049495449,0,0,0.0510843643702373,0.0987271963637371
Wisconsin,La Crosse,0.860634566,0.343938954831901,0,0,0,0,0,0.131493323903537
Wisconsin,Manitowoc,0.876895036,0.261389505009964,0.300918325248147,0.0208911910231639,0,0,0.013227313064017,0.0429734499966167
Wisconsin,Marathon,0.926861678,0.18384250198158,0.0150731280749983,0,0,0,0.00769939791757659,0.043961267653599
Wisconsin,Milwaukee,0.712902662,0.608013133280546,0.205205288278154,0.0136618826826966,0,0,0.406025432684223,0.39482930775405
Wisconsin,Oneida,0.899786343,0.140722813402609,0.65042578532212,0.0138321414053033,0,0,0,0.0192726940603872
Wisconsin,Outagamie,0.796445163,0.457559109965807,0.198371201927967,0,0,0,0.0500043312745146,0.0894094259263529
Wisconsin,Ozaukee,0.819865283,0.395110549393464,0.279050754292346,0.0207872219639047,0,0,0.173863857864748,0.0912546889967293
Wisconsin,Rock,0.866896141,0.307915424145872,0.163582319640065,0,0,0,0.152303126162067,0.181305848553065
Wisconsin,Sauk,0.857002098,0.345965287356735,0.0480135945405789,0,0,0,0.0647593312115333,0.057429074981226
Wisconsin,Sheboygan,0.805368225,0.375021545499946,0.577159067426858,0.0580389539198129,0,0,0.0362167642253155,0.0617852846468516
Wisconsin,Taylor,0.894735493,0.263294496626848,0.00801190172156394,0,0,0,0,0.021918659915348
Wisconsin,Vilas,0.929148502,0.17829586729003,0.0140587205151196,0,0,0,0,0.0170000775192974
Wisconsin,Walworth,0.868332499,0.300975906286304,0.189699739570159,0,0,0,0.179102139768338,0.199418835203967
Wisconsin,Waukesha,0.764077085,0.535238455404003,0.0647928902781791,0,0,0,0.100466763716658,0.102334826294128
Wyoming,Albany,0.694645308,0.651876067038662,0.0400389494716964,0.00684060792507232,0,0,0,0.0299900794586632
Wyoming,Big Horn,0.93630923,0.162409761655751,0,0,0,0,0,0.0581274872314293
Wyoming,Campbell,0.726157147,0.594477587226466,0.0878835953682085,0.0410212550917588,0,0,0,0.0414313564481335
Wyoming,Carbon,0.867161963,0.317475581844858,0.0560257818995379,0.0273560314605823,0,0,0,0.0555721326608912
Wyoming,Converse,0.83614043,0.387326862370282,0.0640089517271717,0.0205005747146082,0,0,0,0.0644399872471197
Wyoming,Fremont,0.764916286,0.533778686983367,0.0640089517271717,0,0,0,0,0.302988843470211
Wyoming,Laramie,0.819606756,0.428643589134994,0.0160227749320849,0.0205192633439508,0,0,0,0.092820513779314
Wyoming,Lincoln,0.972606483,0.0691913016147422,0,0,0.0882452117073957,0,0,0.0414948587409819
Wyoming,Natrona,0.869401149,0.32179602288183,0.0160227749320849,0,0,0,0,0.0540733784687377
Wyoming,Sheridan,0.842506924,0.374327686050056,0.0719621531554573,0.00684060792507232,0,0,0,0.0303738024928033
Wyoming,Sublette,0.733419418,0.579147833115509,0.143204275624254,0.0205192633439508,0,0,0,0.0209336670396312
Wyoming,Sweetwater,0.699621978,0.626955670184563,0.197644347923854,0.0341902413013305,0.0882452117073957,0,0,0.072785922951272
Wyoming,Teton,0.861230881,0.339471114849169,0.0240315916485838,0,0,0,0,0.189216597113035
Wyoming,Uinta,0.867154478,0.32276477933333,0.0400389494716964,0,0,0.072760870304592,0,0.291500552703999
Wyoming,Weston,0.900507773,0.249420110865256,0.00801190172156394,0,0,0,0,0.00990434626243199
