date, pm25, pm10, o3, no2, so2, co
2020/7/2, 56, , 51, 3, , 1
2020/7/3, 53, , 45, 6, , 1
2020/7/4, 40, , 40, 6, , 1
2020/7/5, 56, , 64, 7, , 2
2020/7/6, 148, , 61, 7, , 2
2020/7/7, 54, , 51, 8, , 2
2020/7/8, 62, , 56, 6, , 1
2020/7/9, 65, , , , , 
2020/6/2, 44, , 57, 7, , 2
2020/6/3, 49, , 70, 6, , 2
2020/6/4, 56, , 52, 4, , 1
2020/6/5, 64, , 28, 1, , 1
2020/6/6, 47, , 32, 2, , 
2020/6/7, 36, , 37, 3, , 1
2020/6/8, 35, , 36, 1, , 1
2020/6/9, 30, , 45, 4, , 1
2020/6/10, 26, , 71, 8, , 2
2020/6/11, 37, , 75, 8, , 2
2020/6/12, 49, , 45, 5, , 1
2020/6/13, 50, , 41, 3, , 1
2020/6/14, 43, , 49, 4, , 1
2020/6/15, 50, , 51, 6, , 2
2020/6/16, 53, , 43, 2, , 1
2020/6/17, 57, , 44, 2, , 1
2020/6/18, 55, , 42, 3, , 1
2020/6/19, 52, , 52, 3, , 1
2020/6/20, 56, , 42, 2, , 1
2020/6/21, 58, , 51, 1, , 1
2020/6/22, 55, , 66, 3, , 1
2020/6/23, 57, , 65, 5, , 1
2020/6/24, 60, , 66, 3, , 1
2020/6/25, 52, , 56, 4, , 1
2020/6/26, 56, , 54, 4, , 1
2020/6/27, 44, , 47, 3, , 1
2020/6/28, 46, , 31, 1, , 
2020/6/29, 33, , 38, 2, , 
2020/6/30, 35, , 41, 5, , 1
2020/7/1, 47, , 49, 3, , 1
2020/5/9, 59, , 64, 6, , 2
2020/5/10, 71, , 49, 2, , 1
2020/5/11, 59, , 44, 1, , 1
2020/5/12, 41, , 33, 3, , 1
2020/5/13, 25, , 34, 4, , 1
2020/5/14, 22, 31, 39, 5, , 1
2020/5/15, 33, 28, 45, 5, 1, 1
2020/5/16, 30, 28, 58, 6, 1, 2
2020/5/22, 54, , 45, 5, , 1
2020/5/23, 68, , 46, 2, , 1
2020/5/24, 70, , 59, 4, , 1
2020/5/25, 69, , 56, 5, , 2
2020/5/26, 73, , 76, 8, , 2
2020/5/27, 77, , 73, 8, , 2
2020/5/28, 65, , 67, 4, , 1
2020/5/29, 54, , 35, 4, , 1
2020/5/30, 51, , 28, 1, , 1
2020/5/31, 33, , 39, 1, , 1
2020/6/1, 45, , 40, 3, , 1
2020/4/2, 44, , 42, 2, , 1
2020/4/3, 35, , 42, 7, , 2
2020/4/4, 37, , 43, 5, , 1
2020/4/5, 45, , 31, 1, , 1
2020/4/6, 20, , 35, 1, , 1
2020/4/7, 17, , 34, 5, , 1
2020/4/8, 18, , 36, 4, , 1
2020/4/9, 17, , 30, 4, , 1
2020/4/10, 16, , 32, 8, , 2
2020/4/11, 24, , 38, 6, , 2
2020/4/12, 33, , 33, 1, , 1
2020/4/13, 30, , 32, 3, , 1
2020/4/14, 23, , 42, 7, , 2
2020/4/15, 28, , 47, 9, , 2
2020/4/16, 28, , 47, 9, , 2
2020/4/17, 48, , 36, 3, , 1
2020/4/18, 37, , 33, 2, , 1
2020/4/19, 26, , 34, 1, , 1
2020/4/20, 29, , 32, 4, , 1
2020/4/21, 40, , 38, 6, , 1
2020/4/22, 30, , 44, 6, , 2
2020/4/23, 38, , 47, 1, , 1
2020/4/24, 25, , 47, 2, , 1
2020/4/25, 38, , 66, 8, , 2
2020/4/26, 47, , 62, 6, , 2
2020/4/27, 53, , 16, 8, , 2
2020/4/28, 50, , , , , 
2020/3/2, 34, , 35, 3, , 1
2020/3/3, 19, , 36, 12, , 3
2020/3/4, 23, , 38, 17, , 6
2020/3/5, 44, , 46, 14, , 4
2020/3/6, 42, , 45, 16, , 4
2020/3/7, 47, , 34, 2, , 1
2020/3/8, 17, , 34, 5, , 1
2020/3/9, 10, 22, 29, 12, , 3
2020/3/10, 17, 10, 23, 5, , 1
2020/3/11, 17, 14, 35, 6, , 1
2020/3/12, 19, 18, 24, 13, , 3
2020/3/13, 22, 10, 26, 8, , 2
2020/3/14, 23, 11, 35, 3, , 1
2020/3/15, 15, 9, 29, 4, , 1
2020/3/16, 21, , 31, 10, , 3
2020/3/17, 23, , 34, 12, , 4
2020/3/18, 27, , 37, 8, , 3
2020/3/19, 29, , 37, 8, , 2
2020/3/20, 27, , 31, 5, , 1
2020/3/21, 27, , 40, 4, , 1
2020/3/22, 26, , 35, 6, , 2
2020/3/23, 26, , 36, 4, , 1
2020/3/24, 16, , 35, 7, , 2
2020/3/25, 27, , 36, 5, , 1
2020/3/26, 12, , 38, 7, , 2
2020/3/27, 16, , 40, 4, , 1
2020/3/28, 29, , 39, 7, , 2
2020/3/29, 44, , 40, 5, , 2
2020/3/30, 44, , 41, 7, , 2
2020/3/31, 31, , 49, 10, , 3
2020/4/1, 26, , 43, 11, , 3
2020/2/2, 33, , 34, 12, , 7
2020/2/3, 46, , 33, 2, , 2
2020/2/4, 13, , 35, 3, , 2
2020/2/5, 13, , 29, 16, , 5
2020/2/6, 28, , 33, 18, , 6
2020/2/7, 44, , 34, 22, , 8
2020/2/8, 50, , 46, 16, , 8
2020/2/9, 66, , 34, 6, , 3
2020/2/10, 45, , 36, 2, , 2
2020/2/11, 18, , 38, 7, , 3
2020/2/12, 17, , 36, 19, , 7
2020/2/13, 39, , 39, 17, , 6
2020/2/14, 41, , 41, 17, , 6
2020/2/15, 47, , 45, 17, , 6
2020/2/16, 53, , 49, 14, , 6
2020/2/17, 56, , 42, 19, , 7
2020/2/18, 54, , 31, 19, , 9
2020/2/19, 61, , 33, 13, , 5
2020/2/20, 66, , 40, 17, , 6
2020/2/21, 44, , 43, 17, , 5
2020/2/22, 41, , 36, 4, , 2
2020/2/23, 27, , 39, 8, , 3
2020/2/24, 36, , 36, 13, , 4
2020/2/25, 41, , 34, 13, , 3
2020/2/26, 13, , 36, 12, , 3
2020/2/27, 16, , 34, 17, , 5
2020/2/28, 26, , 39, 18, , 5
2020/2/29, 21, , 43, 15, , 4
2020/3/1, 37, , 40, 3, , 2
2020/1/2, 56, , 33, 10, , 3
2020/1/3, 24, , 26, 22, , 10
2020/1/4, 42, , 30, 20, , 9
2020/1/5, 54, , 34, 12, , 6
2020/1/6, 38, , 34, 7, , 3
2020/1/7, 20, , 25, 23, , 8
2020/1/8, 25, , 26, 17, , 7
2020/1/9, 32, , 29, 12, , 4
2020/1/10, 27, , 29, 17, , 5
2020/1/11, 28, , 24, 15, , 7
2020/1/12, 52, , 31, 13, , 5
2020/1/13, 48, , 33, 15, , 8
2020/1/14, 64, , 30, 17, , 8
2020/1/15, 64, , 31, 19, , 9
2020/1/16, 66, , 33, 13, , 7
2020/1/17, 69, , 27, 12, , 4
2020/1/18, 27, , 34, 12, , 4
2020/1/19, 34, , 31, 14, , 5
2020/1/20, 31, , 21, 20, , 8
2020/1/21, 57, , 32, 8, , 3
2020/1/22, 28, , 25, 17, , 5
2020/1/23, 41, , 30, 16, , 7
2020/1/24, 38, , 27, 13, , 5
2020/1/25, 25, 51, 30, 20, , 6
2020/1/26, 41, 44, 32, 8, , 4
2020/1/27, 82, 38, 34, 3, , 2
2020/1/28, 15, 25, 36, 4, , 2
2020/1/29, 9, 38, 36, 3, , 2
2020/1/30, 16, 38, 34, 7, , 3
2020/1/31, 12, 35, 31, 12, , 4
2020/2/1, 14, , 34, 17, , 6
2019/10/2, 34, 34, 54, 11, 1, 4
2019/10/3, 36, 35, 63, 13, 2, 5
2019/10/4, 52, 35, 59, 15, 1, 5
2019/10/5, 57, 38, 77, 13, 1, 5
2019/10/6, 60, 36, 73, 12, , 5
2019/10/7, 59, 35, 61, 17, , 6
2019/10/8, 54, 34, 49, 14, 2, 5
2019/10/9, 50, 30, 48, 8, 1, 3
2019/10/10, 65, 41, 41, 6, 1, 2
2019/10/11, 57, 45, 49, 15, , 13
2019/10/12, 145, , 61, 16, , 8
2019/10/13, 103, , 57, 11, , 5
2019/10/14, 70, , 51, 8, , 4
2019/10/15, 66, , 51, 13, , 5
2019/10/16, 65, , 40, 17, , 6
2019/10/17, 67, , 48, 10, , 4
2019/10/18, 65, , 41, 8, , 3
2019/10/19, 37, , 44, 11, , 4
2019/10/20, 38, 34, 39, 4, 1, 2
2019/10/21, 37, 29, 45, 14, 1, 5
2019/10/22, 46, 34, 43, 15, 1, 5
2019/10/23, 34, 40, 54, 20, 1, 7
2019/10/24, 42, 46, 40, 9, , 3
2019/10/25, 35, 43, 38, 15, , 5
2019/10/26, 39, , 53, 16, , 7
2019/10/27, 45, , 39, 7, , 3
2019/10/28, 68, , 36, 9, , 2
2019/10/29, 35, , 39, 17, , 6
2019/10/30, 57, , 37, 4, , 2
2019/10/31, 52, , 34, 7, , 2
2019/11/1, 37, , 35, 19, , 8
2019/11/2, 48, , 38, 22, , 9
2019/11/3, 52, , 50, 20, , 9
2019/11/4, 57, , 60, 22, , 8
2019/11/5, 52, , 37, 22, , 8
2019/11/6, 48, , 39, 22, , 8
2019/11/7, 67, , 47, 17, , 6
2019/11/8, 82, , 35, 20, , 8
2019/11/9, 60, , 37, 17, , 6
2019/11/10, 35, , 43, 19, , 7
2019/11/11, 64, , 49, 12, , 5
2019/11/12, 93, , 43, 20, , 9
2019/11/13, 72, , 45, 20, , 8
2019/11/14, 68, , 41, 13, , 5
2019/11/15, 76, , 34, 15, , 5
2019/11/16, 66, , 36, 15, , 7
2019/11/17, 45, , 39, 10, , 3
2019/11/18, 32, , 39, 24, , 7
2019/11/19, 34, , 36, 20, , 6
2019/11/20, 47, , 33, 5, , 2
2019/11/21, 35, , 31, 13, , 3
2019/11/22, 41, , 34, 15, , 6
2019/11/23, 54, , 35, 14, , 5
2019/11/24, 44, , 38, 13, , 4
2019/11/25, 44, , 38, 14, , 5
2019/11/26, 50, , 33, 8, , 3
2019/11/27, 59, , 34, 14, , 4
2019/11/28, 44, , 29, 8, , 3
2019/11/29, 49, , 31, 13, , 5
2019/11/30, 55, , 23, 11, , 6
2019/12/1, 63, , 23, 14, , 6
2019/12/2, 57, , 24, 17, , 10
2019/12/3, 66, , 9, 22, , 10
2019/12/4, 56, , 15, 18, , 6
2019/12/5, 55, , 26, 12, , 7
2019/12/6, 54, , 14, 19, , 7
2019/12/7, 52, , 15, 11, , 4
2019/12/8, 49, , 30, 7, , 3
2019/12/9, 40, , 34, 11, , 4
2019/12/10, 33, , 16, 19, , 11
2019/12/11, 60, , 5, 19, , 12
2019/12/12, 52, , 13, 27, , 11
2019/12/13, 55, , 16, 23, , 11
2019/12/14, 69, , 25, 13, , 5
2019/12/15, 63, , 34, 5, , 2
2019/12/16, 19, , 34, 6, , 3
2019/12/17, 15, , 33, 9, , 4
2019/12/18, 23, , 20, 23, , 10
2019/12/19, 43, , 32, 12, , 4
2019/12/20, 26, , 28, 22, , 8
2019/12/21, 40, , 15, 24, , 14
2019/12/22, 67, , 32, 12, , 9
2019/12/23, 54, , 27, 10, , 4
2019/12/24, 28, , 31, 10, , 7
2019/12/25, 53, , 29, 8, , 6
2019/12/26, 60, , 32, 3, , 2
2019/12/27, 16, , 30, 5, , 2
2019/12/28, 15, , 25, 17, , 7
2019/12/29, 53, , 25, 15, , 10
2019/12/30, 81, , , , , 
2019/7/2, 52, , 59, 7, , 2
2019/7/3, 57, , 54, 6, , 2
2019/7/4, 60, , 47, 4, , 2
2019/7/5, 64, , 53, 6, , 2
2019/7/6, 75, , 55, 4, , 2
2019/7/7, 60, , 47, 3, , 2
2019/7/8, 56, , 45, 4, , 2
2019/7/9, 56, , 52, 4, , 2
2019/7/10, 60, , 48, 8, , 3
2019/7/11, 53, , 61, 10, , 3
2019/7/12, 58, , 79, 10, , 3
2019/7/13, 61, , 72, 8, , 3
2019/7/14, 62, , 65, 4, , 2
2019/7/15, 63, , 68, 8, , 3
2019/7/16, 60, , 58, 9, , 3
2019/7/17, 58, , 46, 6, , 2
2019/7/18, 61, , 31, 5, , 2
2019/7/19, 50, , 33, 5, , 2
2019/7/20, 41, , 49, 4, , 2
2019/7/21, 45, , 40, 6, , 2
2019/7/22, 38, , 60, 7, , 3
2019/7/23, 43, , 54, 8, , 3
2019/7/24, 46, , 63, 8, , 3
2019/7/25, 50, , 63, 11, , 3
2019/7/26, 51, , 63, 10, , 3
2019/7/27, 56, , 74, 10, , 3
2019/7/28, 60, , 69, 6, , 3
2019/7/29, 57, , 75, 7, , 3
2019/7/30, 68, 35, 71, 6, 1, 3
2019/7/31, 71, 33, 62, 6, , 2
2019/8/1, 60, 31, 64, 8, 1, 3
2019/8/2, 49, 32, 69, 12, 1, 4
2019/8/3, 48, 31, 70, 10, 1, 4
2019/8/4, 57, 24, 62, 7, 1, 3
2019/8/5, 52, 17, 72, 9, 1, 3
2019/8/6, 48, , 78, 7, , 3
2019/8/7, 53, 34, 65, 7, 1, 3
2019/8/8, 55, 30, 60, 8, 1, 3
2019/8/9, 51, 35, 44, 9, 1, 3
2019/8/10, 55, 26, 46, 8, 1, 3
2019/8/11, 51, 18, 45, 5, 1, 2
2019/8/12, 43, 27, 55, 7, 1, 3
2019/8/13, 50, 37, 63, 9, 1, 3
2019/8/14, 49, , 60, 13, , 4
2019/8/15, 49, , 69, 12, , 4
2019/8/16, 53, , 52, 8, , 3
2019/8/17, 56, , 46, 4, , 2
2019/8/18, 50, , 38, 3, , 2
2019/8/19, 42, , 48, 5, , 2
2019/8/20, 44, , 60, 9, , 3
2019/8/21, 49, , 73, 12, , 4
2019/8/22, 45, , 64, 13, , 4
2019/8/23, 59, , 61, 5, , 3
2019/8/24, 58, , 40, 6, , 3
2019/8/25, 44, , 47, 5, , 3
2019/8/26, 42, , 58, 10, , 4
2019/8/27, 50, , 46, 9, , 3
2019/8/28, 46, , 48, 6, , 3
2019/8/29, 58, , 50, 8, , 3
2019/8/30, 46, , 56, 11, , 4
2019/8/31, 53, , 66, 8, , 3
2019/9/1, 53, , 81, 7, , 4
2019/9/2, 55, , 51, 6, , 3
2019/9/3, 56, , 42, 9, , 3
2019/9/4, 44, , 30, 12, , 4
2019/9/5, 45, , 52, 10, , 3
2019/9/6, 42, , 51, 8, , 3
2019/9/7, 45, , 45, 9, , 3
2019/9/8, 48, , 40, 5, , 2
2019/9/9, 44, , 49, 8, , 3
2019/9/10, 48, , 40, 4, , 2
2019/9/11, 48, , 54, 7, , 3
2019/9/12, 54, , 55, 11, , 4
2019/9/13, 46, , 65, 12, , 4
2019/9/14, 43, , 89, 13, , 5
2019/9/15, 50, , 63, 13, , 5
2019/9/16, 60, , 41, 10, , 3
2019/9/17, 53, , 46, 8, , 3
2019/9/18, 42, , 42, 9, , 3
2019/9/19, 38, , 38, 6, , 2
2019/9/20, 39, , 45, 9, , 3
2019/9/21, 41, , 59, 10, , 4
2019/9/22, 42, , 51, 11, , 4
2019/9/23, 47, , 47, 11, , 4
2019/9/24, 50, , 52, 12, , 4
2019/9/25, 46, , 59, 13, , 4
2019/9/26, 55, , 35, 3, , 1
2019/9/27, 43, , 33, 2, , 1
2019/9/28, 39, , 29, 2, , 1
2019/9/29, 25, , 41, 4, , 2
2019/9/30, 30, , 38, 8, , 3
2019/10/1, 34, 33, 44, 9, 1, 3
2019/4/2, 36, 26, 45, 10, , 3
2019/4/3, 48, 11, 35, 6, , 2
2019/4/4, 27, 12, 34, 7, , 2
2019/4/5, 23, 10, 33, 6, , 2
2019/4/6, 21, 14, 38, 7, 1, 3
2019/4/7, 37, 24, 41, 8, 1, 3
2019/4/8, 32, 26, 40, 10, , 3
2019/4/9, 33, , 42, 7, , 3
2019/4/10, 27, , 45, 2, , 2
2019/4/11, 13, , 43, 4, , 2
2019/4/12, 17, , 43, 3, , 2
2019/4/13, 25, , 50, 10, , 4
2019/4/14, 36, , 54, 9, , 3
2019/4/15, 37, , 42, 10, , 3
2019/4/16, 39, , 34, 6, , 2
2019/4/17, 39, , 44, 11, , 4
2019/4/18, 36, , 59, 11, , 4
2019/4/19, 41, , 59, 10, , 4
2019/4/20, 57, , 44, 3, , 2
2019/4/21, 53, , 43, 2, , 2
2019/4/22, 39, , 42, 9, , 3
2019/4/23, 40, , 44, 10, , 3
2019/4/24, 37, , 53, 13, , 4
2019/4/25, 66, , 50, 10, , 3
2019/4/26, 61, , 47, 8, , 3
2019/4/27, 63, , 41, 5, , 2
2019/4/28, 67, , 43, 4, , 2
2019/4/29, 59, 16, 33, 3, , 2
2019/4/30, 31, 15, 36, 3, , 1
2019/5/1, 27, 23, 42, 4, , 2
2019/5/2, 36, 33, 41, 7, , 3
2019/5/3, 52, 36, 51, 10, 1, 4
2019/5/4, 62, 39, 59, 5, 1, 2
2019/5/5, 70, 27, 48, 3, , 2
2019/5/6, 50, 13, 34, 2, , 1
2019/5/7, 26, 16, 33, 4, 1, 2
2019/5/8, 28, 16, 34, 4, , 2
2019/5/9, 33, 17, 32, 5, , 2
2019/5/10, 38, 12, 27, 9, , 3
2019/5/11, 32, , 42, 8, , 3
2019/5/12, 40, , 46, 5, , 2
2019/5/13, 48, , 42, 5, , 2
2019/5/14, 58, , 59, 6, , 2
2019/5/15, 67, , 41, 4, , 2
2019/5/16, 59, , 42, 4, , 2
2019/5/17, 39, , 43, 5, , 2
2019/5/18, 32, , 45, 6, , 2
2019/5/19, 47, , 41, 2, , 2
2019/5/20, 28, , 43, 4, , 2
2019/5/21, 20, , 38, 3, , 2
2019/5/22, 34, , 37, 5, , 2
2019/5/23, 21, , 29, 9, , 3
2019/5/24, 43, , 39, 7, , 3
2019/5/25, 37, , 43, 5, , 3
2019/5/26, 43, , 38, 1, , 2
2019/5/27, 26, , 42, 4, , 2
2019/5/28, 24, , 36, 9, , 4
2019/5/29, 41, , 46, 11, , 4
2019/5/30, 46, , 46, 7, , 3
2019/5/31, 56, , 52, 6, , 3
2019/6/1, 70, , 44, 4, , 3
2019/6/2, 53, , 42, 3, , 2
2019/6/3, 48, , 45, 6, , 3
2019/6/4, 49, , 55, 7, , 4
2019/6/5, 68, , 68, 7, , 4
2019/6/6, 71, , 60, 6, , 3
2019/6/7, 65, , 47, 4, , 3
2019/6/8, 62, , 47, 5, , 3
2019/6/9, 53, , 57, 6, , 3
2019/6/10, 55, , 52, 11, , 4
2019/6/11, 52, , 63, 13, , 4
2019/6/12, 49, , 82, 8, , 3
2019/6/13, 59, , 50, 6, , 3
2019/6/14, 66, , 46, 5, , 3
2019/6/15, 62, , 55, 5, , 3
2019/6/16, 56, , 48, 3, , 2
2019/6/17, 59, , 41, 5, , 3
2019/6/18, 42, , 42, 5, , 3
2019/6/19, 54, , 52, 5, , 2
2019/6/20, 53, , 44, 4, , 2
2019/6/21, 53, , 30, 4, , 2
2019/6/22, 32, , 38, 3, , 2
2019/6/23, 39, , 49, 4, , 2
2019/6/24, 44, , 44, 4, , 2
2019/6/25, 43, , 43, 5, , 2
2019/6/26, 57, , 46, 5, , 3
2019/6/27, 52, , 44, 6, , 3
2019/6/28, 49, , 46, 6, , 2
2019/6/29, 54, , 50, 8, , 3
2019/6/30, 49, , 55, 7, , 3
2019/7/1, 48, , 52, 8, , 3
2019/1/2, 16, , 32, 7, , 1
2019/1/3, 17, , 13, 26, , 9
2019/1/4, 37, , 20, 26, , 12
2019/1/5, 64, , 23, 21, , 10
2019/1/6, 72, , 31, 7, , 3
2019/1/7, 37, , 25, 10, , 4
2019/1/8, 30, , 20, 18, , 10
2019/1/9, 48, , 26, 15, , 9
2019/1/10, 52, , 25, 15, , 6
2019/1/11, 34, , 19, 19, , 6
2019/1/12, 63, , 28, 8, , 3
2019/1/13, 25, , 22, 17, , 7
2019/1/14, 53, , 21, 16, , 6
2019/1/15, 48, , 28, 13, , 5
2019/1/16, 43, , 22, 10, , 3
2019/1/17, 28, , 26, 5, , 2
2019/1/18, 22, , 25, 13, , 5
2019/1/19, 47, , 33, 13, , 5
2019/1/20, 30, , 26, 8, , 7
2019/1/21, 33, , 35, 4, , 2
2019/1/22, 13, , 34, 3, , 2
2019/1/23, 16, , 32, 16, , 5
2019/1/24, 22, , 34, 12, , 4
2019/1/25, 20, , 36, 10, , 3
2019/1/26, 17, , 38, 6, , 2
2019/1/27, 14, , 38, 18, , 6
2019/1/28, 26, , 19, 30, , 10
2019/1/29, 53, , 35, 25, , 9
2019/1/30, 57, , 24, 21, , 7
2019/1/31, 56, , 25, 17, , 6
2019/2/1, 44, , 28, 11, , 6
2019/2/2, 39, , 33, 6, , 2
2019/2/3, 21, , 31, 5, , 2
2019/2/4, 22, , 34, 3, , 2
2019/2/5, 14, , 35, 5, , 2
2019/2/6, 15, , 35, 5, , 2
2019/2/7, 19, , 33, 16, , 5
2019/2/8, 33, , 35, 18, , 7
2019/2/9, 48, , 34, 12, , 5
2019/2/10, 45, 12, 36, 8, , 4
2019/2/11, 37, 18, 36, 10, , 3
2019/2/12, 23, 26, 27, 23, 1, 9
2019/2/13, 52, 20, 31, 18, 1, 7
2019/2/14, 39, 10, 33, 5, , 3
2019/2/15, 17, 22, 34, 10, , 4
2019/2/16, 31, , 35, 6, , 3
2019/2/17, 21, , 36, 5, , 2
2019/2/18, 20, , 35, 4, , 2
2019/2/19, 18, , 35, 10, , 4
2019/2/20, 29, , 29, 17, , 5
2019/2/21, 44, , 30, 10, , 3
2019/2/22, 27, , 35, 10, , 4
2019/2/23, 31, , 39, 14, , 6
2019/2/24, 46, , 39, 16, , 5
2019/2/25, 47, , 36, 18, , 7
2019/2/26, 55, , 38, 15, , 6
2019/2/27, 54, , 30, 11, , 4
2019/2/28, 53, , 28, 6, , 3
2019/3/1, 31, , 28, 5, , 3
2019/3/2, 31, , 27, 4, , 2
2019/3/3, 27, , 31, 3, , 2
2019/3/4, 21, , 32, 6, , 3
2019/3/5, 18, , 27, 14, , 4
2019/3/6, 40, , 27, 9, , 3
2019/3/7, 29, , 36, 4, , 2
2019/3/8, 19, , 38, 7, , 3
2019/3/9, 26, , 38, 10, , 4
2019/3/10, 39, , 37, 13, , 5
2019/3/11, 48, , 37, 10, , 5
2019/3/12, 32, , 39, 3, , 2
2019/3/13, 32, , 40, 3, , 2
2019/3/14, 21, , 41, 2, , 2
2019/3/15, 18, , 40, 5, , 2
2019/3/16, 9, , 44, 10, , 3
2019/3/17, 21, , 49, 13, , 4
2019/3/18, 30, , 55, 14, , 5
2019/3/19, 47, , 40, 14, , 4
2019/3/20, 60, , 38, 6, , 3
2019/3/21, 34, , 40, 7, , 3
2019/3/22, 25, , 30, 10, , 4
2019/3/23, 35, , 33, 7, , 3
2019/3/24, 37, , 48, 8, , 4
2019/3/25, 50, , 53, 8, , 3
2019/3/26, 45, , 41, 10, , 4
2019/3/27, 51, , 29, 6, , 2
2019/3/28, 26, , 38, 6, , 3
2019/3/29, 24, , 43, 5, , 2
2019/3/30, 31, 35, 45, 5, , 2
2019/3/31, 31, 32, 52, 6, , 3
2019/4/1, 22, , 53, 15, , 5
2018/10/2, 30, , 33, 6, , 1
2018/10/3, 34, , 26, 5, , 
2018/10/4, 29, , 25, 4, , 1
2018/10/5, 22, , 37, 8, , 1
2018/10/6, 36, , 45, 10, , 2
2018/10/7, 50, , 40, 7, , 1
2018/10/8, 50, , 43, 10, , 3
2018/10/9, 49, , 41, 5, , 1
2018/10/10, 51, , 41, 4, , 1
2018/10/11, 39, , 40, 7, , 1
2018/10/12, 36, , 44, 8, , 2
2018/10/13, 34, , 35, 5, , 1
2018/10/14, 37, , 41, 6, , 1
2018/10/15, 43, , 43, 5, , 1
2018/10/16, 21, , 38, 7, , 1
2018/10/17, 17, , 41, 17, , 5
2018/10/18, 35, , 42, 17, , 4
2018/10/19, 30, , 43, 10, , 2
2018/10/20, 21, , 49, 14, , 3
2018/10/21, 24, , 56, 16, , 4
2018/10/22, 44, , 52, 11, , 3
2018/10/23, 72, , 50, 13, , 4
2018/10/24, 60, , 46, 18, , 5
2018/10/25, 63, , 61, 19, , 6
2018/10/26, 63, 42, 62, 19, , 5
2018/10/27, 53, 41, 70, 19, 1, 5
2018/10/28, 46, 44, 72, 18, 1, 6
2018/10/29, 62, 53, 73, 19, 1, 6
2018/10/30, 73, 39, 40, 15, , 4
2018/10/31, 69, 44, 39, 8, 1, 1
2018/11/1, 19, 44, 33, 19, 1, 5
2018/11/2, 26, , 41, 14, , 4
2018/11/3, 29, 38, 46, 22, 1, 5
2018/11/4, 43, 36, 57, 21, 1, 7
2018/11/5, 50, 33, 44, 18, 1, 5
2018/11/6, 59, 30, 39, 9, , 2
2018/11/7, 59, 34, 42, 13, , 3
2018/11/8, 60, 42, 40, 9, 1, 2
2018/11/9, 46, 43, 42, 6, 1, 1
2018/11/10, 24, , 45, 22, , 12
2018/11/11, 98, , 39, 11, , 8
2018/11/12, 76, , 38, 4, , 
2018/11/13, 15, , 38, 3, , 
2018/11/14, 20, , 36, 13, , 2
2018/11/15, 25, , 28, 21, , 5
2018/11/16, 36, , 26, 25, , 8
2018/11/17, 48, , 33, 24, , 10
2018/11/18, 67, , 40, 21, , 10
2018/11/19, 81, , 19, 26, , 12
2018/11/20, 63, , 34, 21, , 9
2018/11/21, 55, , 32, 16, , 6
2018/11/22, 61, , 31, 6, , 2
2018/11/23, 42, , 31, 9, , 6
2018/11/24, 56, 29, 26, 13, , 4
2018/11/25, 50, 26, 31, 10, , 5
2018/11/26, 44, 21, 33, 8, 1, 2
2018/11/27, 18, 26, 27, 21, 1, 7
2018/11/28, 31, 27, 27, 16, 1, 5
2018/11/29, 54, 11, 32, 5, , 1
2018/11/30, 23, 10, 29, 6, , 2
2018/12/1, 20, , 32, 7, , 2
2018/12/2, 25, , 34, 7, , 1
2018/12/3, 21, , 30, 17, , 5
2018/12/4, 40, , 30, 20, , 7
2018/12/5, 41, , 26, 17, , 4
2018/12/6, 27, , 24, 4, , 1
2018/12/7, 17, , 29, 4, , 1
2018/12/8, 21, , 29, 15, , 7
2018/12/9, 48, , 29, 14, , 7
2018/12/10, 58, , 12, 22, , 9
2018/12/11, 50, , 29, 15, , 8
2018/12/12, 41, , 19, 22, , 9
2018/12/13, 66, , 26, 17, , 10
2018/12/14, 56, , 5, 28, , 15
2018/12/15, 65, , 26, 19, , 12
2018/12/16, 62, , 25, 19, , 10
2018/12/17, 76, , 23, 15, , 6
2018/12/18, 58, , 22, 15, , 6
2018/12/19, 39, , 24, 19, , 10
2018/12/20, 49, , 26, 20, , 10
2018/12/21, 46, , 17, 27, , 11
2018/12/22, 68, 45, 23, 24, 1, 13
2018/12/23, 86, 51, 22, 21, 1, 12
2018/12/24, 96, 49, 27, 17, 1, 10
2018/12/25, 92, 15, 34, 2, , 1
2018/12/26, 24, 25, 32, 7, 1, 2
2018/12/27, 13, 27, 31, 13, 1, 4
2018/12/28, 30, , 33, 4, , 1
2018/12/29, 17, , 33, 6, , 1
2018/12/30, 13, , 24, 23, , 8
2018/12/31, 56, , , , , 
2018/7/2, 55, , 42, 5, , 
2018/7/3, 50, , 48, 5, , 
2018/7/4, 60, , 52, 4, , 
2018/7/5, 67, , 55, 8, , 2
2018/7/6, 66, , 59, 12, , 4
2018/7/7, 49, , 93, 10, , 3
2018/7/8, 68, , 67, 7, , 2
2018/7/9, 66, , 55, 10, , 2
2018/7/10, 72, , 46, 10, , 1
2018/7/11, 72, , 40, 6, , 1
2018/7/12, 59, , 40, 6, , 
2018/7/13, 59, , 48, 7, , 
2018/7/14, 59, , 53, 6, , 
2018/7/15, 60, , 44, 5, , 
2018/7/16, 57, , 44, 6, , 
2018/7/17, 67, , 55, 5, , 7
2018/7/18, 68, , 64, 7, , 2
2018/7/19, 73, , 54, 7, , 2
2018/7/20, 66, , 36, 6, , 1
2018/7/21, 55, , 39, 4, , 
2018/7/22, 50, , 40, 5, , 
2018/7/23, 48, , 70, 10, , 2
2018/7/24, 62, , 92, 12, , 2
2018/7/25, 70, , 90, 10, , 2
2018/7/26, 79, , 81, 10, , 2
2018/7/27, 89, , 70, 6, , 1
2018/7/28, 77, , 65, 7, , 1
2018/7/29, 77, , 49, 6, , 1
2018/7/30, 63, , 38, 7, , 1
2018/7/31, 59, , 47, 8, , 1
2018/8/1, 57, , 51, 7, , 1
2018/8/2, 55, , 41, 7, , 1
2018/8/3, 61, , 47, 8, , 1
2018/8/4, 58, , 51, 10, , 2
2018/8/5, 63, , 64, 8, , 2
2018/8/6, 70, , 84, 13, , 3
2018/8/7, 68, , 99, 15, , 3
2018/8/8, 79, , 51, 11, , 1
2018/8/9, 54, , 57, 12, , 2
2018/8/10, 55, , 41, 9, , 1
2018/8/11, 49, , 27, 6, , 1
2018/8/12, 57, , 36, 5, , 
2018/8/13, 61, , 37, 7, , 1
2018/8/14, 58, , 38, 6, , 
2018/8/15, 58, , 44, 6, , 
2018/8/16, 59, , 50, 8, , 1
2018/8/17, 66, , 54, 5, , 1
2018/8/18, 79, , 56, 5, , 1
2018/8/19, 78, , 59, 4, , 1
2018/8/20, 79, , 57, 6, , 1
2018/8/21, 81, , 56, 5, , 1
2018/8/22, 84, , 53, 5, , 1
2018/8/23, 75, , 54, 7, , 2
2018/8/24, 78, , 63, 8, , 3
2018/8/25, 96, , 67, 7, , 3
2018/8/26, 107, , 61, 4, , 2
2018/8/27, 89, , 67, 5, , 1
2018/8/28, 86, , 56, 8, , 1
2018/8/29, 67, , 45, 9, , 2
2018/8/30, 52, , 52, 10, , 2
2018/8/31, 40, , 83, 13, , 3
2018/9/1, 63, , 64, 10, , 2
2018/9/2, 64, , 52, 3, , 1
2018/9/3, 64, , 48, 3, , 1
2018/9/4, 56, , 51, 4, , 1
2018/9/5, 51, , 51, 4, , 1
2018/9/6, 48, , 55, 6, , 1
2018/9/7, 48, , 75, 9, , 2
2018/9/8, 53, , 75, 11, , 3
2018/9/9, 58, , 65, 10, , 3
2018/9/10, 60, , 58, 7, , 1
2018/9/11, 65, , 62, 7, , 1
2018/9/12, 64, , 63, 6, , 1
2018/9/13, 57, , 59, 10, , 2
2018/9/14, 54, , 46, 10, , 2
2018/9/15, 28, , 44, 11, , 2
2018/9/16, 42, , 44, 8, , 2
2018/9/17, 29, , 48, 10, , 2
2018/9/18, 26, , 54, 11, , 2
2018/9/19, 33, , 64, 12, , 3
2018/9/20, 49, , 64, 14, , 3
2018/9/21, 63, , 63, 11, , 2
2018/9/22, 58, , 61, 11, , 3
2018/9/23, 51, , 57, 8, , 2
2018/9/24, 54, , 48, 5, , 1
2018/9/25, 55, , 47, 7, , 1
2018/9/26, 59, , 66, 11, , 3
2018/9/27, 58, , 79, 12, , 3
2018/9/28, 60, , 57, 10, , 2
2018/9/29, 74, , 47, 6, , 1
2018/9/30, 53, , 38, 9, , 2
2018/10/1, 40, , 32, 10, , 2
2018/4/2, 86, , 45, 6, , 
2018/4/3, 76, , 44, 10, , 1
2018/4/4, 67, , 50, 11, , 2
2018/4/5, 73, 39, 45, 9, 1, 1
2018/4/6, 104, 35, 42, 11, 1, 2
2018/4/7, 66, 21, 21, 8, 1, 
2018/4/8, 54, 29, 44, 5, , 
2018/4/9, 57, 38, 56, 12, 1, 2
2018/4/10, 56, 46, 61, 16, 1, 3
2018/4/11, 60, 45, 44, 13, 1, 3
2018/4/12, 63, , 46, 3, , 
2018/4/13, 43, , 46, 4, , 
2018/4/14, 43, , 63, 11, , 1
2018/4/15, 52, , 55, 10, , 1
2018/4/16, 61, , 42, 7, , 1
2018/4/17, 57, , 47, 4, , 
2018/4/18, 37, , 56, 11, , 1
2018/4/19, 47, , 39, 6, , 
2018/4/20, 47, , 45, 8, , 1
2018/4/21, 62, , 56, 11, , 3
2018/4/22, 59, , 62, 12, , 3
2018/4/23, 67, , 56, 12, , 2
2018/4/24, 80, , 53, 12, , 2
2018/4/25, 77, , 52, 9, , 1
2018/4/26, 86, , 47, 7, , 
2018/4/27, 72, , 45, 6, , 
2018/4/28, 72, , 45, 8, , 1
2018/4/29, 64, , 45, 6, , 
2018/4/30, 58, , 40, 5, , 
2018/5/1, 59, , 39, 8, , 
2018/5/2, 64, , 37, 7, , 
2018/5/3, 67, , 44, 8, , 1
2018/5/4, 65, , 63, 12, , 2
2018/5/5, 64, , 64, 9, , 1
2018/5/6, 60, , 60, 7, , 1
2018/5/7, 57, , 56, 11, , 1
2018/5/8, 64, , 80, 13, , 2
2018/5/9, 78, , 66, 10, , 
2018/5/10, 83, , 56, 10, , 
2018/5/11, 82, , 33, 5, , 
2018/5/12, 67, , 40, 3, , 
2018/5/13, 58, , 41, 2, , 
2018/5/14, 58, , 39, 5, , 
2018/5/15, 62, , 43, 6, , 
2018/5/16, 62, , 45, 6, , 
2018/5/17, 56, , 45, 8, , 1
2018/5/18, 57, , 42, 5, , 
2018/5/19, 71, , 46, 7, , 
2018/5/20, 78, , 41, 3, , 
2018/5/21, 70, , 36, 4, , 
2018/5/22, 64, , 39, 5, , 
2018/5/23, 64, , 43, 5, , 
2018/5/24, 62, , 40, 4, , 
2018/5/25, 59, , 35, 3, , 2
2018/5/26, 49, , 35, 5, , 3
2018/5/27, 53, , 42, 7, , 4
2018/5/28, 70, , 53, 5, , 3
2018/5/29, 74, , 42, 5, , 2
2018/5/30, 90, , 34, 5, , 2
2018/5/31, 62, , 41, 3, , 2
2018/6/1, 57, , 51, 9, , 4
2018/6/2, 66, , 59, 11, , 4
2018/6/3, 69, , 73, 9, , 4
2018/6/4, 76, , 67, 8, , 3
2018/6/5, 84, , 49, 6, , 2
2018/6/6, 85, , 50, 5, , 2
2018/6/7, 77, , 63, 9, , 3
2018/6/8, 77, , 75, 11, , 4
2018/6/9, 70, , 55, 10, , 4
2018/6/10, 74, , 53, 7, , 3
2018/6/11, 66, , 63, 11, , 4
2018/6/12, 68, , 58, 12, , 4
2018/6/13, 74, , 68, 10, , 3
2018/6/14, 74, , 61, 7, , 2
2018/6/15, 70, , 51, 9, , 2
2018/6/16, 73, , 35, 3, , 
2018/6/17, 70, , 38, 2, , 1
2018/6/18, 61, , 38, 3, , 1
2018/6/19, 68, , 54, 6, , 1
2018/6/20, 75, , 79, 9, , 1
2018/6/21, 91, , 79, 7, , 1
2018/6/22, 111, , 87, 7, , 1
2018/6/23, 99, , 49, 6, , 
2018/6/24, 94, , 47, 4, , 
2018/6/25, 74, , 48, 5, , 1
2018/6/26, 67, , 58, 5, , 1
2018/6/27, 63, , 50, 7, , 1
2018/6/28, 66, , 54, 6, , 1
2018/6/29, 74, , 49, 6, , 1
2018/6/30, 71, , 45, 4, , 
2018/7/1, 63, , 44, 3, , 
2018/1/2, 130, , 23, 27, , 12
2018/1/3, 83, , 6, 32, , 17
2018/1/4, 61, , 19, 25, , 11
2018/1/5, 63, , 23, 12, , 4
2018/1/6, 53, , 20, 15, , 4
2018/1/7, 56, , 31, 15, , 6
2018/1/8, 73, , 12, 19, , 6
2018/1/9, 63, , 31, 9, , 3
2018/1/10, 45, , 27, 14, , 6
2018/1/11, 61, , 23, 19, , 7
2018/1/12, 76, , 31, 12, , 7
2018/1/13, 61, , 35, 11, , 1
2018/1/14, 39, , 35, 15, , 3
2018/1/15, 40, , 26, 23, , 6
2018/1/16, 58, , 23, 29, , 6
2018/1/17, 77, , 27, 22, , 9
2018/1/18, 63, , 25, 28, , 8
2018/1/19, 64, , 24, 18, , 5
2018/1/20, 69, , 33, 4, , 3
2018/1/21, 38, , 32, 9, , 1
2018/1/22, 45, , 34, 7, , 1
2018/1/23, 44, , 32, 12, , 2
2018/1/24, 39, , 29, 22, , 5
2018/1/25, 45, , 32, 17, , 4
2018/1/26, 46, , 35, 9, , 1
2018/1/27, 35, , 36, 9, , 2
2018/1/28, 31, , 34, 2, , 
2018/1/29, 25, , 31, 7, , 1
2018/1/30, 26, , 20, 26, , 7
2018/1/31, 43, , 24, 28, , 9
2018/2/1, 56, , 35, 30, , 8
2018/2/2, 63, , 37, 28, , 7
2018/2/3, 67, , 42, 26, , 6
2018/2/4, 63, , 40, 21, , 6
2018/2/5, 51, , 41, 28, , 5
2018/2/6, 69, , 37, 26, , 5
2018/2/7, 97, , 36, 18, , 5
2018/2/8, 55, , 34, 23, , 6
2018/2/9, 36, , 36, 26, , 6
2018/2/10, 61, , 35, 11, , 
2018/2/11, 89, , 41, 10, , 1
2018/2/12, 67, , 36, 8, , 1
2018/2/13, 49, , 35, 15, , 2
2018/2/14, 47, , 33, 18, , 2
2018/2/15, 52, , 38, 12, , 2
2018/2/16, 39, , 37, 17, , 5
2018/2/17, 37, , 43, 19, , 7
2018/2/18, 49, , 45, 16, , 5
2018/2/19, 52, , 36, 4, , 2
2018/2/20, 34, , 35, 8, , 3
2018/2/21, 36, , 38, 19, , 7
2018/2/22, 42, , 34, 19, , 8
2018/2/23, 56, , 36, 9, , 3
2018/2/24, 44, , 40, 12, , 4
2018/2/25, 38, , 40, 9, , 4
2018/2/26, 43, , 39, 16, , 6
2018/2/27, 50, , 35, 10, , 4
2018/2/28, 41, , 34, 17, , 5
2018/3/1, 58, 1, 35, 14, 22, 5
2018/3/2, 59, , 25, 9, , 3
2018/3/3, 47, , 35, 8, , 3
2018/3/4, 43, , 37, 11, , 5
2018/3/5, 53, , 40, 7, , 4
2018/3/6, 31, , 41, 13, , 6
2018/3/7, 31, , 29, 23, , 9
2018/3/8, 45, , 23, 22, , 9
2018/3/9, 50, , 34, 20, , 5
2018/3/10, 66, , 22, 9, , 1
2018/3/11, 77, , 25, 7, , 1
2018/3/12, 50, , 33, 10, , 2
2018/3/13, 59, , 20, 9, , 3
2018/3/14, 54, , 36, 3, , 
2018/3/15, 39, , 40, 6, , 1
2018/3/16, 33, , 33, 7, , 2
2018/3/17, 42, , 36, 6, , 1
2018/3/18, 39, , 37, 9, , 1
2018/3/19, 50, , 40, 13, , 1
2018/3/20, 49, , 37, 16, , 2
2018/3/21, 53, , 27, 15, , 1
2018/3/22, 57, , 21, 10, , 2
2018/3/23, 57, , 39, 7, , 
2018/3/24, 49, , 40, 8, , 
2018/3/25, 52, , 40, 7, , 
2018/3/26, 50, , 41, 4, , 1
2018/3/27, 35, , 41, 5, , 1
2018/3/28, 32, , 38, 17, , 4
2018/3/29, 59, , 54, 17, , 4
2018/3/30, 66, , 63, 17, , 3
2018/3/31, 68, , 56, 14, , 2
2018/4/1, 66, , 46, 7, , 
2017/10/2, 80, , 50, 9, , 5
2017/10/3, 72, , 41, 11, , 5
2017/10/4, 71, , 49, 14, , 7
2017/10/5, 66, , 62, 18, , 9
2017/10/6, 66, , 56, 21, , 10
2017/10/7, 59, , 64, 20, , 11
2017/10/8, 58, , 62, 17, , 8
2017/10/9, 73, , 37, 11, , 5
2017/10/10, 60, , 47, 16, , 9
2017/10/11, 54, , 45, 17, , 8
2017/10/12, 70, , 49, 14, , 6
2017/10/13, 84, , 56, 17, , 8
2017/10/14, 86, , 50, 17, , 9
2017/10/15, 78, , 46, 20, , 9
2017/10/16, 56, , 50, 18, , 10
2017/10/17, 55, , 47, 23, , 10
2017/10/18, 58, , 64, 23, , 10
2017/10/19, 82, , 57, 16, , 6
2017/10/20, 99, , 36, 8, , 3
2017/10/21, 66, , 39, 5, , 4
2017/10/22, 47, , 36, 10, , 6
2017/10/23, 48, , 38, 9, , 5
2017/10/24, 45, , 33, 3, , 4
2017/10/25, 39, , 45, 15, , 7
2017/10/26, 42, , 51, 24, , 9
2017/10/27, 58, , 62, 29, , 11
2017/10/28, 67, , 53, 25, , 10
2017/10/29, 80, , 55, 13, , 6
2017/10/30, 115, , 39, 6, , 3
2017/10/31, 65, , 32, 8, , 3
2017/11/1, 64, , 36, 8, , 4
2017/11/2, 61, , 34, 6, , 4
2017/11/3, 51, , 35, 9, , 5
2017/11/4, 54, , 33, 7, , 5
2017/11/5, 51, , 30, 6, , 4
2017/11/6, 42, , 32, 12, , 5
2017/11/7, 47, , 28, 15, , 6
2017/11/8, 48, , 27, 12, , 5
2017/11/9, 46, , 27, 7, , 4
2017/11/10, 45, , 28, 14, , 7
2017/11/11, 55, , 39, 12, , 7
2017/11/12, 63, , 34, 19, , 9
2017/11/13, 78, , 40, 23, , 10
2017/11/14, 69, , 30, 20, , 10
2017/11/15, 58, , 24, 27, , 11
2017/11/16, 57, , 25, 20, , 8
2017/11/17, 56, , 26, 10, , 4
2017/11/18, 45, , 36, 14, , 5
2017/11/19, 50, , 39, 18, , 8
2017/11/20, 48, , 32, 24, , 9
2017/11/21, 52, , 30, 26, , 10
2017/11/22, 47, , 26, 21, , 9
2017/11/23, 43, , 33, 17, , 9
2017/11/24, 51, , 38, 24, , 13
2017/11/25, 67, , 48, 24, , 12
2017/11/26, 69, , 51, 19, , 10
2017/11/27, 90, , 36, 10, , 4
2017/11/28, 57, , 33, 22, , 8
2017/11/29, 45, , 33, 27, , 10
2017/11/30, 55, , 27, 27, , 11
2017/12/1, 65, , 30, 25, , 10
2017/12/2, 62, , 32, 20, , 9
2017/12/3, 65, , 35, 17, , 9
2017/12/4, 73, , 34, 9, , 5
2017/12/5, 40, , 34, 4, , 5
2017/12/6, 65, , 35, 4, , 4
2017/12/7, 38, , 35, 6, , 4
2017/12/8, 23, , 32, 11, , 5
2017/12/9, 33, , 33, 9, , 4
2017/12/10, 25, , 33, 9, , 5
2017/12/11, 25, , 28, 21, , 8
2017/12/12, 38, , 30, 16, , 8
2017/12/13, 31, , 24, 27, , 11
2017/12/14, 41, , 37, 18, , 11
2017/12/15, 68, , 39, 25, , 10
2017/12/16, 72, , 34, 23, , 10
2017/12/17, 94, , 34, 2, , 3
2017/12/18, 33, , 34, 16, , 6
2017/12/19, 35, , 24, 30, , 11
2017/12/20, 73, , 32, 17, , 8
2017/12/21, 59, , 35, 9, , 4
2017/12/22, 29, , 24, 29, , 9
2017/12/23, 51, , 19, 31, , 13
2017/12/24, 70, , 30, 24, , 14
2017/12/25, 94, , 28, 29, , 15
2017/12/26, 134, , 25, 34, , 18
2017/12/27, 144, , 14, 32, , 18
2017/12/28, 83, , 27, 26, , 15
2017/12/29, 59, , 31, 27, , 14
2017/12/30, 59, , 28, 29, , 13
2017/12/31, 81, , 23, 25, , 12
2018/1/1, 112, , 39, 22, , 12
2017/7/2, 107, , 54, , , 
2017/7/6, 66, , 81, 10, , 4
2017/7/7, 69, , 110, 14, , 4
2017/7/8, 71, , 106, 13, , 4
2017/7/9, 78, , 54, 5, , 1
2017/7/10, 69, , 46, 8, , 2
2017/7/11, 70, , 34, 6, , 2
2017/7/12, 53, , 34, 6, , 2
2017/7/13, 54, , 47, , , 3
2017/7/14, 62, , 53, , , 3
2017/7/15, 65, , 88, , , 4
2017/7/16, 76, , 65, , , 3
2017/7/17, 83, , 45, , , 3
2017/7/18, 73, , 57, , , 3
2017/7/19, 70, , 68, , , 3
2017/7/20, 69, , 53, , , 4
2017/7/21, 76, , 52, 5, , 5
2017/7/22, 80, , 83, 6, , 4
2017/7/23, 81, , 71, 4, , 3
2017/7/24, 77, , 45, 6, , 3
2017/7/25, 71, , 39, 5, , 3
2017/7/26, 66, , 34, 5, , 3
2017/7/27, 60, , 57, 8, , 2
2017/7/28, 62, , 54, 8, , 2
2017/7/29, 74, , 58, 7, , 2
2017/7/30, 74, , 57, 4, , 2
2017/7/31, 81, , 77, 7, , 2
2017/8/1, 79, , 76, 11, , 3
2017/8/2, 81, , 76, 10, , 3
2017/8/3, 78, , 73, 8, , 3
2017/8/4, 79, , 53, 7, , 1
2017/8/5, 67, , 60, 5, , 
2017/8/6, 68, , 59, 5, , 
2017/8/7, 73, , 64, 7, , 1
2017/8/8, 66, , 57, 11, , 2
2017/8/9, 71, , 50, 9, , 2
2017/8/10, 76, , 67, 9, , 2
2017/8/11, 75, , 75, 10, , 3
2017/8/12, 73, , 77, 8, , 2
2017/8/13, 78, , 69, 5, , 2
2017/8/14, 88, , 55, 5, , 1
2017/8/15, 76, , 36, 4, , 1
2017/8/16, 58, , 54, 3, , 2
2017/8/17, 63, , 45, 7, , 4
2017/8/18, 66, , 51, 9, , 3
2017/8/19, 67, , 46, 5, , 2
2017/8/20, 67, , 52, 4, , 2
2017/8/21, 65, , 46, 5, , 3
2017/8/22, 63, , 59, 10, , 4
2017/8/23, 67, , 52, 6, , 3
2017/8/24, 68, , 60, 6, , 3
2017/8/25, 85, , 72, 8, , 4
2017/8/26, 94, , 74, 10, , 5
2017/8/27, 83, , 60, 8, , 4
2017/8/28, 68, , 56, 14, , 6
2017/8/29, 70, , 93, 17, , 7
2017/8/30, 71, , 93, 14, , 6
2017/8/31, 78, , 72, 16, , 6
2017/9/1, 74, , 71, 17, , 6
2017/9/2, 71, , 83, 16, , 7
2017/9/3, 77, , 50, 13, , 5
2017/9/4, 67, , 38, 4, , 2
2017/9/5, 61, , 9, 1, , 4
2017/9/6, 76, , , , , 
2017/9/10, 61, , 54, 8, , 5
2017/9/11, 66, , 60, 10, , 5
2017/9/12, 67, , 43, 9, , 3
2017/9/13, 64, , 35, 6, , 1
2017/9/14, 63, , 34, 6, , 2
2017/9/15, 57, , 44, 6, , 2
2017/9/16, 58, , 51, 9, , 3
2017/9/17, 65, , 49, 5, , 2
2017/9/18, 66, , 44, 7, , 2
2017/9/19, 71, , 42, 6, , 3
2017/9/20, 76, , 40, 8, , 5
2017/9/21, 71, , 30, 6, , 3
2017/9/22, 60, , 40, 10, , 4
2017/9/23, 61, , 44, 11, , 5
2017/9/24, 57, , 47, 11, , 6
2017/9/25, 55, , 42, 8, , 4
2017/9/26, 36, , 53, 19, , 9
2017/9/27, 56, , 48, 18, , 9
2017/9/28, 56, , 52, 18, , 9
2017/9/29, 55, , 55, 22, , 10
2017/9/30, 63, , 65, 18, , 8
2017/10/1, 90, , 52, 6, , 4
2017/4/2, 56, , 45, 12, , 2
2017/4/3, 60, , 38, 8, , 
2017/4/4, 74, , 51, 10, , 1
2017/4/5, 79, , 61, 15, , 2
2017/4/6, 69, , 46, 15, , 3
2017/4/7, 65, , 51, 8, , 
2017/4/8, 61, , 44, 3, , 
2017/4/9, 47, , 48, 4, , 
2017/4/10, 39, , 59, 12, , 1
2017/4/11, 45, , 55, 14, , 2
2017/4/12, 61, , 38, 10, , 1
2017/4/13, 53, , 38, 4, , 
2017/4/14, 37, , 46, 5, , 
2017/4/15, 40, , 65, 13, , 1
2017/4/16, 50, , 58, 11, , 2
2017/4/17, 54, , 34, 8, , 1
2017/4/18, 41, , 23, 5, , 
2017/4/19, 30, , 42, 5, , 
2017/4/20, 42, , 48, 9, , 1
2017/4/21, 47, , 59, 7, , 1
2017/4/22, 39, , 71, 13, , 2
2017/4/23, 52, , 50, 11, , 1
2017/4/24, 58, , 43, 7, , 
2017/4/25, 57, , 48, 2, , 
2017/4/26, 31, , 46, 4, , 
2017/4/27, 36, , 47, 2, , 
2017/4/28, 41, , 52, 2, , 
2017/4/29, 44, , 48, 2, , 
2017/4/30, 38, , 62, 9, , 2
2017/5/1, 48, , 76, 14, , 1
2017/5/2, 57, , 76, 12, , 1
2017/5/3, 62, , 77, 12, , 
2017/5/4, 67, , 65, 11, , 1
2017/5/5, 64, , 42, 8, , 
2017/5/6, 82, , 38, 3, , 
2017/5/7, 54, , 40, 4, , 1
2017/5/8, 41, , 44, 9, , 1
2017/5/9, 53, , 37, 10, , 
2017/5/10, 65, , 38, 6, , 
2017/5/11, 55, , 39, 6, , 
2017/5/12, 58, , 43, 8, , 
2017/5/13, 64, , 47, 3, , 
2017/5/14, 45, , 49, 5, , 
2017/5/15, 61, , 43, 4, , 
2017/5/16, 50, , 40, 7, , 
2017/5/17, 52, , 41, 8, , 3
2017/5/18, 58, , 41, 9, , 4
2017/5/19, 57, , 49, 11, , 5
2017/5/20, 48, , 60, 9, , 4
2017/5/21, 48, , 70, 10, , 5
2017/5/22, 59, , 75, 11, , 4
2017/5/23, 66, , 64, 10, , 3
2017/5/24, 64, , 50, 10, , 3
2017/5/25, 65, , 41, 4, , 2
2017/5/26, 53, , 39, 2, , 2
2017/5/27, 43, , 42, 4, , 2
2017/5/28, 49, , 65, 6, , 4
2017/5/29, 67, , 54, 5, , 2
2017/5/30, 65, , 55, 5, , 2
2017/5/31, 77, , 49, 6, , 2
2017/6/1, 79, , 55, 5, , 2
2017/6/2, 71, , 72, 9, , 3
2017/6/3, 68, , 79, 7, , 2
2017/6/4, 79, , 66, 5, , 2
2017/6/5, 72, , 61, 7, , 2
2017/6/6, 72, , 52, 6, , 2
2017/6/7, 84, , 54, 5, , 2
2017/6/8, 71, , 41, 4, , 3
2017/6/9, 57, , 30, 6, , 2
2017/6/10, 46, , 34, 4, , 1
2017/6/11, 44, , 36, 2, , 1
2017/6/12, 48, , 39, 5, , 3
2017/6/13, 39, , 58, 10, , 4
2017/6/14, 46, , 77, 12, , 5
2017/6/15, 59, , 74, 13, , 4
2017/6/16, 69, , 85, 13, , 4
2017/6/17, 69, , 91, 10, , 3
2017/6/18, 67, , 69, 7, , 3
2017/6/19, 57, , 68, 9, , 4
2017/6/20, 60, , 84, 11, , 3
2017/6/21, 67, , 71, 10, , 3
2017/6/22, 59, , 51, 7, , 3
2017/6/23, 71, , 58, 3, , 2
2017/6/24, 72, , 79, 5, , 3
2017/6/25, 67, , 65, 7, , 4
2017/6/26, 66, , 46, 9, , 5
2017/6/27, 48, , 50, 7, , 4
2017/6/28, 50, , 45, 5, , 3
2017/6/29, 60, , 59, 3, , 9
2017/6/30, 95, , 69, , , 1
2017/7/1, 96, , 68, , , 1
2017/1/3, 57, , 24, 18, , 11
2017/1/4, 64, , 17, 21, , 11
2017/1/5, 72, , 20, 13, , 6
2017/1/6, 43, , 32, 13, , 7
2017/1/7, 45, , 19, 18, , 10
2017/1/8, 69, , 27, 13, , 12
2017/1/9, 71, , 23, 13, , 7
2017/1/10, 52, , 23, 12, , 8
2017/1/11, 55, , 34, 7, , 5
2017/1/12, 46, , 26, 9, , 5
2017/1/13, 44, , 31, 11, , 7
2017/1/14, 41, , 33, 3, , 4
2017/1/15, 33, , 30, 14, , 8
2017/1/16, 62, , 27, 15, , 10
2017/1/17, 74, , 32, 19, , 10
2017/1/18, 57, , 27, 16, , 9
2017/1/19, 68, , 35, 7, , 6
2017/1/20, 52, , 36, 7, , 6
2017/1/21, 35, , 37, 6, , 6
2017/1/22, 42, , 33, 6, , 6
2017/1/23, 47, , 37, 10, , 7
2017/1/24, 42, , 29, 15, , 11
2017/1/25, 59, , 34, 15, , 11
2017/1/26, 61, , 35, 12, , 9
2017/1/27, 42, , 37, 2, , 6
2017/1/28, 58, , 40, 1, , 7
2017/1/29, 26, , 40, 1, , 7
2017/1/30, 30, , 39, 16, , 11
2017/1/31, 37, , 29, 21, , 15
2017/2/1, 53, , 36, 20, , 14
2017/2/2, 62, , 28, 18, , 9
2017/2/3, 75, , 21, 13, , 3
2017/2/4, 62, , 34, 6, , 2
2017/2/5, 49, , 20, 4, , 1
2017/2/6, 66, , 26, 6, , 1
2017/2/7, 39, , 17, 7, , 1
2017/2/8, 42, , 13, 12, , 2
2017/2/9, 46, , 23, 8, , 2
2017/2/10, 47, , 13, 10, , 2
2017/2/11, 42, , 33, 8, , 1
2017/2/12, 37, , 35, 6, , 1
2017/2/13, 31, , 35, 12, , 2
2017/2/14, 24, , 30, 21, , 6
2017/2/15, 55, , 38, 18, , 5
2017/2/16, 49, , 33, 19, , 4
2017/2/17, 47, , 39, 6, , 
2017/2/18, 36, , 42, 6, , 
2017/2/19, 27, , 33, 9, , 1
2017/2/20, 44, , 26, 9, , 1
2017/2/21, 47, , 27, 12, , 2
2017/2/22, 53, , 35, 9, , 2
2017/2/23, 30, , 37, 3, , 1
2017/2/24, 21, , 40, 15, , 3
2017/2/25, 36, , 39, 16, , 4
2017/2/26, 58, , 37, 9, , 2
2017/2/27, 43, , 33, 13, , 2
2017/2/28, 33, , 42, 13, , 3
2017/3/1, 38, , 40, 11, , 2
2017/3/2, 31, , 40, 7, , 1
2017/3/3, 16, , 42, 19, , 4
2017/3/4, 29, , 42, 18, , 4
2017/3/5, 59, , 40, 7, , 1
2017/3/6, 43, , 39, 9, , 1
2017/3/7, 32, , 38, 14, , 2
2017/3/8, 41, , 39, 15, , 3
2017/3/9, 35, , 52, 18, , 5
2017/3/10, 40, , 60, 21, , 5
2017/3/11, 56, , 51, 19, , 4
2017/3/12, 61, , 36, 15, , 4
2017/3/13, 59, , 26, 19, , 5
2017/3/14, 52, , 53, 19, , 3
2017/3/15, 58, , 40, 14, , 2
2017/3/16, 39, , 40, 18, , 2
2017/3/17, 53, , 42, 17, , 2
2017/3/18, 56, , 39, 16, , 2
2017/3/19, 97, , 41, 12, , 2
2017/3/20, 68, , 36, 6, , 
2017/3/21, 63, , 21, 10, , 
2017/3/22, 52, , 37, 6, , 1
2017/3/23, 42, , 40, 5, , 1
2017/3/24, 32, , 41, 9, , 2
2017/3/25, 57, , 39, 7, , 1
2017/3/26, 46, , 41, 8, , 1
2017/3/27, 58, , 42, 11, , 1
2017/3/28, 46, , 42, 4, , 
2017/3/29, 27, , 46, 11, , 3
2017/3/30, 36, , 43, 13, , 2
2017/3/31, 47, , 43, 4, , 1
2017/4/1, 44, , 42, 14, , 2
2016/10/2, 60, , 48, 9, , 5
2016/10/3, 68, , 41, 8, , 5
2016/10/4, 53, , 42, 13, , 6
2016/10/5, 58, , 45, 8, , 7
2016/10/6, 60, , 48, 13, , 7
2016/10/7, 59, , 52, 15, , 8
2016/10/8, 46, , 62, 13, , 8
2016/10/9, 52, , 52, 11, , 7
2016/10/10, 45, , 37, 10, , 7
2016/10/11, 51, , 32, 6, , 6
2016/10/12, 66, , 34, 3, , 4
2016/10/13, 74, , 52, 8, , 5
2016/10/14, 76, , 48, 8, , 4
2016/10/15, 83, , 31, 7, , 3
2016/10/16, 70, , 27, 1, , 2
2016/10/17, 44, , 30, 6, , 3
2016/10/18, 46, , 39, 10, , 4
2016/10/19, 50, , 40, 3, , 
2016/10/20, 48, , 39, 9, , 6
2016/10/21, 43, , 48, 18, , 8
2016/10/22, 49, , 42, 17, , 8
2016/10/23, 55, , 35, 16, , 6
2016/10/24, 62, , 29, 13, , 5
2016/10/25, 67, , 37, 6, , 5
2016/10/26, 60, , 39, 14, , 7
2016/10/27, 59, , 36, 9, , 7
2016/10/28, 66, , 20, 4, , 3
2016/10/29, 46, , 23, 5, , 4
2016/10/30, 48, , 24, 5, , 3
2016/10/31, 47, , 32, 2, , 4
2016/11/1, 51, , 33, 12, , 5
2016/11/2, 57, , 38, 9, , 4
2016/11/3, 43, , 37, 16, , 6
2016/11/4, 45, , 32, 22, , 10
2016/11/5, 54, , 46, 19, , 8
2016/11/6, 65, , 46, 19, , 8
2016/11/7, 79, , 42, 20, , 8
2016/11/8, 68, , 41, 21, , 9
2016/11/9, 53, , 37, 20, , 9
2016/11/10, 52, , 36, 22, , 8
2016/11/11, 52, , 41, 22, , 7
2016/11/12, 50, , 38, 22, , 8
2016/11/13, 57, , 51, 17, , 7
2016/11/14, 55, , 47, 22, , 8
2016/11/15, 57, , 36, 30, , 10
2016/11/16, 67, , 37, 17, , 8
2016/11/17, 68, , 36, 6, , 3
2016/11/18, 34, , 31, 21, , 8
2016/11/19, 43, , 32, 23, , 11
2016/11/20, 65, , 29, 14, , 8
2016/11/21, 93, , 32, 6, , 3
2016/11/23, 56, , 33, 10, , 6
2016/11/24, 50, , 37, 8, , 4
2016/11/25, 54, , 31, 22, , 12
2016/11/26, 80, , 32, 16, , 9
2016/11/27, 81, , 34, 7, , 3
2016/11/28, 45, , 31, 14, , 5
2016/11/29, 50, , 31, 6, , 3
2016/11/30, 35, , 28, 19, , 8
2016/12/1, 46, , 28, 17, , 7
2016/12/2, 59, , 38, 3, , 3
2016/12/3, 41, , 36, 8, , 4
2016/12/4, 40, , 28, 23, , 10
2016/12/5, 59, , 19, 26, , 12
2016/12/6, 85, , 29, 18, , 10
2016/12/7, 88, , 32, 17, , 8
2016/12/8, 72, , 33, 15, , 7
2016/12/9, 66, , 14, 20, , 8
2016/12/10, 66, , 15, 24, , 8
2016/12/11, 113, , 20, 12, , 5
2016/12/12, 95, , 13, 15, , 7
2016/12/13, 83, , 21, 15, , 8
2016/12/14, 86, , 18, 19, , 13
2016/12/15, 101, , 14, 23, , 12
2016/12/16, 111, , 32, 7, , 6
2016/12/17, 27, , 35, 10, , 8
2016/12/18, 44, , 38, 10, , 8
2016/12/19, 45, , 39, 2, , 5
2016/12/20, 24, , 37, 17, , 8
2016/12/21, 33, , 28, 18, , 9
2016/12/22, 43, , 30, 8, , 6
2016/12/23, 41, , 30, 10, , 9
2016/12/24, 62, , 34, 6, , 5
2016/12/25, 34, , 32, 14, , 8
2016/12/26, 73, , 32, 8, , 7
2016/12/27, 61, , 33, 11, , 6
2016/12/28, 31, , 30, 20, , 10
2016/12/29, 48, , 28, 20, , 13
2016/12/30, 52, , 28, 11, , 8
2016/12/31, 47, , 30, 8, , 7
2017/1/1, 56, , 28, 10, , 7
2017/1/2, 59, , 32, 10, , 7
2016/7/2, 89, , 44, 6, , 2
2016/7/3, 70, , 40, 5, , 2
2016/7/4, 70, , 44, 5, , 2
2016/7/5, 62, , 53, 3, , 2
2016/7/6, 69, , 57, 2, , 3
2016/7/7, 72, , 53, 2, , 2
2016/7/8, 73, , 58, 3, , 3
2016/7/9, 79, , 57, 3, , 3
2016/7/10, 71, , 50, 2, , 3
2016/7/11, 72, , 52, 2, , 3
2016/7/12, 75, , 55, 1, , 3
2016/7/13, 83, , 47, 3, , 5
2016/7/14, 80, , 53, 2, , 3
2016/7/15, 55, , 51, 4, , 3
2016/7/16, 77, , 53, 1, , 2
2016/7/17, 74, , 46, 1, , 2
2016/7/18, 69, , 50, 1, , 3
2016/7/19, 71, , 53, 3, , 5
2016/7/20, 62, , 62, 9, , 4
2016/7/21, 69, , 56, 2, , 4
2016/7/22, 65, , 75, 9, , 6
2016/7/23, 73, , 61, 11, , 5
2016/7/24, 84, , 43, 11, , 4
2016/7/25, 81, , 41, 4, , 4
2016/7/26, 67, , 49, 4, , 3
2016/7/27, 67, , 54, 8, , 4
2016/7/28, 64, , 62, 7, , 4
2016/7/29, 72, , 74, 9, , 4
2016/7/30, 78, , 50, 3, , 3
2016/7/31, 92, , 38, 2, , 2
2016/8/1, 69, , 42, 3, , 2
2016/8/2, 68, , 33, 3, , 2
2016/8/3, 64, , 39, 4, , 2
2016/8/4, 65, , 50, 3, , 2
2016/8/5, 75, , 50, 5, , 3
2016/8/6, 84, , 52, 2, , 3
2016/8/7, 72, , 49, 3, , 2
2016/8/8, 74, , 66, 6, , 3
2016/8/9, 86, , 58, 4, , 3
2016/8/10, 85, , 60, 5, , 3
2016/8/11, 76, , 48, 6, , 3
2016/8/12, 72, , 53, 5, , 3
2016/8/13, 66, , 56, 6, , 3
2016/8/14, 67, , 44, 7, , 3
2016/8/15, 66, , 60, 12, , 4
2016/8/16, 58, , 50, 14, , 4
2016/8/17, 59, , 43, 15, , 5
2016/8/18, 53, , 48, 13, , 5
2016/8/19, 65, , 49, 9, , 4
2016/8/20, 72, , 44, 5, , 4
2016/8/21, 73, , 43, 10, , 4
2016/8/22, 69, , 38, 8, , 4
2016/8/23, 78, , 38, 9, , 5
2016/8/24, 75, , 51, 12, , 5
2016/8/25, 77, , 45, 10, , 4
2016/8/26, 80, , 41, 7, , 3
2016/8/27, 83, , 49, 6, , 3
2016/8/28, 80, , 63, 7, , 4
2016/8/29, 77, , 82, , , 
2016/8/30, 83, , 75, 15, , 
2016/8/31, 79, , 60, 11, , 5
2016/9/1, 75, , 44, 13, , 5
2016/9/2, 70, , 45, 8, , 3
2016/9/3, 78, , 41, 5, , 2
2016/9/4, 67, , 35, 3, , 2
2016/9/5, 62, , 42, 4, , 2
2016/9/6, 68, , 53, 9, , 4
2016/9/7, 70, , 65, 8, , 5
2016/9/8, 79, , 40, 7, , 3
2016/9/9, 81, , 51, 7, , 4
2016/9/10, 78, , 56, 9, , 5
2016/9/11, 76, , 35, 4, , 3
2016/9/12, 68, , 30, 3, , 3
2016/9/13, 74, , 27, 2, , 2
2016/9/14, 52, , 36, 7, , 3
2016/9/15, 56, , 46, 11, , 4
2016/9/16, 64, , 52, 13, , 4
2016/9/17, 68, , 66, 14, , 5
2016/9/18, 72, , 45, 13, , 5
2016/9/19, 66, , 40, 18, , 6
2016/9/20, 74, , 32, 12, , 4
2016/9/21, 62, , 35, 8, , 3
2016/9/22, 58, , 37, 4, , 2
2016/9/23, 64, , 38, 7, , 3
2016/9/24, 60, , 51, 13, , 5
2016/9/25, 58, , 42, 12, , 5
2016/9/26, 57, , 40, 17, , 5
2016/9/27, 53, , 48, 17, , 6
2016/9/28, 57, , 42, 12, , 5
2016/9/29, 59, , 60, 11, , 5
2016/9/30, 60, , 50, 14, , 6
2016/10/1, 64, , 40, 14, , 6
2016/4/2, 64, , 54, 3, , 7
2016/4/3, 68, , 46, 2, , 6
2016/4/4, 46, , 48, 2, , 7
2016/4/5, 43, , 58, 4, , 8
2016/4/6, 51, , 51, 9, , 9
2016/4/7, 59, , 28, 3, , 7
2016/4/8, 69, , 29, 2, , 6
2016/4/9, 66, , 26, 1, , 5
2016/4/10, 52, , 34, 2, , 6
2016/4/11, 53, , 38, 1, , 6
2016/4/12, 56, , 35, 1, , 6
2016/4/13, 53, , 37, 2, , 6
2016/4/14, 61, , 42, 2, , 6
2016/4/15, 59, , 43, 2, , 5
2016/4/16, 63, , 43, 1, , 6
2016/4/17, 21, , 49, 4, , 7
2016/4/18, 33, , 63, 4, , 8
2016/4/19, 46, , 60, 5, , 8
2016/4/20, 43, , 57, 4, , 8
2016/4/21, 35, , 48, 3, , 7
2016/4/22, 31, , 35, 2, , 5
2016/4/23, 43, , 46, , , 5
2016/4/24, 37, , 51, 1, , 6
2016/4/25, 41, , 43, 1, , 5
2016/4/26, 52, , 45, 2, , 6
2016/4/27, 49, , 44, 3, , 6
2016/4/28, 54, , 42, 2, , 5
2016/4/29, 44, , 43, 5, , 6
2016/4/30, 57, , 42, 1, , 6
2016/5/1, 55, , 48, 1, , 7
2016/5/2, 65, , 43, 1, , 7
2016/5/3, 70, , 41, 3, , 7
2016/5/4, 63, , 43, 2, , 3
2016/5/5, 70, , 31, 2, , 2
2016/5/6, 39, , 26, 5, , 3
2016/5/7, 36, , 32, 1, , 3
2016/5/8, 36, , 30, , , 2
2016/5/9, 39, , 35, , , 3
2016/5/10, 47, , 36, 1, , 4
2016/5/11, 87, , 46, 2, , 3
2016/5/12, 65, , 50, 2, , 5
2016/5/13, 63, , 43, 4, , 3
2016/5/14, 76, , 40, 1, , 3
2016/5/15, 75, , 34, 1, , 2
2016/5/16, 55, , 41, 1, , 3
2016/5/17, 60, , 42, 1, , 2
2016/5/18, 59, , 35, 2, , 3
2016/5/19, 65, , 43, 1, , 4
2016/5/20, 73, , 40, 1, , 3
2016/5/21, 56, , 36, 1, , 3
2016/5/22, 38, , 36, 1, , 4
2016/5/23, 42, , 36, 2, , 5
2016/5/24, 44, , 33, 2, , 5
2016/5/25, 47, , 26, 1, , 3
2016/5/26, 41, , 33, 2, , 3
2016/5/27, 54, , 43, 2, , 3
2016/5/28, 57, , 43, 1, , 3
2016/5/29, 77, , 41, , , 2
2016/5/30, 59, , 46, 1, , 3
2016/5/31, 57, , 49, 5, , 4
2016/6/1, 67, , 54, 2, , 3
2016/6/2, 83, , 82, 1, , 4
2016/6/3, 79, , 79, 5, , 5
2016/6/4, 73, , 83, 3, , 5
2016/6/5, 79, , 55, 3, , 5
2016/6/6, 67, , 43, 2, , 3
2016/6/7, 71, , 47, 2, , 4
2016/6/8, 71, , 64, 2, , 3
2016/6/9, 78, , 51, 2, , 4
2016/6/10, 82, , 43, 2, , 3
2016/6/11, 75, , 23, 1, , 2
2016/6/12, 49, , 34, 1, , 2
2016/6/13, 42, , 31, 1, , 3
2016/6/14, 43, , 43, 5, , 3
2016/6/15, 85, , 41, 6, , 2
2016/6/16, 63, , 46, 8, , 4
2016/6/17, 65, , 69, 3, , 6
2016/6/18, 109, , 40, 2, , 4
2016/6/19, 69, , 53, 2, , 4
2016/6/20, 51, , 48, 3, , 4
2016/6/21, 57, , 46, 3, , 3
2016/6/22, 84, , 49, 2, , 4
2016/6/23, 70, , 68, 2, , 4
2016/6/24, 88, , 59, 5, , 4
2016/6/25, 85, , 78, 9, , 3
2016/6/26, 88, , 78, 7, , 4
2016/6/27, 81, , 73, 11, , 4
2016/6/28, 83, , 76, 15, , 5
2016/6/29, 76, , 92, 11, , 5
2016/6/30, 78, , 57, 11, , 4
2016/7/1, 90, , 46, 8, , 3
2016/1/5, 63, , 29, 4, , 4
2016/1/6, 48, , 24, 4, , 6
2016/1/7, 59, , 31, 5, , 6
2016/1/8, 55, , 32, 7, , 6
2016/1/9, 35, , 21, 11, , 9
2016/1/10, 75, , 28, 10, , 4
2016/1/11, 74, , 31, 12, , 4
2016/1/12, 30, , 30, 9, , 7
2016/1/13, 32, , 25, 4, , 11
2016/1/14, 61, , 21, 4, , 7
2016/1/15, 65, , 20, 11, , 8
2016/1/16, 69, , 26, 4, , 8
2016/1/17, 80, , 31, 3, , 8
2016/1/18, 76, , 15, 5, , 8
2016/1/19, 72, , 11, 4, , 9
2016/1/20, 60, , 24, 4, , 8
2016/1/23, 46, , 30, 1, , 7
2016/1/24, 48, , 35, 1, , 5
2016/1/25, 19, , 34, , , 4
2016/1/26, 15, , 35, 1, , 5
2016/1/27, 15, , 27, 6, , 10
2016/1/28, 23, , 30, 5, , 9
2016/1/29, 38, , 23, 15, , 10
2016/1/30, 52, , 22, 3, , 12
2016/1/31, 66, , 32, , , 4
2016/2/1, 52, , 34, 1, , 5
2016/2/2, 16, , 31, 1, , 6
2016/2/3, 19, , 33, 3, , 6
2016/2/4, 24, , 33, 4, , 7
2016/2/5, 21, , 35, 2, , 4
2016/2/6, 15, , 36, , , 3
2016/2/7, 14, , 38, , , 4
2016/2/8, 14, , 36, 2, , 4
2016/2/9, 12, , 33, 7, , 10
2016/2/10, 25, , 35, 6, , 11
2016/2/11, 29, , 28, 8, , 14
2016/2/12, 39, , 54, 13, , 13
2016/2/13, 50, , 48, 5, , 11
2016/2/14, 54, , 39, , , 6
2016/2/15, 25, , 34, 1, , 6
2016/2/16, 16, , 26, 4, , 11
2016/2/17, 27, , 30, 7, , 11
2016/2/18, 45, , 38, 1, , 6
2016/2/19, 34, , 36, 5, , 8
2016/2/20, 41, , 38, 3, , 8
2016/2/21, 46, , 41, 2, , 9
2016/2/22, 44, , 41, 1, , 6
2016/2/23, 18, , 39, 1, , 10
2016/2/24, 23, , 38, 4, , 7
2016/2/25, 14, , 49, 7, , 10
2016/2/26, 27, , 43, 10, , 12
2016/2/27, 41, , 45, 4, , 12
2016/2/28, 62, , 54, 4, , 10
2016/2/29, 77, , 44, 5, , 8
2016/3/1, 65, , 51, 6, , 9
2016/3/2, 76, , 45, 6, , 9
2016/3/3, 89, , 32, 7, , 8
2016/3/4, 77, , 40, 8, , 10
2016/3/5, 85, , 26, 1, , 6
2016/3/6, 63, , 39, , , 6
2016/3/7, 45, , 37, 1, , 6
2016/3/8, 33, , 38, 1, , 6
2016/3/9, 33, , 36, 3, , 8
2016/3/10, 45, , 33, 3, , 9
2016/3/11, 48, , 31, 4, , 7
2016/3/12, 44, , 34, 1, , 7
2016/3/13, 46, , 34, 2, , 8
2016/3/14, 57, , 36, 1, , 6
2016/3/15, 43, , 41, 3, , 7
2016/3/16, 54, , 48, 5, , 9
2016/3/17, 53, , 50, 5, , 9
2016/3/18, 61, , 51, 4, , 7
2016/3/19, 79, , 57, 3, , 7
2016/3/20, 99, , 56, 2, , 8
2016/3/21, 92, , 31, 1, , 6
2016/3/22, 72, , 38, 2, , 6
2016/3/23, 38, , 37, 1, , 5
2016/3/24, 28, , 40, 1, , 7
2016/3/25, 37, , 44, 2, , 6
2016/3/26, 45, , 49, 3, , 7
2016/3/27, 79, , 53, 1, , 7
2016/3/28, 84, , 38, 1, , 5
2016/3/29, 60, , 34, 1, , 6
2016/3/30, 46, , 37, 2, , 7
2016/3/31, 53, , 38, 2, , 8
2016/4/1, 46, , 42, 6, , 7
2015/10/2, 62, , 41, 3, , 4
2015/10/3, 55, , 50, 4, , 6
2015/10/4, 65, , 40, , , 2
2015/10/5, 51, , 38, 4, , 5
2015/10/6, 52, , 43, 3, , 5
2015/10/7, 59, , 51, 3, , 6
2015/10/8, 60, , 43, 5, , 7
2015/10/9, 100, , 39, 8, , 7
2015/10/10, 52, , 48, 4, , 10
2015/10/11, 52, , 61, 6, , 7
2015/10/12, 57, , 52, 8, , 7
2015/10/13, 62, , 47, 5, , 6
2015/10/14, 69, , 39, 4, , 5
2015/10/15, 61, , 26, 1, , 4
2015/10/16, 58, , 29, 2, , 3
2015/10/17, 66, , 38, 1, , 3
2015/10/18, 62, , 34, 1, , 3
2015/10/19, 57, , 36, 2, , 3
2015/10/20, 56, , 37, 3, , 5
2015/10/21, 49, , 35, 3, , 3
2015/10/22, 45, , 32, 6, , 5
2015/10/23, 61, , 41, 5, , 5
2015/10/24, 63, , 42, 4, , 6
2015/10/25, 49, , 35, 5, , 8
2015/10/26, 62, , 48, 3, , 7
2015/10/27, 55, , 44, 6, , 9
2015/10/28, 66, , 38, 4, , 7
2015/10/29, 65, , 37, , , 2
2015/10/30, 44, , 35, 2, , 2
2015/10/31, 32, , 45, 3, , 6
2015/11/1, 48, , 48, 5, , 7
2015/11/2, 55, , 31, 2, , 6
2015/11/3, 59, , 31, 3, , 4
2015/11/4, 43, , 31, 3, , 5
2015/11/5, 42, , 32, 3, , 4
2015/11/6, 46, , 36, 2, , 2
2015/11/7, 39, , 35, 2, , 4
2015/11/8, 38, , 42, 4, , 8
2015/11/9, 53, , 34, 3, , 6
2015/11/10, 59, , 32, 6, , 8
2015/11/11, 46, , 35, 11, , 4
2015/11/12, 41, , 34, 18, , 6
2015/11/13, 36, , 35, 21, , 9
2015/11/14, 38, , 35, 24, , 12
2015/11/15, 59, , 35, 15, , 7
2015/11/16, 63, , 32, 3, , 2
2015/11/17, 31, , 34, 11, , 5
2015/11/18, 31, , 26, 28, , 10
2015/11/19, 50, , 31, 22, , 9
2015/11/20, 46, , 31, 18, , 7
2015/11/21, 40, , 34, 3, , 3
2015/11/22, 33, , 36, 12, , 6
2015/11/23, 32, , 35, 24, , 10
2015/11/24, 43, , 36, 18, , 9
2015/11/25, 59, , 34, 9, , 4
2015/11/26, 47, , 31, 13, , 6
2015/11/27, 59, , 31, 16, , 6
2015/11/28, 56, , 29, 14, , 7
2015/11/29, 56, , 33, 13, , 4
2015/11/30, 43, , 29, 21, , 8
2015/12/1, 49, , 31, 21, , 11
2015/12/2, 59, , 30, 24, , 12
2015/12/3, 53, , 24, 25, , 10
2015/12/4, 54, , 19, 25, , 9
2015/12/5, 60, , 31, 21, , 11
2015/12/6, 61, , 32, 22, , 10
2015/12/7, 61, , 33, 17, , 6
2015/12/8, 41, , 33, 16, , 8
2015/12/9, 40, , 15, 36, , 16
2015/12/10, 71, , 18, 25, , 12
2015/12/11, 79, , 31, 8, , 4
2015/12/12, 38, , 33, 4, , 2
2015/12/13, 35, , 31, 9, , 4
2015/12/14, 46, , 31, 7, , 3
2015/12/15, 38, , 29, 6, , 3
2015/12/16, 36, , 28, 13, , 6
2015/12/17, 47, , 21, 26, , 10
2015/12/18, 64, , 22, 23, , 12
2015/12/19, 63, , 25, 19, , 11
2015/12/20, 83, , 26, 14, , 7
2015/12/21, 71, , 20, 16, , 10
2015/12/22, 78, , 14, 8, , 5
2015/12/23, 67, , 29, 3, , 7
2015/12/24, 53, , 28, 3, , 6
2015/12/25, 55, , 32, 1, , 3
2015/12/26, 47, , 32, , , 2
2015/12/27, 31, , 32, 2, , 5
2015/12/28, 39, , 24, 3, , 9
2015/12/29, 68, , 28, 2, , 9
2015/12/30, 59, , 25, 6, , 10
2015/12/31, 84, , 31, 4, , 4
2016/1/1, 39, , , , , 
2016/1/3, 75, , 31, 15, , 11
2016/1/4, 94, , 32, 4, , 7
2015/7/2, 63, , 47, 2, , 6
2015/7/3, 63, , 53, 3, , 7
2015/7/4, 75, , 45, 2, , 7
2015/7/5, 78, , 41, 1, , 6
2015/7/6, 93, , 42, 1, , 6
2015/7/7, 78, , 47, 1, , 8
2015/7/8, 86, , 38, 1, , 5
2015/7/9, 69, , 30, , , 5
2015/7/10, 67, , 27, 1, , 4
2015/7/11, 58, , 38, 5, , 4
2015/7/12, 56, , 40, 5, , 5
2015/7/13, 61, , 42, 10, , 5
2015/7/14, 64, , 37, 9, , 4
2015/7/15, 65, , 44, 4, , 5
2015/7/16, 68, , 50, 2, , 6
2015/7/17, 75, , 46, 2, , 6
2015/7/18, 61, , 34, 2, , 7
2015/7/19, 67, , 34, 2, , 6
2015/7/20, 62, , 31, 1, , 5
2015/7/21, 57, , 26, 1, , 5
2015/7/22, 52, , 31, , , 5
2015/7/23, 50, , 32, 1, , 5
2015/7/24, 51, , 37, 2, , 5
2015/7/25, 60, , 47, 3, , 6
2015/7/26, 61, , 38, 2, , 5
2015/7/27, 59, , 51, 3, , 4
2015/7/28, 60, , 64, 4, , 5
2015/7/29, 71, , 57, 1, , 5
2015/7/30, 71, , 47, 2, , 5
2015/7/31, 76, , 46, 3, , 5
2015/8/1, 72, , 52, 4, , 5
2015/8/2, 70, , 47, 1, , 4
2015/8/3, 69, , 54, 1, , 4
2015/8/4, 65, , 48, 4, , 5
2015/8/5, 57, , 43, 2, , 5
2015/8/6, 46, , 43, 4, , 6
2015/8/7, 64, , 47, 2, , 4
2015/8/8, 71, , 53, 1, , 4
2015/8/9, 67, , 43, 1, , 5
2015/8/10, 66, , 49, 1, , 5
2015/8/11, 61, , 55, 1, , 5
2015/8/12, 66, , 56, 2, , 5
2015/8/13, 57, , 48, 2, , 5
2015/8/14, 49, , 52, 6, , 6
2015/8/15, 66, , 69, 4, , 5
2015/8/16, 58, , 57, 3, , 5
2015/8/17, 58, , 49, 2, , 4
2015/8/18, 87, , 48, 1, , 5
2015/8/19, 134, , 59, 1, , 4
2015/8/20, 83, , 63, 1, , 4
2015/8/21, 85, , 61, 3, , 4
2015/8/22, 85, , 73, 1, , 5
2015/8/23, 91, , 61, 1, , 5
2015/8/24, 76, , 62, 1, , 5
2015/8/25, 67, , 42, 1, , 7
2015/8/26, 78, , 59, 7, , 7
2015/8/27, 66, , 57, , , 6
2015/8/28, 68, , 69, , , 6
2015/8/29, 68, , 56, , , 5
2015/8/30, 62, , 45, , , 4
2015/8/31, 62, , 44, , , 4
2015/9/1, 62, , 45, , , 4
2015/9/2, 69, , 53, , , 3
2015/9/3, 63, , 42, , , 3
2015/9/4, 65, , 45, 2, , 3
2015/9/5, 62, , 54, 1, , 5
2015/9/6, 66, , 39, 2, , 5
2015/9/7, 60, , 34, 3, , 5
2015/9/8, 55, , 37, 2, , 6
2015/9/9, 55, , 46, 2, , 5
2015/9/10, 62, , 52, 5, , 6
2015/9/11, 73, , 57, 4, , 5
2015/9/12, 67, , 39, 6, , 5
2015/9/13, 64, , 41, 7, , 5
2015/9/14, 58, , 26, 6, , 4
2015/9/15, 63, , 18, 2, , 3
2015/9/16, 50, , 37, , , 4
2015/9/17, 61, , 45, 2, , 4
2015/9/18, 48, , 57, 6, , 6
2015/9/19, 53, , 63, 5, , 8
2015/9/20, 64, , 55, 4, , 8
2015/9/21, 64, , 42, 3, , 8
2015/9/22, 63, , 57, 2, , 7
2015/9/23, 84, , 71, 2, , 6
2015/9/24, 86, , 77, 4, , 6
2015/9/25, 78, , 74, 7, , 7
2015/9/26, 71, , 63, 5, , 6
2015/9/27, 73, , 47, 3, , 6
2015/9/28, 66, , 52, 4, , 6
2015/9/29, 66, , 49, 2, , 6
2015/9/30, 67, , 54, 4, , 7
2015/10/1, 67, , 39, 6, , 7
2015/4/2, 63, , 46, 2, , 7
2015/4/3, 43, , 48, 5, , 8
2015/4/4, 33, , 57, 5, , 7
2015/4/5, 40, , 45, 5, , 7
2015/4/6, 60, , 41, 1, , 5
2015/4/7, 39, , 36, 2, , 6
2015/4/8, 35, , 40, 5, , 6
2015/4/9, 57, , 45, 3, , 7
2015/4/10, 31, , 62, 3, , 8
2015/4/11, 52, , 65, 2, , 7
2015/4/12, 55, , 60, 3, , 7
2015/4/13, 57, , 53, 2, , 7
2015/4/14, 65, , 44, 1, , 8
2015/4/15, 58, , 47, 1, , 5
2015/4/16, 33, , 51, 1, , 6
2015/4/17, 22, , 60, 4, , 8
2015/4/18, 35, , 65, 3, , 7
2015/4/19, 54, , 67, 3, , 7
2015/4/20, 64, , 47, 1, , 6
2015/4/21, 62, , 47, 1, , 5
2015/4/22, 57, , 43, 1, , 6
2015/4/23, 54, , 40, 2, , 7
2015/4/24, 52, , 37, 2, , 6
2015/4/25, 45, , 33, 1, , 6
2015/4/26, 48, , 45, , , 6
2015/4/27, 39, , 59, 2, , 6
2015/4/28, 35, , 60, 4, , 9
2015/4/29, 45, , 64, 6, , 8
2015/4/30, 48, , 49, 3, , 7
2015/5/1, 38, , 46, 6, , 7
2015/5/2, 35, , 45, 3, , 6
2015/5/3, 42, , 48, 1, , 5
2015/5/4, 67, , 42, 1, , 5
2015/5/5, 61, , 42, 1, , 5
2015/5/6, 55, , 42, 1, , 4
2015/5/7, 55, , 40, 1, , 5
2015/5/8, 52, , 36, 1, , 5
2015/5/9, 49, , 43, 1, , 6
2015/5/10, 63, , 49, 2, , 7
2015/5/11, 64, , 52, 2, , 7
2015/5/12, 58, , 46, 1, , 8
2015/5/13, 65, , 46, 1, , 6
2015/5/14, 62, , 34, 1, , 6
2015/5/15, 44, , 41, 4, , 6
2015/5/16, 47, , 43, 3, , 6
2015/5/17, 53, , 47, 2, , 6
2015/5/18, 61, , 44, 1, , 5
2015/5/19, 48, , 45, 1, , 7
2015/5/20, 47, , 45, 2, , 6
2015/5/21, 60, , 40, 2, , 4
2015/5/22, 96, , 34, 2, , 4
2015/5/23, 52, , 42, 1, , 4
2015/5/24, 54, , 44, 1, , 4
2015/5/25, 61, , 45, 1, , 5
2015/5/26, 73, , 41, 1, , 5
2015/5/27, 74, , 45, 1, , 4
2015/5/28, 68, , 57, 2, , 5
2015/5/29, 71, , 72, 2, , 5
2015/5/30, 87, , 92, 4, , 6
2015/5/31, 90, , 65, 2, , 5
2015/6/1, 91, , 53, 1, , 4
2015/6/2, 84, , 37, 2, , 5
2015/6/3, 67, , 36, 6, , 4
2015/6/4, 62, , 41, 1, , 4
2015/6/5, 67, , 43, 2, , 4
2015/6/6, 67, , 42, 1, , 4
2015/6/7, 65, , 65, 1, , 4
2015/6/8, 64, , 52, 1, , 5
2015/6/9, 68, , 31, 2, , 7
2015/6/10, 65, , 44, 2, , 4
2015/6/11, 69, , 45, 1, , 4
2015/6/12, 66, , 44, 3, , 4
2015/6/13, 81, , 43, 1, , 4
2015/6/14, 73, , 53, 1, , 4
2015/6/15, 73, , 64, 1, , 5
2015/6/16, 80, , 74, 2, , 5
2015/6/17, 78, , 82, 2, , 5
2015/6/18, 87, , 72, 2, , 5
2015/6/19, 80, , 85, 4, , 6
2015/6/20, 73, , 86, 5, , 6
2015/6/21, 81, , 62, 2, , 4
2015/6/22, 87, , 70, 2, , 5
2015/6/23, 79, , 68, 2, , 6
2015/6/24, 69, , 49, 3, , 7
2015/6/25, 73, , 53, 3, , 8
2015/6/26, 71, , 61, 5, , 7
2015/6/27, 77, , 36, 2, , 7
2015/6/28, 71, , 67, 3, , 8
2015/6/29, 98, , 59, 2, , 7
2015/6/30, 71, , 61, 2, , 7
2015/7/1, 75, , 46, 4, , 7
2015/1/2, 123, , 28, 20, , 14
2015/1/3, 98, , 3, 4, , 13
2015/1/4, 106, , 6, 2, , 11
2015/1/5, 95, , 9, 3, , 9
2015/1/6, 34, , 3, 5, , 12
2015/1/7, 48, , 3, 5, , 14
2015/1/8, 48, , 4, 9, , 14
2015/1/9, 66, , 8, 16, , 14
2015/1/10, 94, , 2, 4, , 13
2015/1/11, 125, , 3, 2, , 6
2015/1/12, 58, , 2, 2, , 9
2015/1/13, 76, , 3, 2, , 8
2015/1/14, 52, , 3, 5, , 11
2015/1/15, 30, , 26, 4, , 11
2015/1/16, 40, , 28, 11, , 12
2015/1/17, 45, , 33, 10, , 9
2015/1/18, 39, , 23, 18, , 13
2015/1/19, 67, , 24, 25, , 14
2015/1/20, 73, , 4, 9, , 15
2015/1/21, 108, , 7, 3, , 8
2015/1/22, 63, , 10, 3, , 9
2015/1/23, 34, , 17, 6, , 11
2015/1/24, 28, , 7, 1, , 5
2015/1/25, 14, , 3, 3, , 10
2015/1/26, 35, , 6, 3, , 10
2015/1/27, 49, , 25, 2, , 8
2015/1/28, 53, , 26, 3, , 8
2015/1/29, 43, , 28, 3, , 7
2015/1/30, 36, , 26, 6, , 7
2015/1/31, 43, , 27, 3, , 10
2015/2/1, 58, , 33, 3, , 7
2015/2/2, 44, , 34, 4, , 14
2015/2/3, 58, , 30, 6, , 17
2015/2/4, 78, , 40, 8, , 16
2015/2/5, 106, , 40, 7, , 14
2015/2/6, 120, , 33, 11, , 12
2015/2/7, 101, , 18, 4, , 11
2015/2/8, 90, , 21, 2, , 8
2015/2/9, 75, , 29, 2, , 7
2015/2/10, 39, , 34, 2, , 6
2015/2/11, 35, , 36, 2, , 5
2015/2/12, 21, , 38, 3, , 7
2015/2/13, 26, , 42, 7, , 9
2015/2/14, 39, , 46, 4, , 9
2015/2/15, 47, , 51, 4, , 10
2015/2/16, 63, , 52, 4, , 10
2015/2/17, 83, , 41, 2, , 7
2015/2/18, 108, , 43, 6, , 9
2015/2/19, 102, , 36, 7, , 11
2015/2/20, 102, , 28, 10, , 10
2015/2/21, 124, , 37, 2, , 7
2015/2/22, 84, , 34, 1, , 5
2015/2/23, 60, , 30, 2, , 7
2015/2/24, 46, , 35, 3, , 7
2015/2/25, 43, , 32, 5, , 9
2015/2/26, 59, , 32, 5, , 9
2015/2/27, 68, , 31, 4, , 8
2015/2/28, 67, , 34, 1, , 4
2015/3/1, 39, , 32, 1, , 4
2015/3/2, 46, , 30, 2, , 7
2015/3/3, 53, , 32, 3, , 9
2015/3/4, 50, , 38, 4, , 8
2015/3/5, 49, , 37, 3, , 10
2015/3/6, 39, , 39, 4, , 6
2015/3/7, 21, , 40, 4, , 9
2015/3/8, 44, , 42, 4, , 10
2015/3/9, 65, , 44, 5, , 8
2015/3/10, 85, , 47, 9, , 9
2015/3/11, 78, , 26, 10, , 9
2015/3/12, 65, , 39, 3, , 5
2015/3/13, 41, , 37, 4, , 4
2015/3/14, 26, , 47, 6, , 8
2015/3/15, 41, , 47, 5, , 8
2015/3/16, 48, , 49, 5, , 9
2015/3/17, 56, , 47, 6, , 9
2015/3/18, 62, , 35, 5, , 5
2015/3/19, 75, , 40, 3, , 5
2015/3/20, 81, , 47, 3, , 6
2015/3/21, 79, , 47, 3, , 6
2015/3/22, 95, , 40, , , 4
2015/3/23, 78, , 35, 5, , 5
2015/3/24, 54, , 39, 3, , 5
2015/3/25, 36, , 36, 4, , 6
2015/3/26, 49, , 44, 4, , 8
2015/3/27, 39, , 52, 6, , 10
2015/3/28, 45, , 45, 5, , 10
2015/3/29, 55, , 44, 2, , 9
2015/3/30, 63, , 51, 4, , 8
2015/3/31, 72, , 45, 4, , 9
2015/4/1, 81, , 44, 3, , 8
2014/10/2, 68, , 5, 4, , 6
2014/10/3, 54, , 26, 8, , 8
2014/10/4, 53, , 12, 6, , 7
2014/10/5, 55, , 7, 6, , 8
2014/10/6, 64, , 16, 4, , 8
2014/10/7, 68, , 6, 7, , 9
2014/10/8, 64, , 6, 7, , 8
2014/10/9, 63, , 12, 2, , 3
2014/10/10, 74, , 20, 4, , 4
2014/10/11, 80, , 6, 4, , 6
2014/10/12, 78, , 8, 3, , 4
2014/10/13, 96, , 10, 2, , 5
2014/10/14, 79, , 6, 3, , 5
2014/10/15, 85, , 18, 1, , 3
2014/10/16, 58, , 9, 1, , 4
2014/10/17, 62, , 18, 3, , 4
2014/10/18, 65, , 12, 1, , 4
2014/10/19, 86, , 11, 3, , 5
2014/10/20, 63, , 11, 2, , 3
2014/10/21, 73, , 6, 3, , 6
2014/10/22, 60, , 5, 4, , 6
2014/10/23, 58, , 29, 9, , 8
2014/10/24, 66, , 8, 8, , 11
2014/10/25, 65, , 6, 5, , 8
2014/10/26, 59, , 11, 3, , 5
2014/10/27, 52, , 6, 3, , 6
2014/10/28, 63, , 18, 9, , 6
2014/10/29, 62, , 9, 6, , 8
2014/10/30, 54, , 11, 12, , 8
2014/10/31, 66, , 18, 3, , 5
2014/11/1, 65, , 10, 1, , 4
2014/11/2, 49, , 6, 2, , 5
2014/11/3, 57, , 8, 1, , 4
2014/11/4, 47, , 19, 1, , 5
2014/11/5, 42, , 7, 3, , 7
2014/11/6, 44, , 4, 6, , 9
2014/11/7, 53, , 7, 9, , 9
2014/11/8, 53, , 4, 5, , 10
2014/11/9, 65, , 7, 3, , 9
2014/11/10, 75, , 8, 1, , 3
2014/11/11, 90, , 11, 1, , 5
2014/11/12, 63, , 10, 1, , 3
2014/11/13, 50, , 17, 9, , 5
2014/11/14, 52, , 14, 5, , 5
2014/11/15, 68, , 3, 2, , 7
2014/11/16, 35, , 8, 1, , 4
2014/11/17, 16, , 9, 1, , 5
2014/11/18, 13, , 10, 3, , 11
2014/11/19, 31, , 5, 4, , 11
2014/11/20, 45, , 5, 4, , 7
2014/11/21, 56, , 8, 7, , 7
2014/11/22, 40, , 3, 3, , 11
2014/11/23, 52, , 3, 3, , 6
2014/11/24, 35, , 7, 1, , 6
2014/11/25, 23, , 8, 3, , 10
2014/11/26, 29, , 3, 4, , 16
2014/11/27, 46, , 37, 15, , 14
2014/11/28, 51, , 33, 16, , 16
2014/11/29, 69, , 43, 11, , 12
2014/11/30, 70, , 26, 5, , 4
2014/12/1, 51, , 14, 8, , 9
2014/12/2, 66, , 18, 6, , 6
2014/12/3, 49, , 18, 5, , 4
2014/12/4, 46, , 26, 4, , 4
2014/12/5, 43, , 18, 6, , 10
2014/12/6, 65, , 28, 4, , 9
2014/12/7, 63, , 29, 5, , 8
2014/12/8, 57, , 30, 6, , 7
2014/12/9, 42, , 22, 16, , 9
2014/12/10, 35, , 17, 27, , 11
2014/12/11, 51, , 28, 15, , 9
2014/12/12, 60, , 36, 7, , 4
2014/12/13, 23, , 33, 13, , 7
2014/12/14, 48, , 29, 15, , 8
2014/12/15, 66, , 22, 19, , 9
2014/12/16, 75, , 18, 22, , 6
2014/12/17, 66, , 29, 14, , 5
2014/12/18, 56, , 20, 17, , 9
2014/12/19, 71, , 23, 15, , 9
2014/12/20, 70, , 19, 17, , 10
2014/12/21, 80, , 28, 9, , 9
2014/12/22, 73, , 29, 4, , 3
2014/12/23, 27, , 31, 7, , 6
2014/12/24, 36, , 26, 18, , 10
2014/12/25, 56, , 35, 4, , 6
2014/12/26, 32, , 33, 4, , 4
2014/12/27, 20, , 35, 8, , 6
2014/12/28, 28, , 27, 19, , 11
2014/12/29, 78, , , , , 
2014/7/2, 77, , 12, 1, , 3
2014/7/3, 76, , 10, 2, , 3
2014/7/4, 77, , 17, 3, , 4
2014/7/5, 83, , 9, 2, , 5
2014/7/6, 89, , 10, 1, , 3
2014/7/7, 76, , 10, 2, , 4
2014/7/8, 65, , 11, 2, , 4
2014/7/9, 74, , 12, 1, , 3
2014/7/10, 78, , 12, 1, , 3
2014/7/11, 74, , 23, 2, , 4
2014/7/12, 64, , 8, 2, , 4
2014/7/13, 67, , 12, 2, , 3
2014/7/14, 69, , 10, 2, , 4
2014/7/15, 72, , 9, 2, , 3
2014/7/16, 69, , 11, 1, , 4
2014/7/17, 67, , 30, 3, , 2
2014/7/18, 56, , 18, 1, , 5
2014/7/19, 58, , 7, 1, , 5
2014/7/20, 61, , 11, 1, , 5
2014/7/21, 63, , 9, , , 3
2014/7/22, 56, , 10, 1, , 4
2014/7/23, 58, , 12, 1, , 4
2014/7/24, 53, , 6, 5, , 5
2014/7/25, 62, , 13, 4, , 3
2014/7/26, 73, , 10, 3, , 3
2014/7/27, 69, , 15, 1, , 3
2014/7/28, 63, , 15, 2, , 3
2014/7/29, 58, , 17, 1, , 4
2014/7/30, 62, , 15, 3, , 4
2014/7/31, 70, , 11, 4, , 4
2014/8/1, 73, , 23, 3, , 3
2014/8/2, 73, , 13, 1, , 3
2014/8/3, 72, , 12, 2, , 2
2014/8/4, 57, , 11, 1, , 3
2014/8/5, 62, , 6, 2, , 4
2014/8/6, 49, , 9, 2, , 2
2014/8/7, 52, , 12, 1, , 2
2014/8/8, 63, , 20, 1, , 2
2014/8/9, 72, , 15, , , 3
2014/8/10, 72, , 16, , , 3
2014/8/11, 72, , 29, 4, , 5
2014/8/12, 57, , 17, 3, , 7
2014/8/13, 63, , 10, 1, , 3
2014/8/14, 60, , 10, 1, , 3
2014/8/15, 63, , 23, 4, , 5
2014/8/16, 55, , 20, 5, , 6
2014/8/17, 51, , 63, 11, , 
2014/8/18, 55, , 16, 6, , 4
2014/8/19, 68, , 29, 2, , 2
2014/8/20, 65, , 12, , , 3
2014/8/21, 66, , 14, 2, , 3
2014/8/22, 62, , 25, 3, , 3
2014/8/23, 60, , 11, 1, , 3
2014/8/24, 57, , 11, 1, , 2
2014/8/25, 58, , 11, 1, , 4
2014/8/26, 58, , 15, 2, , 5
2014/8/27, 58, , 12, 2, , 4
2014/8/28, 59, , 17, 1, , 4
2014/8/29, 50, , 37, 4, , 6
2014/8/30, 58, , 23, 5, , 5
2014/8/31, 73, , 17, 8, , 3
2014/9/1, 75, , 10, 1, , 3
2014/9/2, 65, , 15, 1, , 4
2014/9/3, 68, , 13, 1, , 2
2014/9/4, 68, , 13, 1, , 2
2014/9/5, 61, , 28, 5, , 3
2014/9/6, 63, , 12, 2, , 3
2014/9/7, 63, , 7, 4, , 5
2014/9/8, 59, , 10, 2, , 3
2014/9/9, 60, , 7, 3, , 6
2014/9/10, 51, , 6, 4, , 5
2014/9/11, 52, , 11, 2, , 4
2014/9/12, 56, , 18, 3, , 4
2014/9/13, 56, , 11, 3, , 5
2014/9/14, 63, , 8, 4, , 5
2014/9/15, 55, , 11, 3, , 5
2014/9/16, 62, , 11, 3, , 4
2014/9/17, 71, , 5, 5, , 6
2014/9/18, 69, , 11, 1, , 2
2014/9/19, 62, , 19, 1, , 1
2014/9/20, 64, , 10, 1, , 2
2014/9/21, 70, , 9, 1, , 2
2014/9/22, 62, , 15, 2, , 3
2014/9/23, 64, , 5, 4, , 5
2014/9/24, 59, , 10, 2, , 5
2014/9/25, 55, , 10, 3, , 4
2014/9/26, 52, , 22, 4, , 3
2014/9/27, 53, , 11, 1, , 3
2014/9/28, 60, , 8, 2, , 3
2014/9/29, 60, , 44, 9, , 4
2014/9/30, 60, , 41, 11, , 6
2014/10/1, 61, , 7, 5, , 7
2014/4/2, 22, , 14, , , 3
2014/4/3, 22, , 9, 2, , 5
2014/4/4, 34, , 25, 2, , 4
2014/4/5, 35, , 7, 3, , 5
2014/4/6, 34, , 12, 2, , 5
2014/4/7, 25, , 11, 3, , 7
2014/4/8, 33, , 6, 5, , 6
2014/4/9, 31, , 11, 3, , 5
2014/4/10, 29, , 7, 4, , 6
2014/4/11, 23, , 16, 6, , 6
2014/4/12, 41, , 11, 1, , 4
2014/4/13, 61, , 13, , , 3
2014/4/14, 53, , 11, 2, , 5
2014/4/15, 51, , 11, 3, , 5
2014/4/16, 46, , 9, 2, , 4
2014/4/17, 83, , 11, 2, , 4
2014/4/18, 80, , 25, 1, , 5
2014/4/19, 62, , 12, 1, , 3
2014/4/20, 61, , 12, 1, , 3
2014/4/21, 67, , 7, 7, , 4
2014/4/22, 72, , 25, 3, , 2
2014/4/23, 65, , 19, , , 3
2014/4/24, 31, , 8, 4, , 4
2014/4/25, 33, , 12, 2, , 2
2014/4/26, 51, , 7, , , 3
2014/4/27, 19, , 12, 1, , 3
2014/4/28, 36, , 9, 2, , 5
2014/4/29, 27, , 19, , , 2
2014/4/30, 23, , 8, 4, , 3
2014/5/1, 19, , 12, 2, , 4
2014/5/2, 17, , 32, 4, , 7
2014/5/3, 36, , 69, 17, , 7
2014/5/4, 58, , 64, 14, , 7
2014/5/5, 50, , 27, 7, , 2
2014/5/6, 52, , 13, , , 3
2014/5/7, 32, , 15, 1, , 5
2014/5/8, 46, , 10, 2, , 4
2014/5/9, 54, , 27, 4, , 5
2014/5/10, 55, , 9, 1, , 5
2014/5/11, 46, , 18, , , 6
2014/5/12, 23, , 7, 3, , 7
2014/5/13, 18, , 10, 3, , 4
2014/5/14, 23, , 13, 2, , 4
2014/5/15, 18, , 6, 6, , 6
2014/5/16, 40, , 19, 5, , 7
2014/5/17, 62, , 16, 4, , 5
2014/5/18, 88, , 11, 1, , 3
2014/5/19, 83, , 15, , , 3
2014/5/20, 75, , 14, 1, , 2
2014/5/21, 56, , 9, 1, , 5
2014/5/22, 64, , 10, 2, , 3
2014/5/23, 65, , 23, 1, , 4
2014/5/24, 67, , 12, 1, , 5
2014/5/25, 82, , 48, 3, , 
2014/5/26, 74, , 63, 6, , 
2014/5/27, 79, , 26, 3, , 3
2014/5/28, 80, , 13, 1, , 4
2014/5/29, 92, , 16, 1, , 4
2014/5/30, 79, , 18, 2, , 4
2014/5/31, 81, , 60, 11, , 4
2014/6/1, 83, , 64, 10, , 3
2014/6/2, 78, , 10, 3, , 4
2014/6/3, 78, , 10, 3, , 4
2014/6/4, 66, , 14, 3, , 5
2014/6/5, 62, , 8, 3, , 4
2014/6/6, 77, , 17, 2, , 3
2014/6/7, 82, , 13, 1, , 3
2014/6/8, 88, , 33, 2, , 4
2014/6/9, 84, , 11, 2, , 4
2014/6/10, 81, , 14, 1, , 3
2014/6/11, 90, , 14, 1, , 3
2014/6/12, 70, , 12, 1, , 3
2014/6/13, 72, , 32, 2, , 3
2014/6/14, 69, , 56, 6, , 2
2014/6/15, 77, , 13, 1, , 3
2014/6/16, 79, , 13, 1, , 5
2014/6/17, 75, , 11, 1, , 4
2014/6/18, 66, , 46, 5, , 5
2014/6/19, 69, , 7, 2, , 4
2014/6/20, 83, , 28, 3, , 6
2014/6/21, 79, , 14, 2, , 5
2014/6/22, 79, , 12, 1, , 4
2014/6/23, 83, , 13, 1, , 4
2014/6/24, 85, , 13, 2, , 3
2014/6/25, 89, , 15, 2, , 5
2014/6/26, 84, , 14, 2, , 5
2014/6/27, 83, , 25, 2, , 4
2014/6/28, 67, , 14, 1, , 2
2014/6/29, 76, , 14, 1, , 3
2014/6/30, 89, , 20, 1, , 2
2014/7/1, 83, , 13, 1, , 2
2014/1/2, 114, , 3, 2, , 10
2014/1/3, 42, , 3, 3, , 14
2014/1/4, 53, , 3, , , 17
2014/1/5, 93, , 4, , , 14
2014/1/6, 57, , 4, , , 7
2014/1/7, 22, , 2, , , 16
2014/1/8, 53, , 10, , , 17
2014/1/9, 91, , 7, , , 12
2014/1/10, 80, , 11, , , 10
2014/1/11, 70, , 31, , , 
2014/1/12, 82, , 32, , , 4
2014/1/13, 35, , 8, , , 6
2014/1/14, 11, , 15, , , 5
2014/1/15, 9, , 29, , , 6
2014/1/16, 15, , 38, , , 8
2014/1/17, 12, , 14, , , 10
2014/1/18, 20, , 3, , , 15
2014/1/19, 40, , 3, , , 15
2014/1/20, 55, , 3, , , 13
2014/1/21, 55, , 3, , , 12
2014/1/22, 41, , 22, , , 
2014/1/23, 35, , 4, , , 14
2014/1/24, 71, , 3, , , 11
2014/1/25, 45, , 3, , , 9
2014/1/26, 44, , 6, , , 8
2014/1/27, 59, , 13, , , 7
2014/1/28, 59, , 5, 4, , 9
2014/1/29, 61, , 5, 15, , 9
2014/1/30, 76, , 5, 5, , 5
2014/1/31, 85, , 27, 1, , 6
2014/2/1, 25, , 8, 1, , 5
2014/2/2, 26, , 6, 2, , 7
2014/2/3, 42, , 6, 2, , 7
2014/2/4, 29, , 7, 4, , 9
2014/2/5, 43, , 5, 4, , 8
2014/2/6, 50, , 5, 6, , 9
2014/2/7, 58, , 15, 4, , 7
2014/2/8, 54, , 4, 3, , 6
2014/2/9, 47, , 2, 2, , 6
2014/2/10, 60, , 5, 1, , 6
2014/2/11, 38, , 9, 3, , 8
2014/2/12, 34, , 4, 5, , 10
2014/2/13, 37, , 3, 6, , 13
2014/2/14, 55, , 7, 14, , 12
2014/2/15, 60, , 3, 5, , 14
2014/2/16, 91, , 3, 4, , 11
2014/2/17, 83, , 5, 3, , 8
2014/2/18, 67, , 7, 4, , 6
2014/2/19, 91, , 7, 4, , 7
2014/2/20, 61, , 11, , , 7
2014/2/21, 37, , 15, 11, , 8
2014/2/22, 42, , 4, 7, , 8
2014/2/23, 65, , 7, 4, , 8
2014/2/24, 73, , 9, 3, , 7
2014/2/25, 67, , 11, 2, , 5
2014/2/26, 97, , 7, 2, , 3
2014/2/27, 53, , 7, 2, , 3
2014/2/28, 41, , 21, 2, , 3
2014/3/1, 32, , 7, 1, , 3
2014/3/2, 43, , 4, 2, , 6
2014/3/3, 59, , 4, 2, , 6
2014/3/4, 52, , 9, 3, , 6
2014/3/5, 60, , 4, 4, , 7
2014/3/6, 62, , 7, 3, , 6
2014/3/7, 64, , 22, 2, , 4
2014/3/8, 25, , 14, 2, , 3
2014/3/9, 20, , 12, 6, , 5
2014/3/10, 24, , 40, 6, , 7
2014/3/11, 34, , 9, 14, , 4
2014/3/12, 47, , 7, 4, , 6
2014/3/13, 31, , 8, 3, , 4
2014/3/14, 55, , 28, 10, , 7
2014/3/15, 49, , 8, 3, , 6
2014/3/16, 42, , 8, 4, , 6
2014/3/17, 40, , 9, 3, , 8
2014/3/18, 37, , 12, 2, , 4
2014/3/19, 47, , 7, 4, , 7
2014/3/20, 46, , 13, 7, , 7
2014/3/21, 50, , 24, 7, , 3
2014/3/22, 62, , 38, 3, , 6
2014/3/23, 61, , 11, 1, , 5
2014/3/24, 58, , 13, 1, , 3
2014/3/25, 68, , 32, 2, , 3
2014/3/26, 72, , 13, , , 4
2014/3/27, 29, , 13, 1, , 3
2014/3/28, 31, , 20, 4, , 4
2014/3/29, 53, , 6, 3, , 4
2014/3/30, 54, , 10, , , 2
2014/3/31, 22, , 13, 2, , 4
2014/4/1, 38, , 15, , , 3
2020/5/17, , 24, 41, 3, , 1
2020/5/18, , 10, 33, 1, , 
2020/5/19, , 17, 35, 2, , 1
2020/5/20, , 19, 41, 7, , 1
2020/5/8, , , 79, 4, , 2
2020/5/21, , , 54, 6, , 2
2020/1/1, , , 32, 13, , 6
2019/1/1, , , 33, 2, , 1
2017/7/3, , , 72, , , 2
2017/7/4, , , 76, , , 3
2017/7/5, , , 83, , , 4
2017/9/9, , , 46, 5, , 4
2016/11/22, , , 32, 14, , 5
2016/1/21, , , 27, 4, , 10
2016/1/22, , , 23, 12, , 14
2016/1/2, , , 27, 22, , 10
2015/1/1, , , 29, 21, , 17
2014/1/1, , , 4, 3, , 17