date,pm25,o3,no2,so2,co,AQ
09-Jul-2020,50,38,4,0,1,50
08-Jul-2020,48,40,5,0,1,48
07-Jul-2020,45,36,6,0,2,45
06-Jul-2020,80,48,6,0,2,80
05-Jul-2020,126,47,8,0,2,126
04-Jul-2020,60,41,7,0,1,60
03-Jul-2020,65,40,6,0,1,65
02-Jul-2020,63,0,0,0,0,63
01-Jul-2020,44,35,8,0,1,44
30-Jun-2020,27,35,5,0,1,35
29-Jun-2020,38,53,9,0,2,53
28-Jun-2020,48,34,5,0,1,48
27-Jun-2020,48,31,4,0,1,48
26-Jun-2020,43,34,3,0,1,43
25-Jun-2020,9,0,0,0,0,9
24-Jun-2020,10,0,0,0,0,10
23-Jun-2020,49,30,3,0,1,49
22-Jun-2020,47,28,4,0,1,47
21-Jun-2020,49,36,4,0,1,49
20-Jun-2020,51,31,2,0,1,51
19-Jun-2020,48,48,4,0,1,48
18-Jun-2020,54,46,6,0,1,54
17-Jun-2020,52,46,5,0,1,52
14-Jun-2020,52,38,5,0,1,52
13-Jun-2020,50,38,5,0,1,50
12-Jun-2020,38,35,4,0,1,38
11-Jun-2020,45,20,1,0,0,45
10-Jun-2020,32,25,2,0,0,32
09-Jun-2020,52,45,7,0,1,52
08-Jun-2020,57,37,5,0,1,57
07-Jun-2020,58,19,2,0,1,58
06-Jun-2020,36,22,2,0,0,36
05-Jun-2020,34,28,2,0,1,34
04-Jun-2020,39,31,2,0,1,39
03-Jun-2020,24,54,7,0,2,54
02-Jun-2020,49,38,2,0,1,49
01-Jun-2020,22,29,4,0,1,29
31-May-2020,18,12,0,0,0,18
30-May-2020,15,11,0,0,0,15
29-May-2020,10,8,1,0,0,10
28-May-2020,20,8,1,0,0,20
27-May-2020,20,10,1,0,0,20
26-May-2020,52,40,8,0,2,52
25-May-2020,57,42,5,0,2,57
24-May-2020,59,35,3,0,1,59
23-May-2020,56,34,2,0,1,56
22-May-2020,50,28,4,0,1,50
21-May-2020,45,32,4,0,1,45
20-May-2020,45,35,5,0,1,45
19-May-2020,48,39,5,0,1,48
18-May-2020,47,44,4,0,1,47
17-May-2020,44,28,4,0,1,44
16-May-2020,44,20,2,0,1,44
15-May-2020,29,26,2,0,1,29
14-May-2020,37,25,3,0,1,37
13-May-2020,40,31,5,0,1,40
12-May-2020,42,29,5,0,1,42
11-May-2020,48,32,2,0,1,48
10-May-2020,52,35,3,0,1,52
09-May-2020,32,33,4,0,1,33
08-May-2020,15,16,2,0,0,16
25-Apr-2020,36,28,6,0,4,36
24-Apr-2020,42,27,4,0,1,42
23-Apr-2020,42,30,6,0,1,42
22-Apr-2020,37,29,4,0,1,37
18-Apr-2020,26,20,2,0,1,26
17-Apr-2020,16,13,3,0,1,16
16-Apr-2020,14,15,2,0,1,15
15-Apr-2020,20,13,1,0,0,20
14-Apr-2020,26,26,4,0,1,26
13-Apr-2020,26,29,4,0,1,29
12-Apr-2020,29,28,4,0,1,29
11-Apr-2020,37,31,6,0,2,37
10-Apr-2020,30,16,2,0,1,30
09-Apr-2020,50,38,4,0,2,50
08-Apr-2020,50,34,6,0,2,50
07-Apr-2020,46,36,6,0,2,46
06-Apr-2020,39,30,5,0,1,39
05-Apr-2020,38,20,6,0,1,38
04-Apr-2020,34,24,3,0,7,34
03-Apr-2020,30,27,2,0,8,30
02-Apr-2020,30,24,3,0,1,30
01-Apr-2020,28,18,2,0,0,28
31-Mar-2020,36,40,5,0,1,40
30-Mar-2020,17,27,2,0,0,27
29-Mar-2020,26,28,2,0,1,28
28-Mar-2020,11,9,2,0,0,11
27-Mar-2020,18,6,3,0,1,18
26-Mar-2020,23,6,2,0,0,23
25-Mar-2020,27,13,4,0,2,27
24-Mar-2020,16,14,6,0,1,16
23-Mar-2020,20,14,7,0,2,20
22-Mar-2020,40,23,8,0,2,40
21-Mar-2020,34,25,8,0,2,34
20-Mar-2020,34,24,6,0,2,34
19-Mar-2020,33,22,8,0,2,33
18-Mar-2020,34,12,5,0,1,34
17-Mar-2020,28,14,4,0,1,28
16-Mar-2020,24,11,7,0,2,24
15-Mar-2020,28,16,6,0,1,28
14-Mar-2020,26,23,6,0,1,26
13-Mar-2020,24,23,4,0,1,24
12-Mar-2020,28,22,5,0,2,28
11-Mar-2020,33,24,5,0,2,33
10-Mar-2020,31,26,6,0,2,31
09-Mar-2020,17,12,1,0,0,17
08-Mar-2020,27,17,2,0,0,27
07-Mar-2020,27,16,4,0,1,27
06-Mar-2020,26,18,7,0,2,26
05-Mar-2020,31,20,8,0,2,31
04-Mar-2020,25,22,7,0,2,25
03-Mar-2020,24,24,4,0,1,24
02-Mar-2020,31,24,6,0,2,31
01-Mar-2020,26,25,6,0,2,26
29-Feb-2020,34,27,7,0,3,34
28-Feb-2020,44,25,4,0,1,44
27-Feb-2020,42,26,2,0,1,42
26-Feb-2020,28,26,4,0,2,28
25-Feb-2020,27,26,9,0,3,27
24-Feb-2020,40,28,8,0,2,40
23-Feb-2020,42,25,10,0,3,42
22-Feb-2020,52,30,8,0,2,52
21-Feb-2020,46,27,13,0,4,46
20-Feb-2020,38,24,13,0,3,38
19-Feb-2020,42,24,12,0,4,42
18-Feb-2020,51,25,12,0,4,51
17-Feb-2020,50,24,11,0,2,50
16-Feb-2020,48,22,11,0,3,48
15-Feb-2020,47,26,12,0,3,47
14-Feb-2020,51,23,10,0,3,51
13-Feb-2020,48,24,10,0,2,48
12-Feb-2020,34,24,12,0,3,34
11-Feb-2020,43,24,12,0,3,43
10-Feb-2020,48,27,12,0,4,48
09-Feb-2020,28,24,6,0,2,28
08-Feb-2020,24,24,6,0,2,24
07-Feb-2020,30,22,3,0,1,30
06-Feb-2020,22,24,2,0,1,24
05-Feb-2020,22,24,7,0,2,24
04-Feb-2020,32,24,6,0,2,32
03-Feb-2020,31,24,8,0,2,31
02-Feb-2020,38,22,12,0,4,38
01-Feb-2020,50,28,13,0,4,50
31-Jan-2020,36,23,12,0,4,36
30-Jan-2020,38,22,11,0,4,38
29-Jan-2020,44,22,14,0,4,44
28-Jan-2020,50,21,11,0,4,50
27-Jan-2020,50,24,8,0,3,50
26-Jan-2020,50,23,7,0,3,50
25-Jan-2020,53,20,12,0,4,53
24-Jan-2020,45,20,14,0,5,45
23-Jan-2020,50,22,11,0,4,50
22-Jan-2020,53,20,11,0,4,53
21-Jan-2020,44,21,12,0,3,44
20-Jan-2020,40,18,14,0,3,40
19-Jan-2020,54,21,9,0,2,54
18-Jan-2020,44,15,14,0,4,44
17-Jan-2020,54,18,12,0,4,54
16-Jan-2020,56,20,9,0,3,56
15-Jan-2020,39,19,13,0,4,39
14-Jan-2020,49,20,10,0,3,49
13-Jan-2020,60,22,8,0,3,60
12-Jan-2020,51,22,8,0,2,51
11-Jan-2020,42,21,8,0,2,42
10-Jan-2020,41,20,10,0,3,41
09-Jan-2020,48,28,8,0,2,48
08-Jan-2020,58,28,8,0,2,58
07-Jan-2020,55,26,15,0,5,55
06-Jan-2020,58,24,14,0,4,58
05-Jan-2020,52,25,7,0,2,52
04-Jan-2020,50,25,6,0,2,50
03-Jan-2020,51,22,11,0,3,51
02-Jan-2020,44,18,13,0,4,44
30-Dec-2019,47,32,7,0,2,47
29-Dec-2019,52,30,6,0,2,52
28-Dec-2019,48,30,4,0,2,48
27-Dec-2019,41,30,4,0,2,41
26-Dec-2019,42,31,6,0,2,42
25-Dec-2019,41,33,8,0,2,41
24-Dec-2019,44,40,8,0,2,44
23-Dec-2019,52,34,7,0,2,52
22-Dec-2019,54,32,6,0,2,54
21-Dec-2019,52,32,5,0,2,52
20-Dec-2019,55,32,5,0,2,55
19-Dec-2019,49,36,8,0,3,49
18-Dec-2019,55,35,8,0,2,55
17-Dec-2019,60,34,6,0,2,60
16-Dec-2019,57,26,5,0,2,57
15-Dec-2019,47,34,4,0,2,47
14-Dec-2019,49,41,4,0,2,49
13-Dec-2019,46,35,6,0,2,46
12-Dec-2019,41,39,8,0,2,41
11-Dec-2019,53,39,6,0,2,53
10-Dec-2019,47,30,6,0,2,47
09-Dec-2019,46,25,6,0,2,46
08-Dec-2019,43,30,5,0,2,43
07-Dec-2019,44,30,5,0,2,44
06-Dec-2019,41,28,2,0,1,41
05-Dec-2019,34,29,4,0,2,34
04-Dec-2019,36,30,6,0,2,36
03-Dec-2019,52,29,6,0,2,52
02-Dec-2019,56,33,8,0,3,56
01-Dec-2019,46,27,5,0,2,46
30-Nov-2019,52,22,9,0,4,52
29-Nov-2019,44,31,7,0,3,44
28-Nov-2019,40,26,10,0,4,40
27-Nov-2019,57,21,12,0,4,57
26-Nov-2019,52,22,13,0,4,52
25-Nov-2019,50,24,15,0,5,50
24-Nov-2019,63,28,10,0,4,63
23-Nov-2019,48,29,8,0,3,48
22-Nov-2019,43,28,10,0,3,43
21-Nov-2019,46,27,11,0,4,46
20-Nov-2019,41,17,10,0,3,41
19-Nov-2019,42,14,12,0,4,42
18-Nov-2019,44,22,9,0,3,44
17-Nov-2019,36,20,7,0,4,36
16-Nov-2019,32,20,5,0,2,32
15-Nov-2019,23,20,6,0,2,23
14-Nov-2019,19,18,10,0,3,19
13-Nov-2019,23,17,9,0,3,23
12-Nov-2019,36,14,11,0,4,36
11-Nov-2019,46,22,8,0,3,46
10-Nov-2019,33,21,10,0,3,33
09-Nov-2019,42,34,5,0,2,42
08-Nov-2019,47,37,4,0,2,47
07-Nov-2019,50,30,6,0,2,50
06-Nov-2019,35,24,6,0,2,35
05-Nov-2019,39,25,11,0,4,39
04-Nov-2019,44,24,10,0,4,44
03-Nov-2019,51,28,6,0,2,51
02-Nov-2019,39,17,8,0,3,39
01-Nov-2019,25,20,9,0,4,25
31-Oct-2019,44,20,11,0,4,44
30-Oct-2019,48,20,12,0,4,48
29-Oct-2019,39,19,10,0,3,39
28-Oct-2019,35,22,11,0,4,35
27-Oct-2019,33,24,6,0,2,33
26-Oct-2019,28,24,6,0,2,28
25-Oct-2019,26,22,9,0,2,26
24-Oct-2019,24,20,14,0,4,24
23-Oct-2019,38,21,10,0,4,38
22-Oct-2019,40,20,9,0,3,40
21-Oct-2019,42,20,10,0,3,42
20-Oct-2019,37,23,6,0,2,37
19-Oct-2019,24,23,7,0,2,24
18-Oct-2019,28,22,10,0,3,28
17-Oct-2019,30,20,11,0,3,30
16-Oct-2019,31,21,6,0,2,31
15-Oct-2019,25,24,8,0,3,25
14-Oct-2019,28,25,6,0,3,28
13-Oct-2019,29,24,6,0,2,29
12-Oct-2019,28,24,8,0,3,28
11-Oct-2019,31,23,10,0,4,31
10-Oct-2019,32,20,9,0,2,32
09-Oct-2019,32,22,12,0,4,32
08-Oct-2019,39,15,13,0,4,39
07-Oct-2019,44,16,13,0,4,44
06-Oct-2019,38,14,12,0,4,38
05-Oct-2019,41,21,10,1,3,41
04-Oct-2019,39,22,8,0,3,39
03-Oct-2019,47,20,9,0,3,47
02-Oct-2019,29,24,4,0,2,29
01-Oct-2019,34,20,6,0,2,34
30-Sep-2019,51,28,12,0,4,51
29-Sep-2019,58,24,14,0,4,58
28-Sep-2019,50,21,13,0,3,50
27-Sep-2019,50,22,10,0,3,50
26-Sep-2019,60,24,13,0,6,60
25-Sep-2019,74,27,14,0,5,74
24-Sep-2019,55,30,11,0,4,55
23-Sep-2019,50,31,9,0,3,50
22-Sep-2019,47,31,11,0,3,47
21-Sep-2019,46,28,10,0,3,46
20-Sep-2019,54,39,10,0,3,54
19-Sep-2019,48,37,12,0,3,48
18-Sep-2019,49,40,10,0,3,49
17-Sep-2019,53,45,8,0,2,53
16-Sep-2019,51,38,11,0,3,51
15-Sep-2019,50,36,15,0,4,50
14-Sep-2019,52,34,11,0,3,52
13-Sep-2019,52,32,10,0,3,52
12-Sep-2019,50,32,9,0,3,50
11-Sep-2019,43,32,10,0,3,43
10-Sep-2019,54,34,12,0,3,54
09-Sep-2019,46,21,12,0,3,46
08-Sep-2019,43,18,12,0,4,43
07-Sep-2019,48,27,8,0,2,48
06-Sep-2019,38,27,10,0,3,38
05-Sep-2019,50,23,15,0,4,50
04-Sep-2019,54,28,13,0,4,54
03-Sep-2019,60,27,10,0,3,60
02-Sep-2019,54,44,10,0,3,54
01-Sep-2019,48,31,11,0,3,48
31-Aug-2019,50,30,16,0,5,50
30-Aug-2019,47,27,16,0,5,47
29-Aug-2019,54,27,8,0,3,54
28-Aug-2019,45,29,12,0,4,45
27-Aug-2019,48,30,12,0,4,48
26-Aug-2019,58,30,9,0,3,58
25-Aug-2019,64,28,13,0,4,64
24-Aug-2019,57,27,13,0,4,57
23-Aug-2019,54,26,13,0,3,54
22-Aug-2019,68,26,13,0,3,68
21-Aug-2019,58,28,14,0,4,58
20-Aug-2019,51,28,12,0,3,51
19-Aug-2019,56,28,16,0,4,56
18-Aug-2019,72,23,16,0,4,72
17-Aug-2019,64,24,15,0,4,64
16-Aug-2019,55,26,10,0,4,55
15-Aug-2019,46,27,8,0,2,46
14-Aug-2019,55,29,11,0,4,55
13-Aug-2019,54,25,12,0,4,54
12-Aug-2019,61,21,12,0,3,61
11-Aug-2019,61,19,13,0,4,61
10-Aug-2019,53,22,13,0,4,53
09-Aug-2019,56,28,8,0,2,56
08-Aug-2019,50,28,10,0,2,50
07-Aug-2019,43,30,13,0,4,43
06-Aug-2019,50,30,13,0,4,50
05-Aug-2019,45,34,15,0,4,45
04-Aug-2019,46,39,16,0,4,46
03-Aug-2019,47,34,13,0,4,47
02-Aug-2019,44,16,13,0,4,44
01-Aug-2019,62,20,14,0,4,62
31-Jul-2019,38,19,12,0,4,38
30-Jul-2019,37,19,10,0,3,37
29-Jul-2019,39,22,10,0,2,39
28-Jul-2019,39,18,8,0,4,39
27-Jul-2019,51,15,10,0,4,51
26-Jul-2019,37,16,11,0,4,37
25-Jul-2019,38,16,10,0,4,38
24-Jul-2019,44,16,10,0,3,44
23-Jul-2019,38,15,11,0,3,38
22-Jul-2019,26,16,11,0,2,26
21-Jul-2019,32,16,11,0,3,32
20-Jul-2019,34,12,15,0,4,34
19-Jul-2019,36,18,10,0,3,36
18-Jul-2019,42,11,12,0,6,42
17-Jul-2019,48,17,10,0,4,48
16-Jul-2019,45,17,10,0,4,45
15-Jul-2019,36,16,13,0,4,36
14-Jul-2019,45,15,12,0,5,45
13-Jul-2019,57,14,10,0,2,57
12-Jul-2019,54,19,9,0,2,54
11-Jul-2019,43,16,14,0,3,43
10-Jul-2019,56,20,11,0,3,56
09-Jul-2019,52,24,12,0,3,52
08-Jul-2019,44,22,12,0,4,44
07-Jul-2019,44,22,9,0,4,44
06-Jul-2019,44,17,12,0,4,44
05-Jul-2019,44,16,11,0,3,44
04-Jul-2019,40,20,11,0,4,40
03-Jul-2019,40,23,8,0,2,40
02-Jul-2019,45,17,8,0,2,45
01-Jul-2019,48,12,9,0,3,48
30-Jun-2019,45,24,4,0,1,45
29-Jun-2019,40,23,8,0,2,40
28-Jun-2019,42,28,8,0,2,42
27-Jun-2019,48,32,9,0,3,48
26-Jun-2019,50,24,4,0,1,50
25-Jun-2019,52,33,6,0,2,52
24-Jun-2019,52,26,4,0,1,52
23-Jun-2019,56,38,6,0,2,56
22-Jun-2019,58,33,6,0,2,58
21-Jun-2019,69,30,4,0,2,69
20-Jun-2019,59,33,4,0,2,59
19-Jun-2019,54,32,4,0,2,54
18-Jun-2019,54,36,6,0,2,54
17-Jun-2019,56,38,8,0,2,56
16-Jun-2019,56,42,9,0,3,56
15-Jun-2019,55,46,10,0,3,55
14-Jun-2019,56,49,8,0,2,56
13-Jun-2019,55,49,10,0,3,55
12-Jun-2019,59,49,9,0,3,59
11-Jun-2019,57,50,7,0,2,57
10-Jun-2019,61,41,7,0,2,61
09-Jun-2019,34,25,12,0,4,34
08-Jun-2019,44,26,11,0,1,44
07-Jun-2019,37,22,11,0,4,37
06-Jun-2019,38,27,8,0,2,38
05-Jun-2019,49,27,5,0,1,49
04-Jun-2019,40,26,6,0,2,40
03-Jun-2019,42,26,5,0,2,42
02-Jun-2019,72,38,5,0,2,72
01-Jun-2019,58,34,6,0,2,58
31-May-2019,57,43,9,0,2,57
30-May-2019,54,41,10,0,3,54
29-May-2019,55,44,8,0,2,55
28-May-2019,57,42,6,0,2,57
27-May-2019,57,40,6,0,2,57
26-May-2019,57,42,8,0,3,57
25-May-2019,53,44,10,0,3,53
24-May-2019,57,46,10,0,3,57
23-May-2019,55,42,8,0,3,55
22-May-2019,48,42,6,0,2,48
21-May-2019,46,42,6,0,2,46
20-May-2019,49,38,7,0,2,49
19-May-2019,58,46,10,0,3,58
18-May-2019,58,42,10,0,3,58
17-May-2019,51,38,6,0,3,51
16-May-2019,46,33,6,0,2,46
15-May-2019,44,32,6,0,2,44
14-May-2019,46,40,8,0,3,46
13-May-2019,51,40,8,0,2,51
12-May-2019,53,39,8,0,2,53
11-May-2019,54,39,8,0,2,54
10-May-2019,48,37,8,0,2,48
09-May-2019,51,36,6,0,2,51
08-May-2019,53,34,6,0,2,53
07-May-2019,47,42,7,0,3,47
06-May-2019,52,42,8,0,3,52
05-May-2019,50,44,10,0,3,50
04-May-2019,53,51,11,0,3,53
03-May-2019,50,38,8,0,2,50
02-May-2019,56,42,9,0,2,56
01-May-2019,49,40,6,0,2,49
30-Apr-2019,49,38,9,0,3,49
29-Apr-2019,45,36,7,0,2,45
28-Apr-2019,45,34,8,0,2,45
27-Apr-2019,51,38,9,0,3,51
26-Apr-2019,53,42,10,0,3,53
25-Apr-2019,50,44,10,0,3,50
24-Apr-2019,50,51,8,0,3,51
23-Apr-2019,49,48,9,0,4,49
22-Apr-2019,54,32,9,0,3,54
21-Apr-2019,49,33,9,0,3,49
20-Apr-2019,48,36,9,0,2,48
19-Apr-2019,47,29,8,0,2,47
18-Apr-2019,45,39,8,0,3,45
17-Apr-2019,49,33,6,0,2,49
16-Apr-2019,48,34,8,0,2,48
15-Apr-2019,50,32,9,0,3,50
14-Apr-2019,50,42,10,0,3,50
13-Apr-2019,51,36,8,0,2,51
12-Apr-2019,48,36,7,0,3,48
11-Apr-2019,50,40,6,0,2,50
10-Apr-2019,44,37,7,0,2,44
09-Apr-2019,50,43,8,0,3,50
08-Apr-2019,48,38,9,0,3,48
07-Apr-2019,52,37,9,0,2,52
06-Apr-2019,48,37,8,0,3,48
05-Apr-2019,49,40,8,0,3,49
04-Apr-2019,50,39,7,0,3,50
03-Apr-2019,50,34,7,0,2,50
02-Apr-2019,45,32,9,0,2,45
01-Apr-2019,47,27,9,0,3,47
31-Mar-2019,35,30,9,0,3,35
30-Mar-2019,47,32,9,0,3,47
29-Mar-2019,35,24,4,0,1,35
28-Mar-2019,25,23,6,0,2,25
27-Mar-2019,26,24,4,0,1,26
26-Mar-2019,22,29,6,0,2,29
25-Mar-2019,37,33,7,0,2,37
24-Mar-2019,46,27,10,0,3,46
23-Mar-2019,44,29,7,0,2,44
22-Mar-2019,38,28,5,0,2,38
21-Mar-2019,35,30,10,0,2,35
20-Mar-2019,42,30,8,0,2,42
19-Mar-2019,47,35,5,0,2,47
18-Mar-2019,44,32,8,0,2,44
17-Mar-2019,40,28,6,0,2,40
16-Mar-2019,41,32,8,0,2,41
15-Mar-2019,48,32,10,0,3,48
14-Mar-2019,53,30,7,0,2,53
13-Mar-2019,52,30,4,0,2,52
12-Mar-2019,43,33,3,0,2,43
11-Mar-2019,44,26,6,0,2,44
10-Mar-2019,46,26,6,0,2,46
09-Mar-2019,50,29,7,0,2,50
08-Mar-2019,42,30,8,0,2,42
07-Mar-2019,45,24,6,0,2,45
06-Mar-2019,39,25,5,0,2,39
05-Mar-2019,32,32,6,0,2,32
04-Mar-2019,35,32,5,0,2,35
03-Mar-2019,41,31,8,0,2,41
02-Mar-2019,43,30,6,0,2,43
01-Mar-2019,49,29,7,0,2,49
28-Feb-2019,49,27,8,0,2,49
27-Feb-2019,55,26,9,0,3,55
26-Feb-2019,56,32,6,0,2,56
25-Feb-2019,57,32,4,0,2,57
24-Feb-2019,48,25,4,0,2,48
23-Feb-2019,34,28,5,0,2,34
22-Feb-2019,37,26,5,0,2,37
21-Feb-2019,37,26,6,0,2,37
20-Feb-2019,35,29,8,0,2,35
19-Feb-2019,47,31,4,0,2,47
18-Feb-2019,40,26,4,0,2,40
17-Feb-2019,37,26,4,0,2,37
16-Feb-2019,42,21,6,0,2,42
15-Feb-2019,34,22,6,0,2,34
14-Feb-2019,39,23,6,0,2,39
13-Feb-2019,35,29,5,0,2,35
12-Feb-2019,38,30,2,0,2,38
11-Feb-2019,31,28,4,0,2,31
10-Feb-2019,34,30,6,0,2,34
09-Feb-2019,50,33,8,0,2,50
08-Feb-2019,52,33,10,0,3,52
07-Feb-2019,59,33,4,0,2,59
06-Feb-2019,54,30,4,0,2,54
05-Feb-2019,46,25,4,0,2,46
04-Feb-2019,36,28,5,0,2,36
03-Feb-2019,40,30,6,0,2,40
02-Feb-2019,37,34,6,0,2,37
01-Feb-2019,43,28,8,0,2,43
31-Jan-2019,38,20,5,0,2,38
30-Jan-2019,33,22,6,0,2,33
29-Jan-2019,28,26,6,0,2,28
28-Jan-2019,30,25,7,0,3,30
27-Jan-2019,35,23,10,0,3,35
26-Jan-2019,40,24,7,0,2,40
25-Jan-2019,32,23,6,0,2,32
24-Jan-2019,26,24,6,0,2,26
23-Jan-2019,28,22,7,0,2,28
22-Jan-2019,28,27,7,0,2,28
21-Jan-2019,34,26,9,0,3,34
20-Jan-2019,36,23,9,0,2,36
19-Jan-2019,32,27,10,0,3,32
18-Jan-2019,30,24,10,0,3,30
17-Jan-2019,32,26,9,0,3,32
16-Jan-2019,35,31,7,0,3,35
15-Jan-2019,40,32,9,0,2,40
14-Jan-2019,44,27,9,0,3,44
13-Jan-2019,46,24,6,0,2,46
12-Jan-2019,32,26,7,0,2,32
11-Jan-2019,28,29,6,0,2,29
10-Jan-2019,27,29,5,0,2,29
09-Jan-2019,31,19,8,0,2,31
08-Jan-2019,32,22,6,0,2,32
07-Jan-2019,36,24,6,0,2,36
06-Jan-2019,34,23,8,0,3,34
05-Jan-2019,38,20,11,0,3,38
04-Jan-2019,41,20,8,0,2,41
03-Jan-2019,30,22,7,0,2,30
02-Jan-2019,45,24,6,0,2,45
01-Jan-2019,33,34,5,0,2,34
31-Dec-2018,61,30,6,0,2,61
30-Dec-2018,57,25,5,0,2,57
29-Dec-2018,46,39,8,0,3,46
28-Dec-2018,53,40,8,0,2,53
27-Dec-2018,57,41,7,0,2,57
26-Dec-2018,58,36,9,0,3,58
25-Dec-2018,58,33,8,0,3,58
24-Dec-2018,62,38,6,0,2,62
23-Dec-2018,60,39,8,0,2,60
22-Dec-2018,60,41,10,0,2,60
21-Dec-2018,60,24,6,0,3,60
20-Dec-2018,61,33,6,0,2,61
19-Dec-2018,58,32,6,0,1,58
18-Dec-2018,56,38,7,0,1,56
17-Dec-2018,58,41,7,0,2,58
16-Dec-2018,72,45,8,0,2,72
15-Dec-2018,68,39,6,0,1,68
14-Dec-2018,67,38,4,0,1,67
13-Dec-2018,68,43,5,0,2,68
12-Dec-2018,59,35,5,0,2,59
11-Dec-2018,60,36,7,0,3,60
10-Dec-2018,62,38,6,0,2,62
09-Dec-2018,58,26,4,0,2,58
08-Dec-2018,42,24,5,0,2,42
07-Dec-2018,38,29,5,0,2,38
06-Dec-2018,33,31,6,0,2,33
05-Dec-2018,42,39,5,0,2,42
04-Dec-2018,54,41,5,0,2,54
03-Dec-2018,44,32,6,0,2,44
02-Dec-2018,58,28,7,0,2,58
01-Dec-2018,62,38,7,0,2,62
30-Nov-2018,79,19,9,0,2,79
29-Nov-2018,64,16,10,0,3,64
28-Nov-2018,79,16,16,0,8,79
27-Nov-2018,76,14,16,0,6,76
26-Nov-2018,60,15,16,0,7,60
25-Nov-2018,52,19,10,0,5,52
24-Nov-2018,50,16,9,0,4,50
23-Nov-2018,52,18,11,0,3,52
22-Nov-2018,74,14,14,0,4,74
21-Nov-2018,55,20,12,0,3,55
20-Nov-2018,43,18,20,0,6,43
19-Nov-2018,69,14,28,1,12,69
18-Nov-2018,78,25,18,1,8,78
17-Nov-2018,48,28,16,0,6,48
16-Nov-2018,42,27,14,0,7,42
15-Nov-2018,54,25,16,1,6,54
14-Nov-2018,52,20,15,0,8,52
13-Nov-2018,56,18,15,0,6,56
12-Nov-2018,50,21,8,0,2,50
11-Nov-2018,41,24,6,0,2,41
10-Nov-2018,32,22,7,0,2,32
09-Nov-2018,76,36,6,0,2,76
08-Nov-2018,59,32,4,0,1,59
07-Nov-2018,73,27,10,0,4,73
06-Nov-2018,58,22,12,0,5,58
05-Nov-2018,79,29,10,0,4,79
04-Nov-2018,86,22,10,0,2,86
03-Nov-2018,56,21,12,0,3,56
02-Nov-2018,54,18,25,1,9,54
01-Nov-2018,36,21,10,0,4,36
31-Oct-2018,55,24,17,0,6,55
30-Oct-2018,64,25,17,0,6,64
29-Oct-2018,56,21,20,0,8,56
28-Oct-2018,53,24,22,0,7,53
27-Oct-2018,72,27,14,0,2,72
26-Oct-2018,70,30,13,0,4,70
25-Oct-2018,60,24,14,0,6,60
24-Oct-2018,54,24,12,0,4,54
23-Oct-2018,69,25,13,0,5,69
22-Oct-2018,51,26,12,0,5,51
21-Oct-2018,37,24,13,0,6,37
20-Oct-2018,43,27,8,0,2,43
19-Oct-2018,48,26,6,0,1,48
18-Oct-2018,38,26,8,0,2,38
17-Oct-2018,37,27,12,0,3,37
16-Oct-2018,34,25,11,0,4,34
15-Oct-2018,40,26,10,0,2,40
14-Oct-2018,37,27,11,0,3,37
13-Oct-2018,40,27,8,0,2,40
12-Oct-2018,40,27,5,0,2,40
11-Oct-2018,36,25,7,0,2,36
10-Oct-2018,36,26,10,0,2,36
09-Oct-2018,40,19,15,0,5,40
08-Oct-2018,42,20,15,0,5,42
07-Oct-2018,40,22,15,0,5,40
06-Oct-2018,43,22,15,0,4,43
05-Oct-2018,46,24,16,0,5,46
04-Oct-2018,54,25,15,0,6,54
03-Oct-2018,67,25,16,0,7,67
02-Oct-2018,49,30,10,0,3,49
01-Oct-2018,41,27,9,6,2,41
30-Sep-2018,52,31,8,0,2,52
29-Sep-2018,38,25,7,0,2,38
28-Sep-2018,38,27,4,0,2,38
27-Sep-2018,30,30,4,0,2,30
26-Sep-2018,31,30,7,0,2,31
25-Sep-2018,36,21,8,0,2,36
24-Sep-2018,46,24,6,0,2,46
23-Sep-2018,44,24,6,0,2,44
22-Sep-2018,37,25,6,0,2,37
21-Sep-2018,36,26,8,0,3,36
20-Sep-2018,42,28,8,0,2,42
19-Sep-2018,34,28,6,0,2,34
18-Sep-2018,35,30,8,0,3,35
17-Sep-2018,41,32,8,0,3,41
16-Sep-2018,47,28,12,0,4,47
15-Sep-2018,46,24,12,0,4,46
14-Sep-2018,46,32,12,0,4,46
13-Sep-2018,50,33,12,0,3,50
12-Sep-2018,38,35,12,0,4,38
11-Sep-2018,39,37,11,0,4,39
10-Sep-2018,51,36,10,0,4,51
09-Sep-2018,36,34,11,0,3,36
08-Sep-2018,44,26,9,0,2,44
07-Sep-2018,38,20,5,0,1,38
06-Sep-2018,33,22,5,0,2,33
05-Sep-2018,30,26,8,0,2,30
04-Sep-2018,40,31,8,0,2,40
03-Sep-2018,46,30,9,0,2,46
02-Sep-2018,38,28,8,0,2,38
01-Sep-2018,58,25,9,0,3,58
31-Aug-2018,72,32,9,0,3,72
30-Aug-2018,61,34,12,0,4,61
29-Aug-2018,58,30,12,0,4,58
28-Aug-2018,52,30,16,0,6,52
27-Aug-2018,70,32,12,0,5,70
26-Aug-2018,59,27,7,0,2,59
25-Aug-2018,42,27,6,0,1,42
24-Aug-2018,36,30,9,0,2,36
23-Aug-2018,48,28,13,0,4,48
22-Aug-2018,46,23,17,0,6,46
21-Aug-2018,55,26,15,0,6,55
20-Aug-2018,73,30,15,0,6,73
19-Aug-2018,51,24,14,0,5,51
18-Aug-2018,40,22,14,0,4,40
17-Aug-2018,49,26,10,0,4,49
16-Aug-2018,62,20,12,0,4,62
15-Aug-2018,56,21,11,0,3,56
14-Aug-2018,64,24,11,0,4,64
13-Aug-2018,69,18,14,0,4,69
12-Aug-2018,53,20,16,0,5,53
11-Aug-2018,52,20,13,0,4,52
10-Aug-2018,55,24,6,0,2,55
09-Aug-2018,56,28,8,0,2,56
08-Aug-2018,42,30,12,0,4,42
07-Aug-2018,56,33,13,0,4,56
06-Aug-2018,60,32,16,0,5,60
05-Aug-2018,72,35,14,0,5,72
04-Aug-2018,65,32,15,0,5,65
03-Aug-2018,58,28,14,0,4,58
02-Aug-2018,79,22,16,0,6,79
01-Aug-2018,38,21,10,0,3,38
31-Jul-2018,27,20,6,0,2,27
30-Jul-2018,30,20,12,0,4,30
29-Jul-2018,42,15,12,0,4,42
28-Jul-2018,38,18,12,0,4,38
27-Jul-2018,34,16,12,0,4,34
26-Jul-2018,38,19,9,0,4,38
25-Jul-2018,37,12,14,0,6,37
24-Jul-2018,45,18,12,0,5,45
23-Jul-2018,44,18,11,0,4,44
22-Jul-2018,50,14,12,0,4,50
21-Jul-2018,51,14,12,0,4,51
20-Jul-2018,46,18,12,0,5,46
19-Jul-2018,48,10,19,0,6,48
18-Jul-2018,49,14,17,0,6,49
17-Jul-2018,60,15,14,0,6,60
16-Jul-2018,64,19,10,0,4,64
15-Jul-2018,52,18,8,0,2,52
14-Jul-2018,40,18,10,0,4,40
13-Jul-2018,43,17,14,0,4,43
12-Jul-2018,50,16,13,0,4,50
11-Jul-2018,53,16,10,0,4,53
10-Jul-2018,61,16,14,0,5,61
09-Jul-2018,39,20,11,0,3,39
08-Jul-2018,48,24,8,0,3,48
07-Jul-2018,45,20,12,0,3,45
06-Jul-2018,40,19,13,0,4,40
05-Jul-2018,38,19,11,0,3,38
04-Jul-2018,36,20,6,0,1,36
03-Jul-2018,35,22,8,0,4,35
02-Jul-2018,51,16,13,0,5,51
01-Jul-2018,77,11,8,0,3,77
30-Jun-2018,43,24,4,0,2,43
29-Jun-2018,40,26,6,0,2,40
28-Jun-2018,50,26,4,0,2,50
27-Jun-2018,49,21,5,0,2,49
26-Jun-2018,62,39,10,0,4,62
25-Jun-2018,60,42,8,0,2,60
24-Jun-2018,62,38,6,0,2,62
23-Jun-2018,64,37,9,0,2,64
22-Jun-2018,86,41,6,0,4,86
21-Jun-2018,57,48,7,0,2,57
20-Jun-2018,62,38,5,0,2,62
19-Jun-2018,52,30,6,0,2,52
18-Jun-2018,64,32,6,0,2,64
17-Jun-2018,43,38,8,0,2,43
16-Jun-2018,52,46,8,0,2,52
15-Jun-2018,54,42,7,0,2,54
14-Jun-2018,58,42,8,0,2,58
13-Jun-2018,57,42,6,0,1,57
12-Jun-2018,48,36,5,0,2,48
11-Jun-2018,50,34,6,0,2,50
10-Jun-2018,52,32,9,0,2,52
09-Jun-2018,52,22,8,0,2,52
08-Jun-2018,44,22,10,0,3,44
07-Jun-2018,49,24,9,0,3,49
06-Jun-2018,50,27,9,0,3,50
05-Jun-2018,56,27,10,0,4,56
04-Jun-2018,48,34,10,0,3,48
03-Jun-2018,44,29,5,0,2,44
02-Jun-2018,56,30,5,0,2,56
01-Jun-2018,55,36,8,0,2,55
31-May-2018,58,49,8,0,3,58
30-May-2018,60,36,7,0,3,60
29-May-2018,55,31,10,0,4,55
28-May-2018,54,28,8,0,3,54
27-May-2018,57,34,8,0,3,57
26-May-2018,62,39,10,0,3,62
25-May-2018,61,41,10,0,3,61
24-May-2018,60,41,7,0,2,60
23-May-2018,58,47,10,0,2,58
22-May-2018,58,47,9,0,3,58
21-May-2018,62,34,6,0,2,62
20-May-2018,54,39,6,0,2,54
19-May-2018,56,32,5,0,3,56
18-May-2018,54,30,6,0,2,54
17-May-2018,54,33,7,0,2,54
16-May-2018,63,35,7,0,3,63
15-May-2018,68,40,6,0,4,68
14-May-2018,74,42,5,0,3,74
13-May-2018,71,43,6,0,3,71
12-May-2018,73,38,6,0,2,73
11-May-2018,68,40,6,0,4,68
10-May-2018,67,39,7,0,4,67
09-May-2018,56,33,7,0,8,56
08-May-2018,56,40,8,0,3,56
07-May-2018,64,48,9,0,4,64
06-May-2018,64,46,8,0,3,64
05-May-2018,64,48,7,0,4,64
04-May-2018,61,44,9,0,4,61
03-May-2018,53,35,9,0,4,53
02-May-2018,59,32,8,0,4,59
01-May-2018,71,44,8,0,4,71
30-Apr-2018,63,46,9,0,4,63
29-Apr-2018,58,40,7,0,3,58
28-Apr-2018,54,42,6,0,2,54
27-Apr-2018,55,39,5,0,2,55
26-Apr-2018,56,36,4,0,2,56
25-Apr-2018,52,37,5,0,2,52
24-Apr-2018,57,35,8,0,3,57
23-Apr-2018,60,39,8,0,5,60
22-Apr-2018,56,30,9,0,4,56
21-Apr-2018,62,39,8,0,2,62
20-Apr-2018,87,47,8,0,2,87
19-Apr-2018,56,41,10,0,3,56
18-Apr-2018,60,39,11,0,3,60
17-Apr-2018,56,39,9,0,3,56
16-Apr-2018,53,39,8,0,3,53
15-Apr-2018,52,29,9,0,2,52
14-Apr-2018,56,36,9,0,2,56
13-Apr-2018,52,41,9,0,3,52
12-Apr-2018,52,40,10,0,3,52
11-Apr-2018,58,37,9,0,3,58
10-Apr-2018,60,37,7,0,2,60
09-Apr-2018,81,42,7,0,4,81
08-Apr-2018,78,40,4,0,3,78
07-Apr-2018,71,38,5,0,4,71
06-Apr-2018,68,41,6,0,3,68
05-Apr-2018,63,39,6,0,3,63
04-Apr-2018,60,40,8,0,2,60
03-Apr-2018,62,42,8,0,3,62
02-Apr-2018,54,46,7,0,2,54
01-Apr-2018,55,33,8,0,2,55
31-Mar-2018,56,30,10,0,2,56
30-Mar-2018,56,32,9,0,2,56
29-Mar-2018,56,34,8,0,3,56
28-Mar-2018,57,29,9,0,4,57
27-Mar-2018,74,29,7,0,2,74
26-Mar-2018,64,30,8,0,2,64
25-Mar-2018,51,31,9,0,2,51
24-Mar-2018,56,34,9,0,3,56
23-Mar-2018,68,33,11,0,4,68
22-Mar-2018,54,33,10,0,3,54
21-Mar-2018,48,34,9,0,2,48
20-Mar-2018,48,34,6,0,1,48
19-Mar-2018,48,40,10,0,2,48
18-Mar-2018,52,38,8,0,2,52
17-Mar-2018,45,34,7,0,2,45
16-Mar-2018,45,38,7,0,2,45
15-Mar-2018,43,36,9,0,3,43
14-Mar-2018,48,30,6,0,2,48
13-Mar-2018,47,31,6,0,2,47
12-Mar-2018,54,34,9,0,3,54
11-Mar-2018,52,32,7,0,3,52
10-Mar-2018,56,29,8,0,2,56
09-Mar-2018,51,30,9,0,2,51
08-Mar-2018,70,36,7,0,2,70
07-Mar-2018,66,36,8,0,2,66
06-Mar-2018,61,34,10,0,3,61
05-Mar-2018,62,30,10,2,2,62
04-Mar-2018,74,34,8,0,3,74
03-Mar-2018,66,35,7,0,3,66
02-Mar-2018,36,34,10,0,2,36
01-Mar-2018,63,32,10,0,3,63
28-Feb-2018,58,35,6,0,2,58
27-Feb-2018,56,31,8,0,2,56
26-Feb-2018,57,30,8,0,3,57
25-Feb-2018,55,24,9,0,3,55
24-Feb-2018,52,32,7,0,2,52
23-Feb-2018,53,34,7,0,1,53
22-Feb-2018,49,40,8,0,2,49
21-Feb-2018,50,38,8,0,2,50
20-Feb-2018,56,32,9,0,3,56
19-Feb-2018,50,35,6,0,2,50
18-Feb-2018,52,32,4,0,2,52
17-Feb-2018,49,24,5,0,2,49
16-Feb-2018,43,26,6,0,1,43
15-Feb-2018,37,28,6,0,2,37
14-Feb-2018,37,28,6,0,1,37
13-Feb-2018,44,26,5,0,2,44
12-Feb-2018,44,27,6,0,3,44
11-Feb-2018,45,29,4,0,2,45
10-Feb-2018,44,28,6,0,2,44
09-Feb-2018,64,34,7,0,2,64
08-Feb-2018,63,32,8,0,3,63
07-Feb-2018,64,36,10,0,3,64
06-Feb-2018,63,37,9,0,3,63
05-Feb-2018,56,36,7,0,2,56
04-Feb-2018,54,33,7,0,2,54
03-Feb-2018,56,40,8,0,2,56
02-Feb-2018,51,33,7,0,2,51
01-Feb-2018,48,26,5,0,2,48
31-Jan-2018,38,23,10,0,4,38
30-Jan-2018,37,22,11,0,3,37
29-Jan-2018,47,22,9,0,4,47
28-Jan-2018,40,24,11,0,4,40
27-Jan-2018,41,10,10,0,4,41
26-Jan-2018,39,19,10,0,2,39
25-Jan-2018,36,24,12,0,2,36
24-Jan-2018,44,18,10,0,4,44
23-Jan-2018,41,22,5,0,1,41
22-Jan-2018,32,23,6,0,2,32
21-Jan-2018,32,24,7,0,1,32
20-Jan-2018,38,22,8,0,2,38
19-Jan-2018,39,23,6,0,2,39
18-Jan-2018,38,25,8,0,2,38
17-Jan-2018,40,23,7,0,1,40
16-Jan-2018,36,24,6,0,2,36
15-Jan-2018,30,28,6,0,2,30
14-Jan-2018,31,27,8,0,4,31
13-Jan-2018,38,25,10,0,2,38
12-Jan-2018,43,27,9,0,4,43
11-Jan-2018,46,33,8,0,2,46
10-Jan-2018,46,33,8,0,2,46
09-Jan-2018,38,24,5,0,2,38
08-Jan-2018,35,26,7,0,2,35
07-Jan-2018,38,27,8,10,2,38
06-Jan-2018,42,24,7,0,2,42
05-Jan-2018,32,26,8,0,2,32
04-Jan-2018,31,24,11,0,4,31
03-Jan-2018,60,21,10,0,3,60
02-Jan-2018,36,24,6,0,1,36
01-Jan-2018,55,28,6,0,2,55
31-Dec-2017,60,39,8,0,2,60
30-Dec-2017,58,35,5,0,1,58
29-Dec-2017,44,34,6,0,1,44
28-Dec-2017,44,36,6,0,2,44
27-Dec-2017,52,43,5,0,2,52
26-Dec-2017,57,38,6,0,2,57
25-Dec-2017,54,39,7,0,2,54
24-Dec-2017,50,52,6,0,1,52
23-Dec-2017,49,38,6,0,2,49
22-Dec-2017,53,44,8,0,2,53
21-Dec-2017,58,48,9,0,2,58
20-Dec-2017,64,50,11,0,3,64
19-Dec-2017,68,45,9,0,2,68
18-Dec-2017,62,49,8,0,2,62
17-Dec-2017,56,50,7,0,2,56
16-Dec-2017,55,42,7,0,2,55
15-Dec-2017,54,42,7,0,2,54
14-Dec-2017,52,38,8,0,2,52
13-Dec-2017,48,40,8,0,2,48
12-Dec-2017,68,42,8,0,2,68
11-Dec-2017,64,47,9,0,2,64
10-Dec-2017,56,36,9,0,2,56
09-Dec-2017,45,40,7,0,2,45
08-Dec-2017,51,49,8,0,2,51
07-Dec-2017,59,42,10,0,2,59
06-Dec-2017,54,38,8,0,2,54
05-Dec-2017,63,34,8,0,2,63
04-Dec-2017,62,36,7,0,2,62
03-Dec-2017,52,32,4,0,1,52
02-Dec-2017,64,39,10,0,2,64
01-Dec-2017,50,24,8,0,2,50
30-Nov-2017,67,22,10,0,4,67
29-Nov-2017,31,15,12,0,4,31
28-Nov-2017,40,12,14,0,4,40
27-Nov-2017,54,18,9,0,4,54
26-Nov-2017,45,17,11,0,3,45
25-Nov-2017,43,16,11,0,4,43
24-Nov-2017,41,20,10,0,3,41
22-Nov-2017,42,21,9,0,3,42
21-Nov-2017,43,24,4,0,2,43
20-Nov-2017,32,21,10,0,3,32
19-Nov-2017,55,20,14,0,5,55
18-Nov-2017,54,20,11,0,4,54
17-Nov-2017,52,20,10,0,4,52
16-Nov-2017,42,21,10,0,4,42
15-Nov-2017,35,20,10,0,4,35
14-Nov-2017,48,20,6,0,2,48
13-Nov-2017,30,20,8,0,3,30
12-Nov-2017,36,18,8,0,4,36
11-Nov-2017,38,19,10,0,4,38
10-Nov-2017,48,19,10,0,4,48
09-Nov-2017,49,24,7,0,2,49
08-Nov-2017,44,30,6,0,2,44
07-Nov-2017,50,31,8,0,4,50
06-Nov-2017,61,34,6,0,2,61
05-Nov-2017,47,31,6,0,2,47
04-Nov-2017,50,20,9,0,4,50
03-Nov-2017,50,22,7,0,2,50
02-Nov-2017,40,18,12,0,4,40
01-Nov-2017,32,23,8,0,3,32
31-Oct-2017,56,18,11,0,2,56
30-Oct-2017,49,23,6,0,2,49
29-Oct-2017,42,15,8,0,2,42
28-Oct-2017,28,16,7,0,2,28
27-Oct-2017,27,14,8,0,2,27
26-Oct-2017,33,19,8,0,3,33
25-Oct-2017,42,13,10,0,2,42
24-Oct-2017,42,23,6,0,1,42
23-Oct-2017,36,22,9,0,2,36
22-Oct-2017,37,23,12,0,2,37
21-Oct-2017,36,22,12,0,3,36
20-Oct-2017,52,25,12,0,4,52
19-Oct-2017,40,28,6,0,1,40
18-Oct-2017,27,29,5,0,1,29
17-Oct-2017,27,24,6,0,1,27
16-Oct-2017,33,21,8,0,1,33
15-Oct-2017,40,20,10,0,2,40
12-Oct-2017,34,34,12,0,2,34
11-Oct-2017,44,33,12,0,3,44
10-Oct-2017,48,30,8,0,2,48
09-Oct-2017,44,24,7,0,4,44
08-Oct-2017,40,22,8,0,4,40
07-Oct-2017,39,19,15,0,6,39
06-Oct-2017,45,21,15,0,6,45
05-Oct-2017,52,22,16,0,6,52
04-Oct-2017,58,21,12,0,4,58
03-Oct-2017,39,17,6,0,2,39
02-Oct-2017,44,22,14,0,3,44
01-Oct-2017,41,24,10,0,2,41
30-Sep-2017,52,36,12,0,6,52
29-Sep-2017,58,38,11,0,6,58
28-Sep-2017,58,39,10,0,4,58
27-Sep-2017,59,34,6,0,3,59
26-Sep-2017,54,37,10,0,5,54
25-Sep-2017,48,32,11,0,4,48
24-Sep-2017,61,35,11,0,6,61
23-Sep-2017,64,40,15,0,7,64
22-Sep-2017,60,38,16,0,8,60
21-Sep-2017,64,35,11,0,6,64
20-Sep-2017,65,33,12,0,6,65
17-Sep-2017,68,30,10,0,4,68
16-Sep-2017,64,44,10,0,6,64
15-Sep-2017,66,36,11,0,5,66
14-Sep-2017,56,28,12,0,6,56
13-Sep-2017,44,30,11,0,6,44
12-Sep-2017,42,34,11,0,6,42
11-Sep-2017,47,33,14,0,6,47
10-Sep-2017,51,32,12,0,4,51
05-Sep-2017,64,33,12,0,4,64
04-Sep-2017,56,32,12,0,5,56
03-Sep-2017,60,34,12,0,6,60
02-Sep-2017,70,39,14,0,6,70
01-Sep-2017,42,32,14,0,6,42
31-Aug-2017,43,26,9,0,4,43
30-Aug-2017,50,25,6,0,2,50
26-Aug-2017,40,22,8,0,2,40
25-Aug-2017,40,21,7,0,3,40
24-Aug-2017,39,21,6,0,3,39
23-Aug-2017,34,20,10,0,4,34
22-Aug-2017,40,22,9,0,4,40
19-Aug-2017,52,19,14,0,6,52
18-Aug-2017,60,20,12,0,5,60
17-Aug-2017,56,22,10,0,4,56
16-Aug-2017,60,26,14,0,4,60
15-Aug-2017,65,23,14,0,5,65
14-Aug-2017,54,20,17,0,5,54
13-Aug-2017,53,23,16,0,6,53
12-Aug-2017,52,22,16,0,8,52
11-Aug-2017,55,22,16,0,7,55
10-Aug-2017,61,22,12,0,6,61
09-Aug-2017,55,36,12,0,6,55
08-Aug-2017,66,32,14,0,4,66
07-Aug-2017,56,32,14,0,6,56
06-Aug-2017,60,31,12,0,4,60
05-Aug-2017,55,26,12,0,6,55
04-Aug-2017,42,26,11,0,5,42
03-Aug-2017,53,24,7,0,2,53
02-Aug-2017,53,22,13,0,5,53
01-Aug-2017,48,28,12,0,6,48
31-Jul-2017,56,24,18,0,6,56
30-Jul-2017,66,22,14,0,6,66
29-Jul-2017,56,20,13,0,4,56
28-Jul-2017,57,20,11,0,4,57
27-Jul-2017,50,22,12,0,5,50
26-Jul-2017,40,23,12,0,6,40
25-Jul-2017,49,22,11,0,5,49
24-Jul-2017,43,24,9,0,6,43
23-Jul-2017,52,22,12,0,4,52
22-Jul-2017,45,20,14,0,6,45
21-Jul-2017,34,18,18,0,6,34
20-Jul-2017,49,21,15,0,6,49
19-Jul-2017,56,20,16,0,6,56
18-Jul-2017,65,20,12,0,4,65
17-Jul-2017,51,20,15,0,5,51
16-Jul-2017,46,17,20,0,8,46
15-Jul-2017,60,20,14,0,6,60
14-Jul-2017,54,20,15,0,8,54
13-Jul-2017,48,18,20,0,6,48
12-Jul-2017,53,18,18,0,7,53
11-Jul-2017,60,22,13,0,5,60
10-Jul-2017,61,20,16,0,6,61
09-Jul-2017,44,31,11,0,5,44
08-Jul-2017,53,26,14,0,5,53
07-Jul-2017,52,26,18,0,6,52
06-Jul-2017,60,24,18,0,5,60
05-Jul-2017,48,22,14,0,5,48
04-Jul-2017,52,22,17,0,7,52
03-Jul-2017,74,20,12,0,3,74
02-Jul-2017,54,21,17,0,6,54
01-Jul-2017,70,17,20,0,8,70
30-Jun-2017,90,24,14,0,6,90
29-Jun-2017,78,41,16,0,8,78
28-Jun-2017,68,46,14,0,4,68
27-Jun-2017,61,39,13,0,4,61
26-Jun-2017,75,38,12,0,9,75
25-Jun-2017,84,21,12,0,5,84
24-Jun-2017,109,44,6,0,2,109
23-Jun-2017,62,55,7,0,2,62
22-Jun-2017,68,52,6,0,2,68
21-Jun-2017,68,47,6,0,2,68
20-Jun-2017,76,42,7,0,2,76
19-Jun-2017,59,39,8,0,2,59
18-Jun-2017,65,42,6,0,2,65
17-Jun-2017,62,38,7,0,2,62
16-Jun-2017,64,39,8,0,2,64
15-Jun-2017,63,42,6,0,2,63
14-Jun-2017,63,37,6,0,2,63
13-Jun-2017,62,34,8,0,2,62
12-Jun-2017,60,35,8,0,2,60
11-Jun-2017,61,34,7,0,2,61
10-Jun-2017,62,39,8,0,2,62
09-Jun-2017,86,17,16,0,8,86
08-Jun-2017,81,22,16,0,7,81
07-Jun-2017,80,18,20,0,7,80
06-Jun-2017,82,18,19,0,6,82
05-Jun-2017,72,19,15,0,8,72
04-Jun-2017,74,23,17,0,8,74
03-Jun-2017,98,32,18,0,6,98
02-Jun-2017,63,40,10,0,2,63
01-Jun-2017,63,46,8,0,2,63
31-May-2017,57,39,5,0,1,57
30-May-2017,49,39,4,0,0,49
29-May-2017,57,41,9,0,2,57
28-May-2017,58,40,10,0,2,58
27-May-2017,61,42,7,0,2,61
26-May-2017,55,40,8,0,2,55
25-May-2017,53,44,10,0,2,53
24-May-2017,54,45,9,0,2,54
23-May-2017,56,46,8,0,2,56
22-May-2017,61,40,7,0,2,61
21-May-2017,56,36,6,0,2,56
20-May-2017,54,43,6,0,2,54
19-May-2017,57,43,10,0,2,57
18-May-2017,63,42,7,0,2,63
17-May-2017,62,39,7,0,2,62
16-May-2017,53,30,6,0,2,53
15-May-2017,50,40,7,0,2,50
14-May-2017,54,42,6,0,2,54
13-May-2017,60,38,7,0,2,60
12-May-2017,60,39,7,0,2,60
11-May-2017,58,40,6,0,2,58
10-May-2017,34,21,6,0,1,34
09-May-2017,64,44,7,0,2,64
08-May-2017,60,31,8,0,2,60
07-May-2017,58,42,8,0,2,58
06-May-2017,56,42,9,0,2,56
05-May-2017,56,42,8,0,2,56
04-May-2017,54,38,8,0,2,54
03-May-2017,56,41,6,0,1,56
02-May-2017,56,39,8,0,2,56
01-May-2017,38,21,6,0,1,38
30-Apr-2017,51,22,6,0,2,51
29-Apr-2017,50,20,4,0,1,50
28-Apr-2017,68,43,8,0,4,68
27-Apr-2017,43,18,4,0,1,43
26-Apr-2017,36,40,5,0,2,40
25-Apr-2017,41,35,4,0,2,41
24-Apr-2017,60,38,10,0,2,60
23-Apr-2017,58,35,10,0,2,58
22-Apr-2017,56,28,8,0,2,56
21-Apr-2017,53,18,8,0,2,53
20-Apr-2017,48,33,7,0,2,48
19-Apr-2017,48,30,4,0,2,48
18-Apr-2017,41,23,3,0,3,41
17-Apr-2017,49,21,4,0,1,49
16-Apr-2017,54,36,8,0,3,54
15-Apr-2017,55,32,9,0,3,55
14-Apr-2017,47,34,8,0,2,47
13-Apr-2017,46,33,8,0,3,46
12-Apr-2017,47,31,6,0,3,47
11-Apr-2017,35,18,6,0,2,35
10-Apr-2017,29,22,8,0,3,29
09-Apr-2017,40,22,4,0,1,40
08-Apr-2017,61,47,7,0,2,61
07-Apr-2017,68,42,8,0,3,68
06-Apr-2017,66,50,10,0,4,66
05-Apr-2017,48,28,6,0,2,48
30-Mar-2017,64,36,11,0,2,64
29-Mar-2017,50,34,10,0,4,50
28-Mar-2017,49,40,10,0,3,49
27-Mar-2017,41,40,10,0,4,41
26-Mar-2017,51,36,9,0,4,51
25-Mar-2017,57,27,7,0,6,57
24-Mar-2017,32,18,4,0,0,32
23-Mar-2017,27,22,3,0,0,27
22-Mar-2017,47,41,9,0,2,47
21-Mar-2017,50,46,11,0,2,50
20-Mar-2017,53,36,7,0,2,53
19-Mar-2017,37,28,6,0,1,37
18-Mar-2017,34,33,9,0,2,34
17-Mar-2017,46,32,10,0,2,46
16-Mar-2017,49,36,6,0,1,49
15-Mar-2017,44,40,6,0,1,44
14-Mar-2017,36,38,7,0,1,38
13-Mar-2017,45,41,9,0,2,45
12-Mar-2017,50,41,7,0,2,50
11-Mar-2017,46,36,8,0,1,46
10-Mar-2017,43,34,6,0,1,43
09-Mar-2017,53,38,9,0,5,53
08-Mar-2017,53,34,12,0,5,53
07-Mar-2017,58,38,10,0,5,58
06-Mar-2017,66,30,5,0,2,66
05-Mar-2017,35,20,4,0,2,35
04-Mar-2017,37,22,5,0,3,37
03-Mar-2017,54,30,12,0,5,54
02-Mar-2017,46,29,5,0,1,46
01-Mar-2017,44,28,6,0,1,44
28-Feb-2017,52,34,4,0,1,52
27-Feb-2017,45,34,3,0,1,45
26-Feb-2017,40,32,6,0,1,40
25-Feb-2017,44,33,8,0,1,44
24-Feb-2017,50,33,8,0,1,50
23-Feb-2017,52,33,9,0,2,52
22-Feb-2017,54,37,7,0,1,54
21-Feb-2017,50,37,5,0,1,50
20-Feb-2017,48,39,6,0,1,48
19-Feb-2017,48,34,8,0,1,48
18-Feb-2017,45,30,10,0,2,45
17-Feb-2017,56,27,7,0,2,56
16-Feb-2017,52,28,7,0,2,52
15-Feb-2017,46,35,6,0,2,46
14-Feb-2017,44,42,7,0,2,44
13-Feb-2017,61,43,7,0,2,61
12-Feb-2017,59,38,7,0,2,59
11-Feb-2017,58,30,7,0,1,58
10-Feb-2017,49,30,6,3,1,49
09-Feb-2017,43,30,6,0,1,43
08-Feb-2017,42,39,9,0,2,42
07-Feb-2017,46,48,11,0,2,48
06-Feb-2017,49,37,7,0,1,49
05-Feb-2017,50,37,6,0,1,50
04-Feb-2017,54,38,8,0,1,54
03-Feb-2017,48,30,9,0,1,48
02-Feb-2017,54,35,6,0,1,54
01-Feb-2017,45,36,6,0,2,45
31-Jan-2017,39,21,9,0,2,39
30-Jan-2017,38,24,11,0,2,38
29-Jan-2017,44,32,14,0,4,44
28-Jan-2017,52,36,15,0,4,52
27-Jan-2017,58,36,13,0,3,58
26-Jan-2017,64,32,12,0,3,64
25-Jan-2017,73,28,15,0,4,73
24-Jan-2017,78,36,14,0,3,78
23-Jan-2017,63,31,13,0,3,63
22-Jan-2017,50,28,13,0,3,50
21-Jan-2017,63,32,13,0,3,63
20-Jan-2017,61,30,9,0,2,61
19-Jan-2017,52,26,5,0,1,52
18-Jan-2017,38,20,7,0,1,38
17-Jan-2017,35,30,4,0,1,35
16-Jan-2017,32,30,4,0,1,32
15-Jan-2017,27,33,7,0,2,33
14-Jan-2017,37,35,6,0,1,37
13-Jan-2017,36,29,5,0,2,36
12-Jan-2017,41,27,6,0,2,41
11-Jan-2017,39,26,7,0,1,39
10-Jan-2017,40,27,10,0,3,40
09-Jan-2017,36,28,11,0,2,36
08-Jan-2017,43,28,14,0,2,43
07-Jan-2017,43,28,14,0,3,43
06-Jan-2017,37,32,15,0,3,37
05-Jan-2017,47,33,12,0,3,47
04-Jan-2017,50,27,6,0,1,50
03-Jan-2017,39,26,12,0,3,39
02-Jan-2017,81,30,6,0,2,81
01-Jan-2017,45,31,9,0,2,45
31-Dec-2016,54,32,2,0,2,54
30-Dec-2016,50,34,4,0,2,50
29-Dec-2016,48,31,2,0,2,48
28-Dec-2016,64,48,2,0,3,64
27-Dec-2016,64,58,3,0,3,64
26-Dec-2016,61,48,2,0,3,61
25-Dec-2016,56,32,2,0,2,56
24-Dec-2016,55,32,2,0,2,55
23-Dec-2016,60,40,2,0,2,60
22-Dec-2016,58,38,3,0,2,58
21-Dec-2016,70,41,4,0,2,70
20-Dec-2016,62,39,3,0,2,62
19-Dec-2016,46,34,5,0,2,46
18-Dec-2016,43,42,6,0,2,43
17-Dec-2016,58,36,6,0,2,58
16-Dec-2016,42,23,5,0,1,42
15-Dec-2016,25,6,1,0,0,25
14-Dec-2016,50,16,1,0,2,50
13-Dec-2016,61,32,2,0,3,61
12-Dec-2016,48,32,3,0,3,48
11-Dec-2016,53,33,4,0,2,53
10-Dec-2016,64,26,3,0,2,64
09-Dec-2016,38,30,2,0,2,38
08-Dec-2016,40,25,2,0,2,40
07-Dec-2016,41,26,2,0,2,41
06-Dec-2016,37,24,2,0,2,37
05-Dec-2016,46,29,1,0,2,46
04-Dec-2016,48,28,1,0,2,48
03-Dec-2016,40,23,2,0,2,40
02-Dec-2016,55,36,4,0,2,55
01-Dec-2016,62,32,4,0,2,62
30-Nov-2016,66,39,9,0,3,66
29-Nov-2016,62,29,8,0,3,62
28-Nov-2016,75,26,6,0,3,75
27-Nov-2016,68,21,4,0,2,68
26-Nov-2016,238,19,4,0,3,238
25-Nov-2016,44,19,7,0,4,44
24-Nov-2016,41,16,4,0,4,41
23-Nov-2016,52,18,4,0,4,52
22-Nov-2016,71,18,5,0,3,71
21-Nov-2016,54,21,4,0,3,54
20-Nov-2016,47,21,4,0,4,47
19-Nov-2016,48,14,4,0,4,48
18-Nov-2016,60,14,4,0,4,60
17-Nov-2016,55,17,3,0,4,55
16-Nov-2016,53,19,4,0,4,53
15-Nov-2016,53,14,2,0,5,53
14-Nov-2016,48,17,2,0,4,48
13-Nov-2016,47,18,3,0,4,47
12-Nov-2016,43,21,2,0,4,43
11-Nov-2016,42,21,2,0,4,42
07-Nov-2016,64,30,2,0,2,64
06-Nov-2016,55,33,5,0,2,55
05-Nov-2016,58,37,6,0,2,58
04-Nov-2016,61,36,7,0,2,61
03-Nov-2016,68,42,7,0,3,68
02-Nov-2016,37,17,3,0,5,37
01-Nov-2016,32,22,2,0,3,32
31-Oct-2016,48,24,2,0,4,48
30-Oct-2016,33,24,4,0,4,33
29-Oct-2016,29,26,3,0,4,29
28-Oct-2016,36,22,2,0,4,36
27-Oct-2016,36,22,3,0,3,36
26-Oct-2016,43,25,2,0,4,43
25-Oct-2016,46,28,3,0,4,46
24-Oct-2016,56,28,6,0,5,56
23-Oct-2016,58,28,5,0,6,58
22-Oct-2016,49,28,4,0,6,49
21-Oct-2016,38,31,5,0,6,38
20-Oct-2016,38,30,5,0,5,38
19-Oct-2016,43,33,2,0,3,43
18-Oct-2016,49,28,4,0,5,49
17-Oct-2016,52,28,4,0,6,52
16-Oct-2016,58,29,2,0,4,58
15-Oct-2016,50,26,4,0,5,50
14-Oct-2016,51,22,5,0,5,51
13-Oct-2016,52,26,4,0,4,52
12-Oct-2016,54,29,2,0,3,54
11-Oct-2016,46,25,4,0,5,46
10-Oct-2016,52,28,2,0,4,52
09-Oct-2016,28,21,4,0,4,28
08-Oct-2016,27,20,2,0,4,27
07-Oct-2016,25,23,2,0,3,25
06-Oct-2016,28,22,4,0,4,28
05-Oct-2016,40,21,4,0,5,40
04-Oct-2016,46,28,2,0,4,46
03-Oct-2016,28,25,2,0,4,28
02-Oct-2016,48,31,3,0,4,48
01-Oct-2016,50,31,3,0,5,50
30-Sep-2016,43,27,7,0,3,43
29-Sep-2016,34,32,6,0,3,34
28-Sep-2016,35,34,11,0,4,35
27-Sep-2016,46,34,12,0,4,46
26-Sep-2016,36,36,9,0,4,36
25-Sep-2016,36,34,10,0,4,36
24-Sep-2016,34,24,10,0,4,34
23-Sep-2016,35,21,8,0,3,35
22-Sep-2016,44,21,4,0,2,44
21-Sep-2016,53,26,7,0,3,53
20-Sep-2016,59,27,6,0,2,59
19-Sep-2016,35,19,2,0,2,35
18-Sep-2016,22,21,6,0,2,22
17-Sep-2016,31,27,9,0,3,31
16-Sep-2016,42,28,12,0,2,42
15-Sep-2016,37,28,13,0,4,37
14-Sep-2016,37,32,15,0,4,37
13-Sep-2016,44,31,13,0,4,44
12-Sep-2016,46,24,14,0,4,46
11-Sep-2016,35,12,6,0,2,35
10-Sep-2016,34,15,4,0,2,34
09-Sep-2016,51,30,4,0,1,51
08-Sep-2016,38,27,9,0,2,38
07-Sep-2016,40,26,6,0,2,40
03-Sep-2016,38,29,8,0,2,38
02-Sep-2016,54,17,7,0,2,54
01-Sep-2016,34,15,8,0,3,34
31-Aug-2016,48,24,11,0,3,48
30-Aug-2016,43,24,14,0,4,43
29-Aug-2016,41,26,16,0,5,41
28-Aug-2016,57,26,12,0,4,57
27-Aug-2016,54,24,15,0,4,54
26-Aug-2016,16,5,4,0,0,16
25-Aug-2016,25,8,2,0,0,25
24-Aug-2016,22,8,2,0,0,22
23-Aug-2016,44,27,14,0,4,44
22-Aug-2016,44,22,15,0,4,44
21-Aug-2016,42,30,12,0,4,42
20-Aug-2016,42,27,16,0,4,42
19-Aug-2016,56,22,14,0,4,56
18-Aug-2016,52,26,9,0,2,52
17-Aug-2016,35,21,14,0,4,35
16-Aug-2016,35,20,16,0,5,35
15-Aug-2016,52,20,12,0,4,52
14-Aug-2016,64,22,7,0,2,64
13-Aug-2016,48,20,10,0,3,48
12-Aug-2016,50,21,12,0,3,50
11-Aug-2016,49,18,16,0,5,49
10-Aug-2016,61,18,14,0,5,61
09-Aug-2016,35,24,8,0,4,35
08-Aug-2016,40,18,6,0,2,40
07-Aug-2016,32,21,4,0,2,32
06-Aug-2016,23,21,7,0,2,23
05-Aug-2016,27,22,8,0,3,27
04-Aug-2016,38,22,12,0,4,38
03-Aug-2016,34,22,16,0,5,34
02-Aug-2016,43,20,20,0,5,43
01-Aug-2016,62,18,10,0,3,62
31-Jul-2016,40,20,14,0,10,40
30-Jul-2016,50,17,16,0,6,50
29-Jul-2016,60,20,12,0,4,60
28-Jul-2016,62,18,13,0,4,62
27-Jul-2016,45,16,13,0,4,45
26-Jul-2016,49,12,14,0,4,49
25-Jul-2016,68,16,10,0,3,68
24-Jul-2016,82,12,9,0,3,82
23-Jul-2016,67,14,10,0,3,67
22-Jul-2016,50,13,12,0,5,50
21-Jul-2016,61,12,15,0,6,61
20-Jul-2016,77,14,13,0,4,77
19-Jul-2016,36,24,7,0,3,36
18-Jul-2016,36,24,8,0,3,36
17-Jul-2016,35,30,14,0,4,35
16-Jul-2016,39,25,14,0,4,39
15-Jul-2016,34,23,10,0,3,34
14-Jul-2016,44,24,9,0,3,44
13-Jul-2016,64,30,5,0,3,64
12-Jul-2016,38,32,6,0,3,38
11-Jul-2016,48,33,6,0,3,48
10-Jul-2016,50,33,9,0,3,50
09-Jul-2016,58,18,11,0,3,58
08-Jul-2016,48,15,12,0,3,48
07-Jul-2016,54,15,16,0,5,54
06-Jul-2016,53,13,16,0,5,53
05-Jul-2016,62,22,9,0,3,62
04-Jul-2016,46,24,9,0,2,46
03-Jul-2016,60,19,14,0,5,60
02-Jul-2016,54,22,6,0,3,54
01-Jul-2016,38,27,12,0,4,38
30-Jun-2016,60,38,4,0,2,60
29-Jun-2016,46,38,3,0,2,46
28-Jun-2016,46,39,4,0,2,46
27-Jun-2016,48,38,2,0,2,48
26-Jun-2016,48,47,3,0,2,48
25-Jun-2016,56,45,4,0,2,56
24-Jun-2016,60,38,2,0,2,60
23-Jun-2016,54,38,3,0,2,54
22-Jun-2016,52,41,3,0,2,52
21-Jun-2016,58,34,2,0,2,58
20-Jun-2016,53,43,1,0,2,53
19-Jun-2016,53,37,2,0,2,53
18-Jun-2016,59,34,1,0,2,59
15-Jun-2016,50,37,2,0,2,50
14-Jun-2016,50,36,2,0,3,50
13-Jun-2016,50,37,5,0,3,50
12-Jun-2016,46,40,5,0,2,46
11-Jun-2016,49,43,7,0,3,49
10-Jun-2016,58,48,8,0,3,58
09-Jun-2016,40,26,12,0,5,40
08-Jun-2016,50,27,10,0,4,50
07-Jun-2016,44,33,8,0,3,44
06-Jun-2016,45,33,6,0,3,45
05-Jun-2016,45,32,8,0,3,45
04-Jun-2016,62,37,6,0,2,62
03-Jun-2016,52,36,4,0,2,52
02-Jun-2016,50,44,4,0,2,50
01-Jun-2016,57,42,9,0,2,57
31-May-2016,51,39,4,0,2,51
30-May-2016,46,35,5,0,2,46
29-May-2016,43,36,6,0,2,43
28-May-2016,44,35,6,0,2,44
27-May-2016,56,36,6,0,2,56
26-May-2016,57,34,4,0,2,57
25-May-2016,55,36,4,0,2,55
24-May-2016,51,39,6,0,2,51
23-May-2016,57,38,6,0,2,57
22-May-2016,59,35,8,0,2,59
21-May-2016,58,36,6,0,2,58
20-May-2016,58,34,6,0,2,58
19-May-2016,48,40,6,0,2,48
18-May-2016,51,49,7,0,2,51
17-May-2016,51,48,13,0,2,51
16-May-2016,52,41,10,0,3,52
15-May-2016,47,36,11,0,3,47
14-May-2016,54,36,8,0,2,54
13-May-2016,56,32,5,0,2,56
12-May-2016,42,19,4,0,2,42
11-May-2016,39,20,6,0,2,39
10-May-2016,44,19,4,0,2,44
09-May-2016,57,37,7,0,3,57
08-May-2016,53,38,5,0,2,53
07-May-2016,52,42,5,0,2,52
06-May-2016,46,39,6,0,2,46
05-May-2016,45,40,7,0,2,45
04-May-2016,49,41,6,0,2,49
03-May-2016,47,31,4,0,2,47
02-May-2016,52,38,5,0,2,52
01-May-2016,53,36,10,0,3,53
30-Apr-2016,52,29,8,0,1,52
29-Apr-2016,58,36,6,0,2,58
28-Apr-2016,55,39,5,0,2,55
27-Apr-2016,38,20,2,0,1,38
26-Apr-2016,16,8,0,0,0,16
25-Apr-2016,16,10,0,0,0,16
24-Apr-2016,32,25,2,0,2,32
23-Apr-2016,49,32,6,0,2,49
22-Apr-2016,56,35,5,0,2,56
21-Apr-2016,49,40,4,0,2,49
20-Apr-2016,49,30,4,0,2,49
19-Apr-2016,53,24,3,0,1,53
18-Apr-2016,50,29,4,0,1,50
17-Apr-2016,38,28,7,0,2,38
16-Apr-2016,40,33,8,0,2,40
15-Apr-2016,52,41,8,0,3,52
14-Apr-2016,58,36,8,0,3,58
13-Apr-2016,57,35,10,0,3,57
12-Apr-2016,60,33,11,0,3,60
11-Apr-2016,53,26,9,0,2,53
10-Apr-2016,48,22,5,0,2,48
09-Apr-2016,57,32,10,0,2,57
08-Apr-2016,58,30,8,0,2,58
07-Apr-2016,61,38,8,0,2,61
06-Apr-2016,60,38,6,0,2,60
03-Apr-2016,55,31,8,0,3,55
02-Apr-2016,46,28,2,0,2,46
01-Apr-2016,48,24,6,0,2,48
31-Mar-2016,52,35,10,0,3,52
30-Mar-2016,53,31,10,0,3,53
29-Mar-2016,47,36,3,0,3,47
26-Mar-2016,40,37,5,0,5,40
25-Mar-2016,48,25,4,0,4,48
24-Mar-2016,52,24,2,0,3,52
23-Mar-2016,55,24,2,0,3,55
22-Mar-2016,48,25,1,0,2,48
21-Mar-2016,46,29,1,0,3,46
20-Mar-2016,46,28,2,0,3,46
19-Mar-2016,48,29,2,0,3,48
18-Mar-2016,54,29,2,0,2,54
17-Mar-2016,52,33,2,0,2,52
16-Mar-2016,28,34,3,0,4,34
15-Mar-2016,39,42,3,0,4,42
10-Mar-2016,43,26,2,0,2,43
09-Mar-2016,55,27,8,0,3,55
08-Mar-2016,46,30,10,0,3,46
07-Mar-2016,46,33,11,0,3,46
05-Mar-2016,46,30,9,0,3,46
04-Mar-2016,47,35,8,0,2,47
03-Mar-2016,50,37,5,0,3,50
02-Mar-2016,46,26,2,0,3,46
01-Mar-2016,37,31,1,0,3,37
29-Feb-2016,44,31,1,0,3,44
28-Feb-2016,55,30,2,0,4,55
27-Feb-2016,51,32,2,0,3,51
26-Feb-2016,57,26,2,0,2,57
25-Feb-2016,49,23,2,0,2,49
24-Feb-2016,40,26,4,0,2,40
23-Feb-2016,36,25,1,0,2,36
22-Feb-2016,37,24,1,0,2,37
20-Feb-2016,41,29,2,0,2,41
19-Feb-2016,54,32,2,0,2,54
18-Feb-2016,56,32,2,0,2,56
17-Feb-2016,64,31,1,0,2,64
16-Feb-2016,51,30,2,0,2,51
15-Feb-2016,46,30,2,0,2,46
14-Feb-2016,46,40,1,0,3,46
13-Feb-2016,49,40,2,0,3,49
12-Feb-2016,51,47,2,0,2,51
11-Feb-2016,53,33,2,0,2,53
10-Feb-2016,46,28,1,0,2,46
09-Feb-2016,42,32,1,0,3,42
07-Feb-2016,56,37,2,0,4,56
06-Feb-2016,56,32,2,0,3,56
05-Feb-2016,50,30,3,0,3,50
04-Feb-2016,46,27,2,0,2,46
03-Feb-2016,40,29,1,0,3,40
02-Feb-2016,46,33,2,0,2,46
01-Feb-2016,38,30,2,0,3,38
31-Jan-2016,46,26,2,0,4,46
30-Jan-2016,48,28,2,0,3,48
29-Jan-2016,52,27,2,0,4,52
28-Jan-2016,52,32,2,0,4,52
27-Jan-2016,51,30,2,0,4,51
26-Jan-2016,47,24,2,0,3,47
25-Jan-2016,38,26,2,0,4,38
24-Jan-2016,42,22,2,0,4,42
23-Jan-2016,53,25,2,0,3,53
22-Jan-2016,44,28,2,0,4,44
21-Jan-2016,48,32,3,0,4,48
20-Jan-2016,59,34,2,0,4,59
16-Jan-2016,54,27,2,0,3,54
15-Jan-2016,48,33,2,0,3,48
14-Jan-2016,58,33,3,0,4,58
13-Jan-2016,54,28,2,0,3,54
12-Jan-2016,60,28,3,0,3,60
11-Jan-2016,49,29,2,0,2,49
10-Jan-2016,44,32,0,0,3,44
09-Jan-2016,54,28,4,0,5,54
08-Jan-2016,60,24,4,0,6,60
07-Jan-2016,64,30,3,0,5,64
06-Jan-2016,56,26,3,0,4,56
05-Jan-2016,54,27,4,0,4,54
31-Dec-2015,50,18,2,0,5,50
30-Dec-2015,55,22,2,0,3,55
29-Dec-2015,57,23,3,0,4,57
28-Dec-2015,58,25,2,0,3,58
27-Dec-2015,47,35,4,0,3,47
26-Dec-2015,54,45,2,0,4,54
25-Dec-2015,67,50,3,0,4,67
24-Dec-2015,69,48,3,0,4,69
23-Dec-2015,72,40,3,0,5,72
22-Dec-2015,79,38,4,0,4,79
21-Dec-2015,90,43,4,0,5,90
20-Dec-2015,83,22,3,0,4,83
19-Dec-2015,66,34,2,0,3,66
18-Dec-2015,55,36,2,0,4,55
17-Dec-2015,48,37,2,0,4,48
16-Dec-2015,58,34,4,0,5,58
15-Dec-2015,60,28,3,0,4,60
14-Dec-2015,60,43,4,0,4,60
13-Dec-2015,57,36,3,0,4,57
12-Dec-2015,69,38,2,0,4,69
11-Dec-2015,68,29,3,0,4,68
10-Dec-2015,72,29,2,0,4,72
09-Dec-2015,54,25,11,0,5,54
08-Dec-2015,60,23,10,0,5,60
07-Dec-2015,72,28,10,0,4,72
06-Dec-2015,72,24,5,0,5,72
05-Dec-2015,53,28,4,0,4,53
04-Dec-2015,59,26,3,0,4,59
03-Dec-2015,57,24,2,0,4,57
02-Dec-2015,78,18,2,0,4,78
01-Dec-2015,76,30,3,0,4,76
30-Nov-2015,55,26,3,0,4,55
29-Nov-2015,64,22,2,0,4,64
28-Nov-2015,70,25,2,0,3,70
27-Nov-2015,67,19,1,0,2,67
26-Nov-2015,57,31,2,0,3,57
25-Nov-2015,64,30,4,0,3,64
24-Nov-2015,42,32,3,0,3,42
23-Nov-2015,48,28,5,0,3,48
22-Nov-2015,65,22,14,0,6,65
21-Nov-2015,69,14,4,0,7,69
20-Nov-2015,88,14,2,0,5,88
19-Nov-2015,54,14,6,0,5,54
18-Nov-2015,64,10,5,0,6,64
17-Nov-2015,60,14,4,0,5,60
16-Nov-2015,51,16,8,0,5,51
15-Nov-2015,52,20,4,0,5,52
14-Nov-2015,64,21,2,0,3,64
13-Nov-2015,52,20,2,0,4,52
11-Nov-2015,63,17,3,0,4,63
10-Nov-2015,64,24,2,0,4,64
09-Nov-2015,84,33,2,0,4,84
08-Nov-2015,87,29,2,0,3,87
07-Nov-2015,71,33,2,0,3,71
06-Nov-2015,55,33,2,0,3,55
05-Nov-2015,54,26,2,0,3,54
04-Nov-2015,50,27,5,0,4,50
03-Nov-2015,60,21,3,0,4,60
02-Nov-2015,85,16,3,0,4,85
01-Nov-2015,65,27,5,0,5,65
31-Oct-2015,41,23,4,0,5,41
30-Oct-2015,47,20,2,0,3,47
29-Oct-2015,46,12,2,0,4,46
28-Oct-2015,49,20,5,0,4,49
27-Oct-2015,52,18,3,0,5,52
26-Oct-2015,58,24,2,0,4,58
25-Oct-2015,72,20,3,0,4,72
24-Oct-2015,73,18,3,0,6,73
23-Oct-2015,82,18,4,0,5,82
22-Oct-2015,71,21,3,0,6,71
21-Oct-2015,55,15,3,0,5,55
20-Oct-2015,73,22,4,0,6,73
19-Oct-2015,72,18,4,0,5,72
18-Oct-2015,65,14,2,0,5,65
17-Oct-2015,62,18,2,0,4,62
16-Oct-2015,51,15,2,0,4,51
15-Oct-2015,54,20,3,0,4,54
14-Oct-2015,53,19,1,0,3,53
13-Oct-2015,40,19,2,0,4,40
12-Oct-2015,58,21,2,0,4,58
11-Oct-2015,60,21,2,0,5,60
10-Oct-2015,57,22,2,0,5,57
09-Oct-2015,68,27,4,0,4,68
08-Oct-2015,62,24,7,0,5,62
07-Oct-2015,74,21,10,0,6,74
06-Oct-2015,65,20,6,0,6,65
05-Oct-2015,72,18,4,0,4,72
04-Oct-2015,62,20,3,0,4,62
03-Oct-2015,44,21,2,0,4,44
02-Oct-2015,79,20,3,0,5,79
01-Oct-2015,54,31,4,0,6,54
30-Sep-2015,41,29,1,0,4,41
29-Sep-2015,46,25,3,0,3,46
28-Sep-2015,52,28,4,0,3,52
27-Sep-2015,61,32,2,0,3,61
26-Sep-2015,56,29,5,0,4,56
25-Sep-2015,75,31,3,0,3,75
24-Sep-2015,46,36,2,0,3,46
23-Sep-2015,45,33,4,0,3,45
22-Sep-2015,55,27,5,0,3,55
21-Sep-2015,42,28,4,0,4,42
20-Sep-2015,52,32,2,0,3,52
19-Sep-2015,45,32,2,0,3,45
18-Sep-2015,50,27,2,0,3,50
17-Sep-2015,49,21,2,0,3,49
16-Sep-2015,52,24,2,0,2,52
15-Sep-2015,47,26,2,0,2,47
14-Sep-2015,51,26,2,0,3,51
13-Sep-2015,48,34,3,0,3,48
12-Sep-2015,56,28,2,0,3,56
11-Sep-2015,46,24,3,0,2,46
10-Sep-2015,57,28,3,0,4,57
09-Sep-2015,40,32,1,0,3,40
08-Sep-2015,42,36,2,0,4,42
07-Sep-2015,49,33,2,0,3,49
06-Sep-2015,46,30,2,0,3,46
05-Sep-2015,45,33,2,0,2,45
04-Sep-2015,37,32,2,0,3,37
03-Sep-2015,40,26,4,0,3,40
02-Sep-2015,43,27,3,0,3,43
01-Sep-2015,52,25,4,0,4,52
31-Aug-2015,38,24,2,0,2,38
30-Aug-2015,27,25,5,0,3,27
29-Aug-2015,38,21,8,0,4,38
28-Aug-2015,40,24,6,0,4,40
27-Aug-2015,33,26,4,0,3,33
26-Aug-2015,29,24,3,0,2,29
25-Aug-2015,36,25,6,0,2,36
24-Aug-2015,34,26,10,0,3,34
23-Aug-2015,36,25,11,0,4,36
22-Aug-2015,42,22,11,0,4,42
21-Aug-2015,47,22,11,0,5,47
20-Aug-2015,34,25,9,0,3,34
19-Aug-2015,31,20,16,0,4,31
18-Aug-2015,41,18,19,0,6,41
17-Aug-2015,55,24,8,0,4,55
16-Aug-2015,52,22,6,0,2,52
15-Aug-2015,41,20,8,0,3,41
14-Aug-2015,49,22,10,0,3,49
13-Aug-2015,53,23,7,0,4,53
12-Aug-2015,38,24,8,0,3,38
11-Aug-2015,45,22,4,0,2,45
10-Aug-2015,39,20,9,0,4,39
09-Aug-2015,182,25,4,0,4,182
08-Aug-2015,44,26,3,0,3,44
07-Aug-2015,38,28,6,0,4,38
06-Aug-2015,42,29,6,0,5,42
05-Aug-2015,38,30,5,0,4,38
04-Aug-2015,39,26,2,0,2,39
03-Aug-2015,36,24,7,0,4,36
02-Aug-2015,35,24,7,0,2,35
01-Aug-2015,44,19,14,0,5,44
31-Jul-2015,51,23,10,0,4,51
30-Jul-2015,52,20,9,0,4,52
29-Jul-2015,56,18,8,0,4,56
28-Jul-2015,52,15,10,0,4,52
27-Jul-2015,57,16,8,0,4,57
26-Jul-2015,44,19,7,0,4,44
25-Jul-2015,48,21,6,0,3,48
24-Jul-2015,47,26,6,0,4,47
23-Jul-2015,39,21,10,0,6,39
22-Jul-2015,54,21,7,0,4,54
21-Jul-2015,60,23,3,0,2,60
20-Jul-2015,52,22,4,0,2,52
19-Jul-2015,52,22,4,0,2,52
18-Jul-2015,38,16,2,0,1,38
17-Jul-2015,49,26,5,0,3,49
16-Jul-2015,34,14,7,0,3,34
15-Jul-2015,58,24,8,0,4,58
14-Jul-2015,58,32,6,0,4,58
13-Jul-2015,58,28,5,0,3,58
12-Jul-2015,53,25,6,0,5,53
11-Jul-2015,94,23,5,0,3,94
10-Jul-2015,61,36,3,0,4,61
09-Jul-2015,48,24,8,0,3,48
08-Jul-2015,41,23,6,0,2,41
07-Jul-2015,45,23,8,0,3,45
06-Jul-2015,46,22,8,0,2,46
05-Jul-2015,46,22,8,0,2,46
04-Jul-2015,50,24,7,0,2,50
03-Jul-2015,55,22,9,0,5,55
02-Jul-2015,51,22,4,0,2,51
01-Jul-2015,60,30,2,0,3,60
30-Jun-2015,65,32,2,0,2,65
28-Jun-2015,44,20,2,0,2,44
27-Jun-2015,58,32,2,0,3,58
26-Jun-2015,58,35,6,0,3,58
25-Jun-2015,55,29,3,0,4,55
24-Jun-2015,54,28,1,0,3,54
23-Jun-2015,54,26,2,0,2,54
22-Jun-2015,54,32,2,0,3,54
21-Jun-2015,62,34,2,0,2,62
20-Jun-2015,55,26,1,0,2,55
19-Jun-2015,49,39,3,0,2,49
18-Jun-2015,59,43,2,0,3,59
17-Jun-2015,63,40,4,0,3,63
16-Jun-2015,60,34,5,0,3,60
15-Jun-2015,52,40,3,0,3,52
14-Jun-2015,58,41,3,0,3,58
13-Jun-2015,56,36,3,0,3,56
12-Jun-2015,52,33,6,0,4,52
11-Jun-2015,58,30,4,0,3,58
10-Jun-2015,53,22,4,0,3,53
09-Jun-2015,65,25,1,0,2,65
08-Jun-2015,45,25,2,0,2,45
06-Jun-2015,42,30,3,0,4,42
05-Jun-2015,60,29,4,0,4,60
04-Jun-2015,58,29,5,0,4,58
03-Jun-2015,42,25,2,0,2,42
02-Jun-2015,53,27,3,0,2,53
01-Jun-2015,52,23,2,0,3,52
31-May-2015,60,36,3,0,3,60
30-May-2015,60,39,4,0,3,60
29-May-2015,63,48,3,0,4,63
28-May-2015,69,37,4,0,4,69
27-May-2015,70,36,3,0,4,70
26-May-2015,69,41,2,0,3,69
25-May-2015,68,40,2,0,3,68
23-May-2015,63,40,3,0,4,63
22-May-2015,62,40,3,0,4,62
21-May-2015,63,40,3,0,3,63
20-May-2015,62,38,4,0,3,62
19-May-2015,60,45,2,0,3,60
18-May-2015,64,42,3,0,2,64
17-May-2015,59,42,2,0,3,59
16-May-2015,56,33,3,0,2,56
15-May-2015,51,34,4,0,3,51
14-May-2015,60,41,3,0,3,60
13-May-2015,63,41,2,0,2,63
12-May-2015,63,37,3,0,2,63
08-May-2015,51,28,1,0,3,51
07-May-2015,55,30,2,0,3,55
06-May-2015,58,32,2,0,3,58
05-May-2015,61,42,3,0,4,61
04-May-2015,63,42,2,0,3,63
03-May-2015,63,44,2,0,3,63
02-May-2015,59,44,3,0,3,59
01-May-2015,65,34,2,0,2,65
30-Apr-2015,58,37,2,0,3,58
29-Apr-2015,55,37,2,0,3,55
28-Apr-2015,53,34,2,0,3,53
27-Apr-2015,48,27,1,0,2,48
26-Apr-2015,43,27,1,0,2,43
25-Apr-2015,47,31,1,0,2,47
24-Apr-2015,57,42,3,0,3,57
23-Apr-2015,56,52,2,0,3,56
22-Apr-2015,57,37,3,0,3,57
21-Apr-2015,60,28,3,0,3,60
20-Apr-2015,57,38,3,0,4,57
19-Apr-2015,65,42,2,0,3,65
18-Apr-2015,59,29,4,0,3,59
17-Apr-2015,54,38,2,0,3,54
16-Apr-2015,50,40,3,0,3,50
15-Apr-2015,52,38,2,0,3,52
14-Apr-2015,56,22,2,0,2,56
13-Apr-2015,56,39,3,0,3,56
12-Apr-2015,62,26,3,0,2,62
11-Apr-2015,58,26,2,0,2,58
10-Apr-2015,52,31,2,0,3,52
09-Apr-2015,82,41,1,0,2,82
08-Apr-2015,72,43,2,0,2,72
07-Apr-2015,72,40,3,0,3,72
06-Apr-2015,61,42,3,0,3,61
05-Apr-2015,61,42,2,0,3,61
04-Apr-2015,58,42,2,0,3,58
03-Apr-2015,62,35,4,0,4,62
02-Apr-2015,63,37,3,0,4,63
01-Apr-2015,54,36,1,0,2,54
31-Mar-2015,56,43,2,0,3,56
30-Mar-2015,58,46,2,0,4,58
29-Mar-2015,64,32,2,0,3,64
28-Mar-2015,64,35,2,0,3,64
27-Mar-2015,64,37,2,0,3,64
26-Mar-2015,62,39,3,0,4,62
25-Mar-2015,58,40,2,0,3,58
24-Mar-2015,58,31,2,0,3,58
23-Mar-2015,59,30,3,0,4,59
22-Mar-2015,48,32,4,0,4,48
21-Mar-2015,47,28,3,0,3,47
20-Mar-2015,50,28,2,0,2,50
19-Mar-2015,46,28,2,0,3,46
18-Mar-2015,53,36,2,0,4,53
17-Mar-2015,51,37,2,0,4,51
16-Mar-2015,49,37,1,0,3,49
15-Mar-2015,58,38,2,0,3,58
14-Mar-2015,56,32,2,0,3,56
13-Mar-2015,88,30,2,0,4,88
12-Mar-2015,57,38,2,0,3,57
11-Mar-2015,62,40,2,0,3,62
10-Mar-2015,57,42,3,0,4,57
09-Mar-2015,50,36,2,0,2,50
08-Mar-2015,54,36,2,0,3,54
07-Mar-2015,50,32,2,0,4,50
06-Mar-2015,51,29,2,0,4,51
05-Mar-2015,50,32,2,0,3,50
04-Mar-2015,52,38,2,0,3,52
03-Mar-2015,59,37,2,0,3,59
02-Mar-2015,45,26,2,0,3,45
01-Mar-2015,54,42,2,0,5,54
28-Feb-2015,56,33,1,0,4,56
27-Feb-2015,64,32,2,0,3,64
26-Feb-2015,50,32,2,0,4,50
25-Feb-2015,46,34,3,0,4,46
24-Feb-2015,52,24,2,0,5,52
23-Feb-2015,48,22,3,0,4,48
22-Feb-2015,52,22,2,0,5,52
21-Feb-2015,46,24,2,0,4,46
20-Feb-2015,40,21,2,0,4,40
19-Feb-2015,49,20,4,0,5,49
18-Feb-2015,56,22,5,0,5,56
17-Feb-2015,65,21,2,0,4,65
16-Feb-2015,48,10,1,0,2,48
15-Feb-2015,40,12,1,0,3,40
14-Feb-2015,52,14,2,0,4,52
13-Feb-2015,68,30,3,0,6,68
12-Feb-2015,57,38,5,0,4,57
11-Feb-2015,56,33,9,0,4,56
10-Feb-2015,46,32,6,0,5,46
09-Feb-2015,56,37,2,0,3,56
08-Feb-2015,65,31,1,0,3,65
07-Feb-2015,64,32,1,0,3,64
06-Feb-2015,42,21,1,0,3,42
05-Feb-2015,43,20,2,0,3,43
04-Feb-2015,44,18,2,0,2,44
03-Feb-2015,63,24,2,0,3,63
02-Feb-2015,34,18,3,0,4,34
01-Feb-2015,55,26,10,0,5,55
31-Jan-2015,44,20,4,0,4,44
30-Jan-2015,36,22,3,0,4,36
29-Jan-2015,32,22,2,0,4,32
26-Jan-2015,43,18,3,0,4,43
19-Jan-2015,43,24,6,0,4,43
18-Jan-2015,54,26,6,0,4,54
17-Jan-2015,56,20,4,0,5,56
16-Jan-2015,57,24,2,0,4,57
15-Jan-2015,52,23,3,0,4,52
